<?xml version="1.0"?>
<doc>
    <assembly>
        <name>Microsoft.Extensions.Configuration.Xml</name>
    </assembly>
    <members>
        <member name="T:Microsoft.Extensions.Configuration.XmlConfigurationExtensions">
            <summary>
            Extension methods for adding <see cref="T:Microsoft.Extensions.Configuration.Xml.XmlConfigurationProvider"/>.
             | 百度译文：加法的扩展方法<see cref="T:Microsoft.Extensions.Configuration.Xml.XmlConfigurationProvider"/>.
            </summary>
        </member>
        <member name="M:Microsoft.Extensions.Configuration.XmlConfigurationExtensions.AddXmlFile(Microsoft.Extensions.Configuration.IConfigurationBuilder,System.String)">
            <summary>
            Adds the XML configuration provider at <paramref name="path"/> to <paramref name="builder"/>.
            </summary>
            <param name="builder">The <see cref="T:Microsoft.Extensions.Configuration.IConfigurationBuilder"/> to add to.</param>
            <param name="path">Path relative to the base path stored in
            <see cref="P:Microsoft.Extensions.Configuration.IConfigurationBuilder.Properties"/> of <paramref name="builder"/>.</param>
            <returns>The <see cref="T:Microsoft.Extensions.Configuration.IConfigurationBuilder"/>.</returns>
        </member>
        <member name="M:Microsoft.Extensions.Configuration.XmlConfigurationExtensions.AddXmlFile(Microsoft.Extensions.Configuration.IConfigurationBuilder,System.String,System.Boolean)">
            <summary>
            Adds the XML configuration provider at <paramref name="path"/> to <paramref name="builder"/>.
            </summary>
            <param name="builder">The <see cref="T:Microsoft.Extensions.Configuration.IConfigurationBuilder"/> to add to.</param>
            <param name="path">Path relative to the base path stored in
            <see cref="P:Microsoft.Extensions.Configuration.IConfigurationBuilder.Properties"/> of <paramref name="builder"/>.</param>
            <param name="optional">Whether the file is optional.</param>
            <returns>The <see cref="T:Microsoft.Extensions.Configuration.IConfigurationBuilder"/>.</returns>
        </member>
        <member name="M:Microsoft.Extensions.Configuration.XmlConfigurationExtensions.AddXmlFile(Microsoft.Extensions.Configuration.IConfigurationBuilder,System.String,System.Boolean,System.Boolean)">
            <summary>
            Adds the XML configuration provider at <paramref name="path"/> to <paramref name="builder"/>.
            </summary>
            <param name="builder">The <see cref="T:Microsoft.Extensions.Configuration.IConfigurationBuilder"/> to add to.</param>
            <param name="path">Path relative to the base path stored in
            <see cref="P:Microsoft.Extensions.Configuration.IConfigurationBuilder.Properties"/> of <paramref name="builder"/>.</param>
            <param name="optional">Whether the file is optional.</param>
            <param name="reloadOnChange">Whether the configuration should be reloaded if the file changes.</param>
            <returns>The <see cref="T:Microsoft.Extensions.Configuration.IConfigurationBuilder"/>.</returns>
        </member>
        <member name="M:Microsoft.Extensions.Configuration.XmlConfigurationExtensions.AddXmlFile(Microsoft.Extensions.Configuration.IConfigurationBuilder,Microsoft.Extensions.FileProviders.IFileProvider,System.String,System.Boolean,System.Boolean)">
            <summary>
            Adds a XML configuration source to <paramref name="builder"/>.
             | 百度译文：向<paramref name="builder"/>添加XML配置源。
            </summary>
            <param name="builder">The <see cref="T:Microsoft.Extensions.Configuration.IConfigurationBuilder"/> to add to.</param>
            <param name="provider">The <see cref="T:Microsoft.Extensions.FileProviders.IFileProvider"/> to use to access the file.</param>
            <param name="path">Path relative to the base path stored in
            <see cref="P:Microsoft.Extensions.Configuration.IConfigurationBuilder.Properties"/> of <paramref name="builder"/>.</param>
            <param name="optional">Whether the file is optional.</param>
            <param name="reloadOnChange">Whether the configuration should be reloaded if the file changes.</param>
            <returns>The <see cref="T:Microsoft.Extensions.Configuration.IConfigurationBuilder"/>.</returns>
        </member>
        <member name="M:Microsoft.Extensions.Configuration.XmlConfigurationExtensions.AddXmlFile(Microsoft.Extensions.Configuration.IConfigurationBuilder,System.Action{Microsoft.Extensions.Configuration.Xml.XmlConfigurationSource})">
            <summary>
            Adds a XML configuration source to <paramref name="builder"/>.
             | 百度译文：向<paramref name="builder"/>添加XML配置源。
            </summary>
            <param name="builder">The <see cref="T:Microsoft.Extensions.Configuration.IConfigurationBuilder"/> to add to.</param>
            <param name="configureSource">Configures the source.</param>
            <returns>The <see cref="T:Microsoft.Extensions.Configuration.IConfigurationBuilder"/>.</returns>
        </member>
        <member name="M:Microsoft.Extensions.Configuration.XmlConfigurationExtensions.AddXmlStream(Microsoft.Extensions.Configuration.IConfigurationBuilder,System.IO.Stream)">
            <summary>
            Adds a XML configuration source to <paramref name="builder"/>.
             | 百度译文：向<paramref name="builder"/>添加XML配置源。
            </summary>
            <param name="builder">The <see cref="T:Microsoft.Extensions.Configuration.IConfigurationBuilder"/> to add to.</param>
            <param name="stream">The <see cref="T:System.IO.Stream"/> to read the XML configuration data from.</param>
            <returns>The <see cref="T:Microsoft.Extensions.Configuration.IConfigurationBuilder"/>.</returns>
        </member>
        <member name="T:Microsoft.Extensions.Configuration.Xml.XmlConfigurationProvider">
            <summary>
            Represents an XML file as an <see cref="T:Microsoft.Extensions.Configuration.IConfigurationSource"/>.
             | 百度译文：将XML文件表示为<see cref="T:Microsoft.Extensions.Configuration.IConfigurationSource"/>。
            </summary>
        </member>
        <member name="M:Microsoft.Extensions.Configuration.Xml.XmlConfigurationProvider.#ctor(Microsoft.Extensions.Configuration.Xml.XmlConfigurationSource)">
            <summary>
            Initializes a new instance with the specified source.
            </summary>
            <param name="source">The source settings.</param>
        </member>
        <member name="M:Microsoft.Extensions.Configuration.Xml.XmlConfigurationProvider.Load(System.IO.Stream)">
            <summary>
            Loads the XML data from a stream.
            </summary>
            <param name="stream">The stream to read.</param>
        </member>
        <member name="T:Microsoft.Extensions.Configuration.Xml.XmlConfigurationSource">
            <summary>
            An XML file based <see cref="T:Microsoft.Extensions.Configuration.FileConfigurationSource"/>.
            </summary>
        </member>
        <member name="M:Microsoft.Extensions.Configuration.Xml.XmlConfigurationSource.Build(Microsoft.Extensions.Configuration.IConfigurationBuilder)">
            <summary>
            Builds the <see cref="T:Microsoft.Extensions.Configuration.Xml.XmlConfigurationProvider"/> for this source.
            </summary>
            <param name="builder">The <see cref="T:Microsoft.Extensions.Configuration.IConfigurationBuilder"/>.</param>
            <returns>A <see cref="T:Microsoft.Extensions.Configuration.Xml.XmlConfigurationProvider"/></returns>
        </member>
        <member name="T:Microsoft.Extensions.Configuration.Xml.XmlDocumentDecryptor">
            <summary>
            Class responsible for encrypting and decrypting XML.
             | 百度译文：类负责加密和解密XML。
            </summary>
        </member>
        <member name="F:Microsoft.Extensions.Configuration.Xml.XmlDocumentDecryptor.Instance">
            <summary>
            Accesses the singleton decryptor instance.
            </summary>
        </member>
        <member name="M:Microsoft.Extensions.Configuration.Xml.XmlDocumentDecryptor.#ctor">
            <summary>
            Initializes a XmlDocumentDecryptor.
            </summary>
        </member>
        <member name="M:Microsoft.Extensions.Configuration.Xml.XmlDocumentDecryptor.CreateDecryptingXmlReader(System.IO.Stream,System.Xml.XmlReaderSettings)">
            <summary>
            Returns an XmlReader that decrypts data transparently.
             | 百度译文：返回透明解密数据的XmlReader。
            </summary>
        </member>
        <member name="M:Microsoft.Extensions.Configuration.Xml.XmlDocumentDecryptor.DecryptDocumentAndCreateXmlReader(System.Xml.XmlDocument)">
            <summary>
            Creates a reader that can decrypt an encrypted XML document.
             | 百度译文：创建可以解密加密XML文档的读取器。
            </summary>
            <param name="document">The document.</param>
            <returns>An XmlReader which can read the document.</returns>
        </member>
        <member name="T:Microsoft.Extensions.Configuration.Xml.XmlStreamConfigurationProvider">
            <summary>
            An XML file based <see cref="T:Microsoft.Extensions.Configuration.IConfigurationProvider"/>.
            </summary>
        </member>
        <member name="M:Microsoft.Extensions.Configuration.Xml.XmlStreamConfigurationProvider.#ctor(Microsoft.Extensions.Configuration.Xml.XmlStreamConfigurationSource)">
            <summary>
            Constructor.
             | 百度译文：建造师。
            </summary>
            <param name="source">The <see cref="T:Microsoft.Extensions.Configuration.Xml.XmlStreamConfigurationSource"/>.</param>
        </member>
        <member name="M:Microsoft.Extensions.Configuration.Xml.XmlStreamConfigurationProvider.Read(System.IO.Stream,Microsoft.Extensions.Configuration.Xml.XmlDocumentDecryptor)">
            <summary>
            Read a stream of XML values into a key/value dictionary.
             | 百度译文：将XML值流读入键/值字典。
            </summary>
            <param name="stream">The stream of XML data.</param>
            <param name="decryptor">The <see cref="T:Microsoft.Extensions.Configuration.Xml.XmlDocumentDecryptor"/> to use to decrypt.</param>
            <returns>The <see cref="T:System.Collections.Generic.IDictionary`2"/> which was read from the stream.</returns>
        </member>
        <member name="M:Microsoft.Extensions.Configuration.Xml.XmlStreamConfigurationProvider.Load(System.IO.Stream)">
            <summary>
            Loads XML configuration key/values from a stream into a provider.
            </summary>
            <param name="stream">The <see cref="T:System.IO.Stream"/> to load ini configuration data from.</param>
        </member>
        <member name="T:Microsoft.Extensions.Configuration.Xml.XmlStreamConfigurationSource">
            <summary>
            Represents a XML file as an <see cref="T:Microsoft.Extensions.Configuration.IConfigurationSource"/>.
             | 百度译文：将XML文件表示为<see cref="T:Microsoft.Extensions.Configuration.IConfigurationSource"/>。
            </summary>
        </member>
        <member name="M:Microsoft.Extensions.Configuration.Xml.XmlStreamConfigurationSource.Build(Microsoft.Extensions.Configuration.IConfigurationBuilder)">
            <summary>
            Builds the <see cref="T:Microsoft.Extensions.Configuration.Xml.XmlStreamConfigurationProvider"/> for this source.
            </summary>
            <param name="builder">The <see cref="T:Microsoft.Extensions.Configuration.IConfigurationBuilder"/>.</param>
            <returns>An <see cref="T:Microsoft.Extensions.Configuration.Xml.XmlStreamConfigurationProvider"/></returns>
        </member>
        <member name="P:System.SR.Error_InvalidFilePath">
            <summary>File path must be a non-empty string. | 百度译文：文件路径必须是非空字符串。
            </summary>
        </member>
        <member name="P:System.SR.Error_KeyIsDuplicated">
            <summary>A duplicate key '{0}' was found.{1}</summary>
        </member>
        <member name="P:System.SR.Error_NamespaceIsNotSupported">
            <summary>XML namespaces are not supported.{0} | 百度译文：不支持XML命名空间。{0}
            </summary>
        </member>
        <member name="P:System.SR.Error_UnsupportedNodeType">
            <summary>Unsupported node type '{0}' was found.{1}</summary>
        </member>
        <member name="P:System.SR.Msg_LineInfo">
            <summary>Line {0}, position {1}. | 百度译文：行{0}，位置{1}。
            </summary>
        </member>
    </members>
</doc>