<?xml version="1.0"?>
<doc>
    <assembly>
        <name>Microsoft.AspNetCore.ResponseCaching</name>
    </assembly>
    <members>
        <member name="M:Microsoft.AspNetCore.ResponseCaching.IResponseCache.Get(System.String)">
            <summary>
            Gets the cached response for the given key, if it exists.
            If no cached response exists for the given key, <c>null</c> is returned.
             | 百度译文：获取给定键的缓存响应（如果存在）。如果给定键不存在缓存响应，则返回<c>null</c>。
            </summary>
            <param name="key">The cache key to look up.</param>
            <returns>The response cache entry if it exists; otherwise <c>null</c>.</returns>
        </member>
        <member name="M:Microsoft.AspNetCore.ResponseCaching.IResponseCache.Set(System.String,Microsoft.AspNetCore.ResponseCaching.IResponseCacheEntry,System.TimeSpan)">
            <summary>
            Stores the given response in the response cache.
             | 百度译文：将给定的响应存储在响应缓存中。
            </summary>
            <param name="key">The cache key to store the response under.</param>
            <param name="entry">The response cache entry to store.</param>
            <param name="validFor">The amount of time the entry will be kept in the cache before expiring, relative to now.</param>
        </member>
        <member name="M:Microsoft.AspNetCore.ResponseCaching.IResponseCachingKeyProvider.CreateBaseKey(Microsoft.AspNetCore.ResponseCaching.ResponseCachingContext)">
            <summary>
            Create a base key for a response cache entry.
             | 百度译文：为响应缓存项创建基键。
            </summary>
            <param name="context">The <see cref="T:Microsoft.AspNetCore.ResponseCaching.ResponseCachingContext"/>.</param>
            <returns>The created base key.</returns>
        </member>
        <member name="M:Microsoft.AspNetCore.ResponseCaching.IResponseCachingKeyProvider.CreateStorageVaryByKey(Microsoft.AspNetCore.ResponseCaching.ResponseCachingContext)">
            <summary>
            Create a vary key for storing cached responses.
             | 百度译文：创建用于存储缓存响应的vary键。
            </summary>
            <param name="context">The <see cref="T:Microsoft.AspNetCore.ResponseCaching.ResponseCachingContext"/>.</param>
            <returns>The created vary key.</returns>
        </member>
        <member name="M:Microsoft.AspNetCore.ResponseCaching.IResponseCachingKeyProvider.CreateLookupVaryByKeys(Microsoft.AspNetCore.ResponseCaching.ResponseCachingContext)">
            <summary>
            Create one or more vary keys for looking up cached responses.
             | 百度译文：创建一个或多个vary键以查找缓存的响应。
            </summary>
            <param name="context">The <see cref="T:Microsoft.AspNetCore.ResponseCaching.ResponseCachingContext"/>.</param>
            <returns>An ordered <see cref="T:System.Collections.Generic.IEnumerable`1"/> containing the vary keys to try when looking up items.</returns>
        </member>
        <member name="M:Microsoft.AspNetCore.ResponseCaching.IResponseCachingPolicyProvider.AttemptResponseCaching(Microsoft.AspNetCore.ResponseCaching.ResponseCachingContext)">
            <summary>
            Determine whether the response caching logic should be attempted for the incoming HTTP request.
             | 百度译文：确定是否应对传入的HTTP请求尝试响应缓存逻辑。
            </summary>
            <param name="context">The <see cref="T:Microsoft.AspNetCore.ResponseCaching.ResponseCachingContext"/>.</param>
            <returns><c>true</c> if response caching logic should be attempted; otherwise <c>false</c>.</returns>
        </member>
        <member name="M:Microsoft.AspNetCore.ResponseCaching.IResponseCachingPolicyProvider.AllowCacheLookup(Microsoft.AspNetCore.ResponseCaching.ResponseCachingContext)">
            <summary>
            Determine whether a cache lookup is allowed for the incoming HTTP request.
             | 百度译文：确定是否允许对传入的HTTP请求进行缓存查找。
            </summary>
            <param name="context">The <see cref="T:Microsoft.AspNetCore.ResponseCaching.ResponseCachingContext"/>.</param>
            <returns><c>true</c> if cache lookup for this request is allowed; otherwise <c>false</c>.</returns>
        </member>
        <member name="M:Microsoft.AspNetCore.ResponseCaching.IResponseCachingPolicyProvider.AllowCacheStorage(Microsoft.AspNetCore.ResponseCaching.ResponseCachingContext)">
            <summary>
            Determine whether storage of the response is allowed for the incoming HTTP request.
             | 百度译文：确定是否允许对传入的HTTP请求存储响应。
            </summary>
            <param name="context">The <see cref="T:Microsoft.AspNetCore.ResponseCaching.ResponseCachingContext"/>.</param>
            <returns><c>true</c> if storage of the response for this request is allowed; otherwise <c>false</c>.</returns>
        </member>
        <member name="M:Microsoft.AspNetCore.ResponseCaching.IResponseCachingPolicyProvider.IsResponseCacheable(Microsoft.AspNetCore.ResponseCaching.ResponseCachingContext)">
            <summary>
            Determine whether the response received by the middleware can be cached for future requests.
             | 百度译文：确定中间件接收到的响应是否可以缓存以备将来的请求。
            </summary>
            <param name="context">The <see cref="T:Microsoft.AspNetCore.ResponseCaching.ResponseCachingContext"/>.</param>
            <returns><c>true</c> if the response is cacheable; otherwise <c>false</c>.</returns>
        </member>
        <member name="M:Microsoft.AspNetCore.ResponseCaching.IResponseCachingPolicyProvider.IsCachedEntryFresh(Microsoft.AspNetCore.ResponseCaching.ResponseCachingContext)">
            <summary>
            Determine whether the response retrieved from the response cache is fresh and can be served.
             | 百度译文：确定从响应缓存中检索到的响应是否是新的并且可以提供服务。
            </summary>
            <param name="context">The <see cref="T:Microsoft.AspNetCore.ResponseCaching.ResponseCachingContext"/>.</param>
            <returns><c>true</c> if the cached entry is fresh; otherwise <c>false</c>.</returns>
        </member>
        <member name="T:Microsoft.AspNetCore.ResponseCaching.ISystemClock">
            <summary>
            Abstracts the system clock to facilitate testing.
             | 百度译文：抽象系统时钟以便于测试。
            </summary>
        </member>
        <member name="P:Microsoft.AspNetCore.ResponseCaching.ISystemClock.UtcNow">
            <summary>
            Retrieves the current system time in UTC.
             | 百度译文：检索UTC格式的当前系统时间。
            </summary>
        </member>
        <member name="T:Microsoft.AspNetCore.ResponseCaching.LoggerExtensions">
            <summary>
            Defines *all* the logger messages produced by response caching
             | 百度译文：定义*所有*由响应缓存生成的记录器消息
            </summary>
        </member>
        <member name="T:Microsoft.AspNetCore.ResponseCaching.ResponseCachingFeature">
            Default implementation for <see cref="T:Microsoft.AspNetCore.ResponseCaching.IResponseCachingFeature" />
        </member>
        <member name="P:Microsoft.AspNetCore.ResponseCaching.ResponseCachingFeature.VaryByQueryKeys">
            <inheritdoc />
        </member>
        <member name="T:Microsoft.AspNetCore.ResponseCaching.ResponseCachingMiddleware">
            <summary>
            Enable HTTP response caching.
             | 百度译文：启用HTTP响应缓存。
            </summary>
        </member>
        <member name="M:Microsoft.AspNetCore.ResponseCaching.ResponseCachingMiddleware.#ctor(Microsoft.AspNetCore.Http.RequestDelegate,Microsoft.Extensions.Options.IOptions{Microsoft.AspNetCore.ResponseCaching.ResponseCachingOptions},Microsoft.Extensions.Logging.ILoggerFactory,Microsoft.Extensions.ObjectPool.ObjectPoolProvider)">
            <summary>
            Creates a new <see cref="T:Microsoft.AspNetCore.ResponseCaching.ResponseCachingMiddleware"/>.
             | 百度译文：创建一个新的<see cref="T:Microsoft.AspNetCore.ResponseCaching.ResponseCachingMiddleware"/>。
            </summary>
            <param name="next">The <see cref="T:Microsoft.AspNetCore.Http.RequestDelegate"/> representing the next middleware in the pipeline.</param>
            <param name="options">The options for this middleware.</param>
            <param name="loggerFactory">The <see cref="T:Microsoft.Extensions.Logging.ILoggerFactory"/> used for logging.</param>
            <param name="poolProvider">The <see cref="T:Microsoft.Extensions.ObjectPool.ObjectPoolProvider"/> used for creating <see cref="T:Microsoft.Extensions.ObjectPool.ObjectPool"/> instances.</param>
        </member>
        <member name="M:Microsoft.AspNetCore.ResponseCaching.ResponseCachingMiddleware.Invoke(Microsoft.AspNetCore.Http.HttpContext)">
            <summary>
            Invokes the logic of the middleware.
             | 百度译文：调用中间件的逻辑。
            </summary>
            <param name="httpContext">The <see cref="T:Microsoft.AspNetCore.Http.HttpContext"/>.</param>
            <returns>A <see cref="T:System.Threading.Tasks.Task"/> that completes when the middleware has completed processing.</returns>
        </member>
        <member name="M:Microsoft.AspNetCore.ResponseCaching.ResponseCachingMiddleware.OnFinalizeCacheHeaders(Microsoft.AspNetCore.ResponseCaching.ResponseCachingContext)">
            <summary>
            Finalize cache headers.
             | 百度译文：完成缓存头。
            </summary>
            <param name="context"></param>
            <returns><c>true</c> if a vary by entry needs to be stored in the cache; otherwise <c>false</c>.</returns>
        </member>
        <member name="M:Microsoft.AspNetCore.ResponseCaching.ResponseCachingMiddleware.OnStartResponse(Microsoft.AspNetCore.ResponseCaching.ResponseCachingContext)">
            <summary>
            Mark the response as started and set the response time if no reponse was started yet.
             | 百度译文：将响应标记为已启动，如果尚未启动响应，则设置响应时间。
            </summary>
            <param name="context"></param>
            <returns><c>true</c> if the response was not started before this call; otherwise <c>false</c>.</returns>
        </member>
        <member name="T:Microsoft.AspNetCore.ResponseCaching.ResponseCachingOptions">
            <summary>
            Options for configuring the <see cref="T:Microsoft.AspNetCore.ResponseCaching.ResponseCachingMiddleware"/>.
             | 百度译文：用于配置<see cref="T:Microsoft.AspNetCore.ResponseCaching.ResponseCachingMiddleware"/>。
            </summary>
        </member>
        <member name="P:Microsoft.AspNetCore.ResponseCaching.ResponseCachingOptions.SizeLimit">
            <summary>
            The size limit for the response cache middleware in bytes. The default is set to 100 MB.
            When this limit is exceeded, no new responses will be cached until older entries are
            evicted.
             | 百度译文：响应缓存中间件的大小限制（以字节为单位）。默认设置为100 MB。当超过此限制时，将不会缓存新的响应，直到收回旧的条目。
            </summary>
        </member>
        <member name="P:Microsoft.AspNetCore.ResponseCaching.ResponseCachingOptions.MaximumBodySize">
            <summary>
            The largest cacheable size for the response body in bytes. The default is set to 64 MB.
            If the response body exceeds this limit, it will not be cached by the <see cref="T:Microsoft.AspNetCore.ResponseCaching.ResponseCachingMiddleware"/>.
             | 百度译文：响应正文的最大可缓存大小（字节）。默认设置为64 MB。如果响应正文超过此限制，则不会由<see cref="T:Microsoft.AspNetCore.ResponseCaching.ResponseCachingMiddleware"/>。
            </summary>
        </member>
        <member name="P:Microsoft.AspNetCore.ResponseCaching.ResponseCachingOptions.UseCaseSensitivePaths">
            <summary>
            <c>true</c> if request paths are case-sensitive; otherwise <c>false</c>. The default is to treat paths as case-insensitive.
             | 百度译文：<c> 如果请求路径区分大小写，则为true；否则为false。默认情况下，将路径视为不区分大小写。
            </summary>
        </member>
        <member name="P:Microsoft.AspNetCore.ResponseCaching.ResponseCachingOptions.SystemClock">
            <summary>
            For testing purposes only.
             | 百度译文：仅用于测试目的。
            </summary>
        </member>
        <member name="P:Microsoft.AspNetCore.ResponseCaching.StreamUtilities.BodySegmentSize">
            <summary>
            The segment size for buffering the response body in bytes. The default is set to 80 KB (81920 Bytes) to avoid allocations on the LOH.
             | 百度译文：用于缓冲响应正文的段大小（以字节为单位）。默认设置为80 KB（81920字节），以避免在LOH上分配。
            </summary>
        </member>
        <member name="T:Microsoft.AspNetCore.ResponseCaching.SystemClock">
            <summary>
            Provides access to the normal system clock.
             | 百度译文：提供对正常系统时钟的访问。
            </summary>
        </member>
        <member name="P:Microsoft.AspNetCore.ResponseCaching.SystemClock.UtcNow">
            <summary>
            Retrieves the current system time in UTC.
             | 百度译文：检索UTC格式的当前系统时间。
            </summary>
        </member>
        <member name="T:Microsoft.AspNetCore.Builder.ResponseCachingExtensions">
            <summary>
            Extension methods for adding the <see cref="T:Microsoft.AspNetCore.ResponseCaching.ResponseCachingMiddleware"/> to an application.
             | 百度译文：用于添加<see cref="T:Microsoft.AspNetCore.ResponseCaching.ResponseCachingMiddleware"/>到应用程序。
            </summary>
        </member>
        <member name="M:Microsoft.AspNetCore.Builder.ResponseCachingExtensions.UseResponseCaching(Microsoft.AspNetCore.Builder.IApplicationBuilder)">
            <summary>
            Adds the <see cref="T:Microsoft.AspNetCore.ResponseCaching.ResponseCachingMiddleware"/> for caching HTTP responses.
             | 百度译文：添加<see cref="T:Microsoft.AspNetCore.ResponseCaching.ResponseCachingMiddleware"/>用于缓存HTTP响应。
            </summary>
            <param name="app">The <see cref="T:Microsoft.AspNetCore.Builder.IApplicationBuilder"/>.</param>
        </member>
        <member name="T:Microsoft.Extensions.DependencyInjection.ResponseCachingServicesExtensions">
            <summary>
            Extension methods for the ResponseCaching middleware.
             | 百度译文：响应缓存中间件的扩展方法。
            </summary>
        </member>
        <member name="M:Microsoft.Extensions.DependencyInjection.ResponseCachingServicesExtensions.AddResponseCaching(Microsoft.Extensions.DependencyInjection.IServiceCollection)">
            <summary>
            Add response caching services.
             | 百度译文：添加响应缓存服务。
            </summary>
            <param name="services">The <see cref="T:Microsoft.Extensions.DependencyInjection.IServiceCollection"/> for adding services.</param>
            <returns></returns>
        </member>
        <member name="M:Microsoft.Extensions.DependencyInjection.ResponseCachingServicesExtensions.AddResponseCaching(Microsoft.Extensions.DependencyInjection.IServiceCollection,System.Action{Microsoft.AspNetCore.ResponseCaching.ResponseCachingOptions})">
            <summary>
            Add response caching services and configure the related options.
             | 百度译文：添加响应缓存服务并配置相关选项。
            </summary>
            <param name="services">The <see cref="T:Microsoft.Extensions.DependencyInjection.IServiceCollection"/> for adding services.</param>
            <param name="configureOptions">A delegate to configure the <see cref="T:Microsoft.AspNetCore.ResponseCaching.ResponseCachingOptions"/>.</param>
            <returns></returns>
        </member>
    </members>
</doc>