<?xml version="1.0"?>
<doc>
    <assembly>
        <name>Microsoft.AspNetCore.Rewrite</name>
    </assembly>
    <members>
        <member name="T:Microsoft.AspNetCore.Rewrite.ApacheModRewriteOptionsExtensions">
            <summary>
            Extensions for adding Apache mod_rewrite rules to <see cref="T:Microsoft.AspNetCore.Rewrite.RewriteOptions"/>
             | 百度译文：将Apache mod_rewrite规则添加到<see cref="T:Microsoft.AspNetCore.Rewrite.RewriteOptions"/>
            </summary>
        </member>
        <member name="M:Microsoft.AspNetCore.Rewrite.ApacheModRewriteOptionsExtensions.AddApacheModRewrite(Microsoft.AspNetCore.Rewrite.RewriteOptions,Microsoft.Extensions.FileProviders.IFileProvider,System.String)">
            <summary>
            Add rules from an Apache mod_rewrite file
             | 百度译文：从Apache mod_重写文件添加规则
            </summary>
            <param name="options">The <see cref="T:Microsoft.AspNetCore.Rewrite.RewriteOptions"/></param>
            <param name="fileProvider">The <see cref="T:Microsoft.Extensions.FileProviders.IFileProvider"/> </param>
            <param name="filePath">The path to the file containing mod_rewrite rules.</param>
        </member>
        <member name="M:Microsoft.AspNetCore.Rewrite.ApacheModRewriteOptionsExtensions.AddApacheModRewrite(Microsoft.AspNetCore.Rewrite.RewriteOptions,System.IO.TextReader)">
            <summary>
            Add rules from an Apache mod_rewrite file
             | 百度译文：从Apache mod_重写文件添加规则
            </summary>
            <param name="options">The <see cref="T:Microsoft.AspNetCore.Rewrite.RewriteOptions"/></param>
            <param name="reader">A stream of mod_rewrite rules.</param>
        </member>
        <member name="T:Microsoft.AspNetCore.Rewrite.ApacheModRewrite.ConditionPatternParser">
            <summary>
            Parses the "CondPattern" portion of the RewriteCond. 
            RewriteCond TestString CondPattern
             | 百度译文：解析RewriteCond的"CondPattern"部分。重写条件测试字符串条件模式
            </summary>
        </member>
        <member name="M:Microsoft.AspNetCore.Rewrite.ApacheModRewrite.ConditionPatternParser.ParseActionCondition(System.String)">
            <summary>
            Given a CondPattern, create a ParsedConditionExpression, containing the type of operation
            and value.
            ParsedConditionExpression is an intermediary object, which will be made into a ConditionExpression
            once the flags are parsed.
             | 百度译文：给定CondPattern，创建一个包含操作类型和值的ParsedConditionExpression。ParsedConditionExpression是一个中间对象，在分析标志之后，它将被制成ConditionExpression。
            </summary>
            <param name="condition">The CondPattern portion of a mod_rewrite RewriteCond.</param>
            <returns>A new parsed condition.</returns>
        </member>
        <member name="M:Microsoft.AspNetCore.Rewrite.ApacheModRewrite.ConditionPatternParser.ParseProperty(Microsoft.AspNetCore.Rewrite.ParserContext,System.Boolean)">
            <summary>
            Given that the current index is a property (ex checks for directory or regular files), create a
            new ParsedConditionExpression with the appropriate property operation.
             | 百度译文：假定当前索引是属性（例如检查目录或常规文件），请使用适当的属性操作创建新的ParsedConditionExpression。
            </summary>
            <param name="context"></param>
            <param name="invert"></param>
            <returns></returns>
        </member>
        <member name="M:Microsoft.AspNetCore.Rewrite.ApacheModRewrite.CookieActionFactory.Create(System.String)">
            <summary>
             Creates a <see cref="T:Microsoft.AspNetCore.Rewrite.UrlActions.ChangeCookieAction" /> <see href="https://httpd.apache.org/docs/current/rewrite/flags.html#flag_co" /> for details.
             | 百度译文：创建<see cref="T:Microsoft.AspNetCore.Rewrite.UrlActions.ChangeCookieAction"/><see href="https://httpd.apache.org/docs/current/rewrite/flags.htmlflag#co"/>了解详细信息。
            </summary>
            <param name="flagValue">The flag</param>
            <returns>The action</returns>
        </member>
        <member name="T:Microsoft.AspNetCore.Rewrite.ApacheModRewrite.ServerVariables">
            <summary>
            mod_rewrite lookups for specific string constants.
             | 百度译文：mod_重写特定字符串常量的查找。
            </summary>
        </member>
        <member name="M:Microsoft.AspNetCore.Rewrite.ApacheModRewrite.ServerVariables.FindServerVariable(System.String,Microsoft.AspNetCore.Rewrite.ParserContext)">
            <summary>
            Translates mod_rewrite server variables strings to an enum of different server variables.
             | 百度译文：将mod_rewrite server variables字符串转换为不同服务器变量的枚举。
            </summary>
            <param name="serverVariable">The server variable string.</param>
            <param name="context">The Parser context</param>
            <returns>The appropriate enum if the server variable exists, else ServerVariable.None</returns>
        </member>
        <member name="T:Microsoft.AspNetCore.Rewrite.ApacheModRewrite.TestStringParser">
            <summary>
            Parses the TestString segment of the mod_rewrite condition.
             | 百度译文：解析mod_rewrite条件的TestString段。
            </summary>
        </member>
        <member name="M:Microsoft.AspNetCore.Rewrite.ApacheModRewrite.TestStringParser.Parse(System.String)">
            <summary>
            Creates a pattern, which is a template to create a new test string to 
            compare to the condition pattern. Can contain server variables, back references, etc.
             | 百度译文：创建一个模式，它是一个模板，用于创建一个新的测试字符串以与条件模式进行比较。可以包含服务器变量、反向引用等。
            </summary>
            <param name="testString">The test string portion of the RewriteCond
            Examples:
            %{REMOTE_ADDR}
            /var/www/%{REQUEST_URI}
            %1
            $1</param>
            <returns>A new <see cref="T:Microsoft.AspNetCore.Rewrite.Pattern"/>, containing a list of <see cref="T:Microsoft.AspNetCore.Rewrite.PatternSegment"/></returns>
            http://httpd.apache.org/docs/current/mod/mod_rewrite.html
        </member>
        <member name="M:Microsoft.AspNetCore.Rewrite.ApacheModRewrite.TestStringParser.ParseConditionParameter(Microsoft.AspNetCore.Rewrite.ParserContext,System.Collections.Generic.IList{Microsoft.AspNetCore.Rewrite.PatternSegment})">
            <summary>
            Obtains the condition parameter, which could either be a condition variable or a 
            server variable. Assumes the current character is immediately after the '%'.
            context, on return will be on the last character of variable captured, such that after 
            Next() is called, it will be on the character immediately after the condition parameter.
             | 百度译文：获取条件参数，该参数可以是条件变量，也可以是服务器变量。假定当前字符紧跟在"%"之后。context，on return将位于捕获的变量的最后一个字符上，这样在调用Next（）之后，它将位于condition参数之后的字符上。
            </summary>
            <param name="context">The ParserContext</param>
            <param name="results">The List of results which the new condition parameter will be added.</param>
            <returns>true </returns>
        </member>
        <member name="M:Microsoft.AspNetCore.Rewrite.ApacheModRewrite.TestStringParser.ParseLiteral(Microsoft.AspNetCore.Rewrite.ParserContext,System.Collections.Generic.IList{Microsoft.AspNetCore.Rewrite.PatternSegment})">
            <summary>
            Parse a string literal in the test string. Continues capturing until the start of a new variable type.
             | 百度译文：分析测试字符串中的字符串文本。继续捕获，直到新变量类型开始。
            </summary>
            <param name="context"></param>
            <param name="results"></param>
            <returns></returns>
        </member>
        <member name="T:Microsoft.AspNetCore.Rewrite.ApacheModRewrite.Tokenizer">
            <summary>
            Tokenizes a mod_rewrite rule, delimited by spaces.
             | 百度译文：标记mod_重写规则，用空格分隔。
            </summary>
        </member>
        <member name="M:Microsoft.AspNetCore.Rewrite.ApacheModRewrite.Tokenizer.Tokenize(System.String)">
            <summary>
            Splits a string on whitespace, ignoring spaces, creating into a list of strings.
             | 百度译文：在空白处拆分字符串，忽略空格，创建字符串列表。
            </summary>
            <param name="rule">The rule to tokenize.</param>
            <returns>A list of tokens.</returns>
        </member>
        <member name="T:Microsoft.AspNetCore.Rewrite.IISUrlRewriteOptionsExtensions">
            <summary>
            Extensions for adding IIS Url Rewrite rules to <see cref="T:Microsoft.AspNetCore.Rewrite.RewriteOptions"/>
             | 百度译文：将IIS Url重写规则添加到<see cref="T:Microsoft.AspNetCore.Rewrite.RewriteOptions"/>
            </summary>
        </member>
        <member name="M:Microsoft.AspNetCore.Rewrite.IISUrlRewriteOptionsExtensions.AddIISUrlRewrite(Microsoft.AspNetCore.Rewrite.RewriteOptions,Microsoft.Extensions.FileProviders.IFileProvider,System.String,System.Boolean)">
            <summary>
            Add rules from a IIS config file containing Url Rewrite rules
             | 百度译文：从包含Url重写规则的IIS配置文件添加规则
            </summary>
            <param name="options">The <see cref="T:Microsoft.AspNetCore.Rewrite.RewriteOptions"/></param>
            <param name="fileProvider">The <see cref="T:Microsoft.Extensions.FileProviders.IFileProvider"/> </param>
            <param name="filePath">The path to the file containing UrlRewrite rules.</param>
            <param name="alwaysUseManagedServerVariables">Server variables are by default sourced from the server if it supports the <see cref="T:Microsoft.AspNetCore.Http.Features.IServerVariablesFeature"/> feature. Use <c>true</c> to disable that behavior</param>
        </member>
        <member name="M:Microsoft.AspNetCore.Rewrite.IISUrlRewriteOptionsExtensions.AddIISUrlRewrite(Microsoft.AspNetCore.Rewrite.RewriteOptions,System.IO.TextReader,System.Boolean)">
            <summary>
            Add rules from a IIS config file containing Url Rewrite rules
             | 百度译文：从包含Url重写规则的IIS配置文件添加规则
            </summary>
            <param name="options">The <see cref="T:Microsoft.AspNetCore.Rewrite.RewriteOptions"/></param>
            <param name="reader">The text reader stream.</param>
            <param name="alwaysUseManagedServerVariables">Server variables are by default sourced from the server if it supports the <see cref="T:Microsoft.AspNetCore.Http.Features.IServerVariablesFeature"/> feature. Use <c>true</c> to disable that behavior</param>
        </member>
        <member name="M:Microsoft.AspNetCore.Rewrite.IISUrlRewrite.InputParser.ParseInputString(System.String)">
            <summary>
            Creates a pattern, which is a template to create a new test string to
            compare to the condition. Can contain server variables, back references, etc.
             | 百度译文：创建一个模式，该模式是一个模板，用于创建新的测试字符串以与条件进行比较。可以包含服务器变量、反向引用等。
            </summary>
            <param name="testString"></param>
            <returns>A new <see cref="T:Microsoft.AspNetCore.Rewrite.Pattern"/>, containing a list of <see cref="T:Microsoft.AspNetCore.Rewrite.PatternSegment"/></returns>
        </member>
        <member name="M:Microsoft.AspNetCore.Rewrite.IISUrlRewrite.InputParser.ParseInputString(System.String,Microsoft.AspNetCore.Rewrite.IISUrlRewrite.UriMatchPart)">
            <summary>
            Creates a pattern, which is a template to create a new test string to
            compare to the condition. Can contain server variables, back references, etc.
             | 百度译文：创建一个模式，该模式是一个模板，用于创建新的测试字符串以与条件进行比较。可以包含服务器变量、反向引用等。
            </summary>
            <param name="testString"></param>
            <param name="uriMatchPart">When testString evaluates to a URL segment, specify which part of the URI to evaluate.</param>
            <returns>A new <see cref="T:Microsoft.AspNetCore.Rewrite.Pattern"/>, containing a list of <see cref="T:Microsoft.AspNetCore.Rewrite.PatternSegment"/></returns>
        </member>
        <member name="M:Microsoft.AspNetCore.Rewrite.IISUrlRewrite.ServerVariables.FindServerVariable(System.String,Microsoft.AspNetCore.Rewrite.ParserContext,Microsoft.AspNetCore.Rewrite.IISUrlRewrite.UriMatchPart,System.Boolean)">
            <summary>
            Returns the matching <see cref="T:Microsoft.AspNetCore.Rewrite.PatternSegment"/> for the given <paramref name="serverVariable"/>
             | 百度译文：返回匹配的<see cref="T:Microsoft.AspNetCore.Rewrite.PatternSegment"/>对于给定的<paramref name="serverVariable"/>
            </summary>
            <param name="serverVariable">The server variable</param>
            <param name="context">The parser context which is utilized when an exception is thrown</param>
            <param name="uriMatchPart">Indicates whether the full URI or the path should be evaluated for URL segments</param>
            <param name="alwaysUseManagedServerVariables">Determines whether server variables are sourced from the managed server</param>
            <exception cref="T:System.FormatException">Thrown when the server variable is unknown</exception>
            <returns>The matching <see cref="T:Microsoft.AspNetCore.Rewrite.PatternSegment"/></returns>
        </member>
        <member name="M:Microsoft.AspNetCore.Rewrite.IISUrlRewrite.UrlRewriteFileParser.Parse(System.IO.TextReader,System.Boolean)">
            <summary>
            Parse an IIS rewrite section into a list of <see cref="T:Microsoft.AspNetCore.Rewrite.IISUrlRewrite.IISUrlRewriteRule"/>s.
             | 百度译文：将IIS重写节解析为<see cref="T:Microsoft.AspNetCore.Rewrite.IISUrlRewrite.IISUrlRewriteRule"/>s。
            </summary>
            <param name="reader">The reader containing the rewrite XML</param>
            <param name="alwaysUseManagedServerVariables">Determines whether server variables will be sourced from the managed server</param>
        </member>
        <member name="T:Microsoft.AspNetCore.Rewrite.IRule">
            <summary>
            Represents a rule.
             | 百度译文：表示规则。
            </summary>
        </member>
        <member name="M:Microsoft.AspNetCore.Rewrite.IRule.ApplyRule(Microsoft.AspNetCore.Rewrite.RewriteContext)">
            <summary>
            Applies the rule.
            Implementations of ApplyRule should set the value for <see cref="P:Microsoft.AspNetCore.Rewrite.RewriteContext.Result"/>
            (defaults to RuleResult.ContinueRules)
             | 百度译文：应用规则。ApplyRule的实现应该设置<see cref="P:Microsoft.AspNetCore.Rewrite.重写上下文。结果"/>（默认为RuleResult.ContinueRules)
            </summary>
            <param name="context"></param>
        </member>
        <member name="T:Microsoft.AspNetCore.Rewrite.ParserContext">
            <summary>
            Represents a string iterator, with captures.
             | 百度译文：表示包含捕获的字符串迭代器。
            </summary>
        </member>
        <member name="T:Microsoft.AspNetCore.Rewrite.RewriteContext">
            <summary>
            A context object for <see cref="T:Microsoft.AspNetCore.Rewrite.RewriteMiddleware"/>
             | 百度译文：的上下文对象<see cref="T:Microsoft.AspNetCore.Rewrite.RewriteMiddleware"/>
            </summary>
        </member>
        <member name="P:Microsoft.AspNetCore.Rewrite.RewriteContext.HttpContext">
            <summary>
            Gets and sets the <see cref="P:Microsoft.AspNetCore.Rewrite.RewriteContext.HttpContext"/>
             | 百度译文：获取并设置<see cref="P:Microsoft.AspNetCore.Rewrite.重写上下文.HttpContext"/>
            </summary>
        </member>
        <member name="P:Microsoft.AspNetCore.Rewrite.RewriteContext.StaticFileProvider">
            <summary>
            Gets and sets the File Provider for file and directory checks.
             | 百度译文：获取并设置用于文件和目录检查的文件提供程序。
            </summary>
        </member>
        <member name="P:Microsoft.AspNetCore.Rewrite.RewriteContext.Logger">
            <summary>
            Gets and sets the logger
             | 百度译文：获取和设置记录器
            </summary>
        </member>
        <member name="P:Microsoft.AspNetCore.Rewrite.RewriteContext.Result">
            <summary>
            A shared result that is set appropriately by each rule for the next action that
            should be taken. See <see cref="T:Microsoft.AspNetCore.Rewrite.RuleResult"/>
             | 百度译文：一种共享结果，由每个规则为下一个应采取的操作适当地设置。参见<See cref="T:Microsoft.AspNetCore.Rewrite.RuleResult"/>
            </summary>
        </member>
        <member name="T:Microsoft.AspNetCore.Rewrite.RewriteMiddleware">
            <summary>
            Represents a middleware that rewrites urls
             | 百度译文：表示重写URL的中间件
            </summary>
        </member>
        <member name="M:Microsoft.AspNetCore.Rewrite.RewriteMiddleware.#ctor(Microsoft.AspNetCore.Http.RequestDelegate,Microsoft.AspNetCore.Hosting.IWebHostEnvironment,Microsoft.Extensions.Logging.ILoggerFactory,Microsoft.Extensions.Options.IOptions{Microsoft.AspNetCore.Rewrite.RewriteOptions})">
            <summary>
            Creates a new instance of <see cref="T:Microsoft.AspNetCore.Rewrite.RewriteMiddleware"/>
             | 百度译文：创建<see cref="T:Microsoft.AspNetCore.Rewrite.RewriteMiddleware"/>
            </summary>
            <param name="next">The delegate representing the next middleware in the request pipeline.</param>
            <param name="hostingEnvironment">The Hosting Environment.</param>
            <param name="loggerFactory">The Logger Factory.</param>
            <param name="options">The middleware options, containing the rules to apply.</param>
        </member>
        <member name="M:Microsoft.AspNetCore.Rewrite.RewriteMiddleware.Invoke(Microsoft.AspNetCore.Http.HttpContext)">
            <summary>
            Executes the middleware.
             | 百度译文：执行中间件。
            </summary>
            <param name="context">The <see cref="T:Microsoft.AspNetCore.Http.HttpContext"/> for the current request.</param>
            <returns>A task that represents the execution of this middleware.</returns>
        </member>
        <member name="T:Microsoft.AspNetCore.Rewrite.RewriteOptions">
            <summary>
            Options for the <see cref="T:Microsoft.AspNetCore.Rewrite.RewriteMiddleware"/>
             | 百度译文：选项<see cref="T:Microsoft.AspNetCore.Rewrite.RewriteMiddleware"/>
            </summary>
        </member>
        <member name="P:Microsoft.AspNetCore.Rewrite.RewriteOptions.Rules">
            <summary>
            A list of <see cref="T:Microsoft.AspNetCore.Rewrite.IRule"/> that will be applied in order upon a request.
             | 百度译文：一份<see cref="T:Microsoft.AspNetCore.Rewrite.IRule"/>将根据请求按顺序应用。
            </summary>
        </member>
        <member name="P:Microsoft.AspNetCore.Rewrite.RewriteOptions.StaticFileProvider">
            <summary>
            Gets and sets the File Provider for file and directory checks. Defaults to <see cref="P:Microsoft.AspNetCore.Hosting.IHostingEnvironment.WebRootFileProvider"/>
             | 百度译文：获取并设置用于文件和目录检查的文件提供程序。默认值为<see cref="P:Microsoft.AspNetCore.Hosting.IHostingEnvironment.WebRootFileProvider"/>
            </summary>
        </member>
        <member name="T:Microsoft.AspNetCore.Rewrite.RewriteOptionsExtensions">
            <summary>
            The builder to a list of rules for <see cref="T:Microsoft.AspNetCore.Rewrite.RewriteOptions"/> and <see cref="T:Microsoft.AspNetCore.Rewrite.RewriteMiddleware"/>
             | 百度译文：规则列表的生成器<see cref="T:Microsoft.AspNetCore.Rewrite.RewriteOptions"/>和<see cref="T:Microsoft.AspNetCore.Rewrite.RewriteMiddleware"/>
            </summary>
        </member>
        <member name="M:Microsoft.AspNetCore.Rewrite.RewriteOptionsExtensions.Add(Microsoft.AspNetCore.Rewrite.RewriteOptions,Microsoft.AspNetCore.Rewrite.IRule)">
            <summary>
            Adds a rule to the current rules.
             | 百度译文：将规则添加到当前规则中。
            </summary>
            <param name="options">The <see cref="T:Microsoft.AspNetCore.Rewrite.RewriteOptions"/>.</param>
            <param name="rule">A rule to be added to the current rules.</param>
            <returns>The Rewrite options.</returns>
        </member>
        <member name="M:Microsoft.AspNetCore.Rewrite.RewriteOptionsExtensions.Add(Microsoft.AspNetCore.Rewrite.RewriteOptions,System.Action{Microsoft.AspNetCore.Rewrite.RewriteContext})">
            <summary>
            Adds a rule to the current rules.
             | 百度译文：将规则添加到当前规则中。
            </summary>
            <param name="options">The <see cref="T:Microsoft.AspNetCore.Rewrite.RewriteOptions"/>.</param>
            <param name="applyRule">A Func that checks and applies the rule.</param>
            <returns></returns>
        </member>
        <member name="M:Microsoft.AspNetCore.Rewrite.RewriteOptionsExtensions.AddRewrite(Microsoft.AspNetCore.Rewrite.RewriteOptions,System.String,System.String,System.Boolean)">
            <summary>
            Adds a rule that rewrites the path if the regex matches the HttpContext's PathString.
             | 百度译文：添加一个规则，如果正则表达式与HttpContext的PathString匹配，则重写路径。
            </summary>
            <param name="options">The <see cref="T:Microsoft.AspNetCore.Rewrite.RewriteOptions"/>.</param>
            <param name="regex">The regex string to compare with.</param>
            <param name="replacement">If the regex matches, what to replace the uri with.</param>
            <param name="skipRemainingRules">If the regex matches, conditionally stop processing other rules.</param>
            <returns>The Rewrite options.</returns>
        </member>
        <member name="M:Microsoft.AspNetCore.Rewrite.RewriteOptionsExtensions.AddRedirect(Microsoft.AspNetCore.Rewrite.RewriteOptions,System.String,System.String)">
            <summary>
            Redirect the request if the regex matches the HttpContext's PathString
             | 百度译文：如果regex与HttpContext的PathString匹配，则重定向请求
            </summary>
            <param name="options">The <see cref="T:Microsoft.AspNetCore.Rewrite.RewriteOptions"/>.</param>
            <param name="regex">The regex string to compare with.</param>
            <param name="replacement">If the regex matches, what to replace the uri with.</param>
            <returns>The Rewrite options.</returns>
        </member>
        <member name="M:Microsoft.AspNetCore.Rewrite.RewriteOptionsExtensions.AddRedirect(Microsoft.AspNetCore.Rewrite.RewriteOptions,System.String,System.String,System.Int32)">
            <summary>
            Redirect the request if the regex matches the HttpContext's PathString
             | 百度译文：如果regex与HttpContext的PathString匹配，则重定向请求
            </summary>
            <param name="options">The <see cref="T:Microsoft.AspNetCore.Rewrite.RewriteOptions"/>.</param>
            <param name="regex">The regex string to compare with.</param>
            <param name="replacement">If the regex matches, what to replace the uri with.</param>
            <param name="statusCode">The status code to add to the response.</param>
            <returns>The Rewrite options.</returns>
        </member>
        <member name="M:Microsoft.AspNetCore.Rewrite.RewriteOptionsExtensions.AddRedirectToHttpsPermanent(Microsoft.AspNetCore.Rewrite.RewriteOptions)">
            <summary>
            Redirect a request to https if the incoming request is http, with returning a 301
            status code for permanently redirected.
             | 百度译文：如果传入的请求是http，则将请求重定向到https，并返回永久重定向的301状态代码。
            </summary>
            <param name="options">The <see cref="T:Microsoft.AspNetCore.Rewrite.RewriteOptions"/>.</param>
            <returns></returns>
        </member>
        <member name="M:Microsoft.AspNetCore.Rewrite.RewriteOptionsExtensions.AddRedirectToHttps(Microsoft.AspNetCore.Rewrite.RewriteOptions)">
            <summary>
            Redirect a request to https if the incoming request is http
             | 百度译文：如果传入的请求是http，则将请求重定向到https
            </summary>
            <param name="options">The <see cref="T:Microsoft.AspNetCore.Rewrite.RewriteOptions"/>.</param>
        </member>
        <member name="M:Microsoft.AspNetCore.Rewrite.RewriteOptionsExtensions.AddRedirectToHttps(Microsoft.AspNetCore.Rewrite.RewriteOptions,System.Int32)">
            <summary>
            Redirect a request to https if the incoming request is http
             | 百度译文：如果传入的请求是http，则将请求重定向到https
            </summary>
            <param name="options">The <see cref="T:Microsoft.AspNetCore.Rewrite.RewriteOptions"/>.</param>
            <param name="statusCode">The status code to add to the response.</param>
        </member>
        <member name="M:Microsoft.AspNetCore.Rewrite.RewriteOptionsExtensions.AddRedirectToHttps(Microsoft.AspNetCore.Rewrite.RewriteOptions,System.Int32,System.Nullable{System.Int32})">
            <summary>
            Redirect a request to https if the incoming request is http
             | 百度译文：如果传入的请求是http，则将请求重定向到https
            </summary>
            <param name="options">The <see cref="T:Microsoft.AspNetCore.Rewrite.RewriteOptions"/>.</param>
            <param name="statusCode">The status code to add to the response.</param>
            <param name="sslPort">The SSL port to add to the response.</param>
        </member>
        <member name="M:Microsoft.AspNetCore.Rewrite.RewriteOptionsExtensions.AddRedirectToWwwPermanent(Microsoft.AspNetCore.Rewrite.RewriteOptions)">
            <summary>
            Permanently redirects the request to the www subdomain if the request is non-www.
             | 百度译文：如果请求不是www，则将请求永久重定向到www子域。
            </summary>
            <param name="options">The <see cref="T:Microsoft.AspNetCore.Rewrite.RewriteOptions"/>.</param>
            <returns></returns>
        </member>
        <member name="M:Microsoft.AspNetCore.Rewrite.RewriteOptionsExtensions.AddRedirectToWwwPermanent(Microsoft.AspNetCore.Rewrite.RewriteOptions,System.String[])">
            <summary>
            Permanently redirects the request to the www subdomain if the request is non-www.
             | 百度译文：如果请求不是www，则将请求永久重定向到www子域。
            </summary>
            <param name="options">The <see cref="T:Microsoft.AspNetCore.Rewrite.RewriteOptions"/>.</param>
            <param name="domains">Limit the rule to apply only on the specified domain(s).</param>
            <returns></returns>
        </member>
        <member name="M:Microsoft.AspNetCore.Rewrite.RewriteOptionsExtensions.AddRedirectToWww(Microsoft.AspNetCore.Rewrite.RewriteOptions)">
            <summary>
            Redirect the request to the www subdomain if the incoming request is non-www.
             | 百度译文：如果传入的请求不是www，则将请求重定向到www子域。
            </summary>
            <param name="options">The <see cref="T:Microsoft.AspNetCore.Rewrite.RewriteOptions"/>.</param>
        </member>
        <member name="M:Microsoft.AspNetCore.Rewrite.RewriteOptionsExtensions.AddRedirectToWww(Microsoft.AspNetCore.Rewrite.RewriteOptions,System.String[])">
            <summary>
            Redirect the request to the www subdomain if the incoming request is non-www.
             | 百度译文：如果传入的请求不是www，则将请求重定向到www子域。
            </summary>
            <param name="options">The <see cref="T:Microsoft.AspNetCore.Rewrite.RewriteOptions"/>.</param>
            <param name="domains">Limit the rule to apply only on the specified domain(s).</param>
        </member>
        <member name="M:Microsoft.AspNetCore.Rewrite.RewriteOptionsExtensions.AddRedirectToWww(Microsoft.AspNetCore.Rewrite.RewriteOptions,System.Int32)">
            <summary>
            Redirect the request to the www subdomain if the incoming request is non-www.
             | 百度译文：如果传入的请求不是www，则将请求重定向到www子域。
            </summary>
            <param name="options">The <see cref="T:Microsoft.AspNetCore.Rewrite.RewriteOptions"/>.</param>
            <param name="statusCode">The status code to add to the response.</param>
        </member>
        <member name="M:Microsoft.AspNetCore.Rewrite.RewriteOptionsExtensions.AddRedirectToWww(Microsoft.AspNetCore.Rewrite.RewriteOptions,System.Int32,System.String[])">
            <summary>
            Redirect the request to the www subdomain if the incoming request is non-www.
             | 百度译文：如果传入的请求不是www，则将请求重定向到www子域。
            </summary>
            <param name="options">The <see cref="T:Microsoft.AspNetCore.Rewrite.RewriteOptions"/>.</param>
            <param name="statusCode">The status code to add to the response.</param>
            <param name="domains">Limit the rule to apply only on the specified domain(s).</param>
        </member>
        <member name="M:Microsoft.AspNetCore.Rewrite.RewriteOptionsExtensions.AddRedirectToNonWwwPermanent(Microsoft.AspNetCore.Rewrite.RewriteOptions)">
            <summary>
            Permanently redirects the request to the root domain if the request is from the www subdomain.
             | 百度译文：如果请求来自www子域，则将请求永久重定向到根域。
            </summary>
            <param name="options">The <see cref="T:Microsoft.AspNetCore.Rewrite.RewriteOptions"/>.</param>
            <returns></returns>
        </member>
        <member name="M:Microsoft.AspNetCore.Rewrite.RewriteOptionsExtensions.AddRedirectToNonWwwPermanent(Microsoft.AspNetCore.Rewrite.RewriteOptions,System.String[])">
            <summary>
            Permanently redirects the request to the root domain if the request is from the www subdomain.
             | 百度译文：如果请求来自www子域，则将请求永久重定向到根域。
            </summary>
            <param name="options">The <see cref="T:Microsoft.AspNetCore.Rewrite.RewriteOptions"/>.</param>
            <param name="domains">Limit the rule to apply only on the specified domain(s).</param>
            <returns></returns>
        </member>
        <member name="M:Microsoft.AspNetCore.Rewrite.RewriteOptionsExtensions.AddRedirectToNonWww(Microsoft.AspNetCore.Rewrite.RewriteOptions)">
            <summary>
            Redirect the request to the root domain if the incoming request is from the www subdomain.
             | 百度译文：如果传入的请求来自www子域，则将请求重定向到根域。
            </summary>
            <param name="options">The <see cref="T:Microsoft.AspNetCore.Rewrite.RewriteOptions"/>.</param>
        </member>
        <member name="M:Microsoft.AspNetCore.Rewrite.RewriteOptionsExtensions.AddRedirectToNonWww(Microsoft.AspNetCore.Rewrite.RewriteOptions,System.String[])">
            <summary>
            Redirect the request to the root domain if the incoming request is from the www subdomain.
             | 百度译文：如果传入的请求来自www子域，则将请求重定向到根域。
            </summary>
            <param name="options">The <see cref="T:Microsoft.AspNetCore.Rewrite.RewriteOptions"/>.</param>
            <param name="domains">Limit the rule to apply only on the specified domain(s).</param>
        </member>
        <member name="M:Microsoft.AspNetCore.Rewrite.RewriteOptionsExtensions.AddRedirectToNonWww(Microsoft.AspNetCore.Rewrite.RewriteOptions,System.Int32)">
            <summary>
            Redirect the request to the root domain if the incoming request is from the www subdomain.
             | 百度译文：如果传入的请求来自www子域，则将请求重定向到根域。
            </summary>
            <param name="options">The <see cref="T:Microsoft.AspNetCore.Rewrite.RewriteOptions"/>.</param>
            <param name="statusCode">The status code to add to the response.</param>
        </member>
        <member name="M:Microsoft.AspNetCore.Rewrite.RewriteOptionsExtensions.AddRedirectToNonWww(Microsoft.AspNetCore.Rewrite.RewriteOptions,System.Int32,System.String[])">
            <summary>
            Redirect the request to the root domain if the incoming request is from the www subdomain.
             | 百度译文：如果传入的请求来自www子域，则将请求重定向到根域。
            </summary>
            <param name="options">The <see cref="T:Microsoft.AspNetCore.Rewrite.RewriteOptions"/>.</param>
            <param name="statusCode">The status code to add to the response.</param>
            <param name="domains">Limit the rule to apply only on the specified domain(s).</param>
        </member>
        <member name="T:Microsoft.AspNetCore.Rewrite.RuleResult">
            <summary>
            An enum representing the result of a rule.
             | 百度译文：表示规则结果的枚举。
            </summary>
        </member>
        <member name="F:Microsoft.AspNetCore.Rewrite.RuleResult.ContinueRules">
            <summary>
            Default value, continue applying rules.
             | 百度译文：默认值，继续应用规则。
            </summary>
        </member>
        <member name="F:Microsoft.AspNetCore.Rewrite.RuleResult.EndResponse">
            <summary>
             The rule ended the request by providing a response.
              | 百度译文：规则通过提供响应来结束请求。
            </summary>
        </member>
        <member name="F:Microsoft.AspNetCore.Rewrite.RuleResult.SkipRemainingRules">
            <summary>
            Stop applying rules and send context to the next middleware
             | 百度译文：停止应用规则并将上下文发送到下一个中间件
            </summary>
        </member>
        <member name="P:Microsoft.AspNetCore.Rewrite.Resources.Error_ChangeEnvironmentNotSupported">
            <summary>Error adding a mod_rewrite rule. The change environment flag is not supported. | 百度译文：添加mod_重写规则时出错。不支持更改环境标志。
            </summary>
        </member>
        <member name="P:Microsoft.AspNetCore.Rewrite.Resources.Error_CouldNotParseInteger">
            <summary>Could not parse integer from value '{0}'. | 百度译文：无法分析值{0}中的整数。
            </summary>
        </member>
        <member name="M:Microsoft.AspNetCore.Rewrite.Resources.FormatError_CouldNotParseInteger(System.Object)">
            <summary>Could not parse integer from value '{0}'. | 百度译文：无法分析值{0}中的整数。
            </summary>
        </member>
        <member name="P:Microsoft.AspNetCore.Rewrite.Resources.Error_InputParserIndexOutOfRange">
            <summary>Index out of range for backreference: '{0}' at string index: '{1}' | 百度译文：索引超出反向引用的范围：{0}，位于字符串索引：{1}
            </summary>
        </member>
        <member name="M:Microsoft.AspNetCore.Rewrite.Resources.FormatError_InputParserIndexOutOfRange(System.Object,System.Object)">
            <summary>Index out of range for backreference: '{0}' at string index: '{1}' | 百度译文：索引超出反向引用的范围：{0}，位于字符串索引：{1}
            </summary>
        </member>
        <member name="P:Microsoft.AspNetCore.Rewrite.Resources.Error_InputParserInvalidInteger">
            <summary>Cannot parse '{0}' to integer at string index: '{1}' | 百度译文：无法将{0}解析为字符串索引处的整数：{1}
            </summary>
        </member>
        <member name="M:Microsoft.AspNetCore.Rewrite.Resources.FormatError_InputParserInvalidInteger(System.Object,System.Object)">
            <summary>Cannot parse '{0}' to integer at string index: '{1}' | 百度译文：无法将{0}解析为字符串索引处的整数：{1}
            </summary>
        </member>
        <member name="P:Microsoft.AspNetCore.Rewrite.Resources.Error_InputParserMissingCloseBrace">
            <summary>Missing close brace for parameter at string index: '{0}' | 百度译文：字符串索引处缺少参数的右大括号：{0}
            </summary>
        </member>
        <member name="M:Microsoft.AspNetCore.Rewrite.Resources.FormatError_InputParserMissingCloseBrace(System.Object)">
            <summary>Missing close brace for parameter at string index: '{0}' | 百度译文：字符串索引处缺少参数的右大括号：{0}
            </summary>
        </member>
        <member name="P:Microsoft.AspNetCore.Rewrite.Resources.Error_InputParserNoBackreference">
            <summary>Missing backreference for parameter at string index: '{0}' | 百度译文：字符串索引处缺少参数的反向引用：{0}
            </summary>
        </member>
        <member name="M:Microsoft.AspNetCore.Rewrite.Resources.FormatError_InputParserNoBackreference(System.Object)">
            <summary>Missing backreference for parameter at string index: '{0}' | 百度译文：字符串索引处缺少参数的反向引用：{0}
            </summary>
        </member>
        <member name="P:Microsoft.AspNetCore.Rewrite.Resources.Error_InputParserUnrecognizedParameter">
            <summary>Unrecognized parameter type: '{0}', terminated at string index: '{1}' | 百度译文：无法识别的参数类型：'{0}'，终止于字符串索引：'{1}'
            </summary>
        </member>
        <member name="M:Microsoft.AspNetCore.Rewrite.Resources.FormatError_InputParserUnrecognizedParameter(System.Object,System.Object)">
            <summary>Unrecognized parameter type: '{0}', terminated at string index: '{1}' | 百度译文：无法识别的参数类型：'{0}'，终止于字符串索引：'{1}'
            </summary>
        </member>
        <member name="P:Microsoft.AspNetCore.Rewrite.Resources.Error_IntegerMatch_FormatExceptionMessage">
            <summary>Syntax error for integers in comparison. | 百度译文：比较中整数的语法错误。
            </summary>
        </member>
        <member name="P:Microsoft.AspNetCore.Rewrite.Resources.Error_InvalidChangeCookieFlag">
            <summary>Error parsing the mod_rewrite rule. The cookie flag (CO) has an incorrect format '{0}'. | 百度译文：分析mod_重写规则时出错。cookie标志（CO）的格式"{0}"不正确。
            </summary>
        </member>
        <member name="M:Microsoft.AspNetCore.Rewrite.Resources.FormatError_InvalidChangeCookieFlag(System.Object)">
            <summary>Error parsing the mod_rewrite rule. The cookie flag (CO) has an incorrect format '{0}'. | 百度译文：分析mod_重写规则时出错。cookie标志（CO）的格式"{0}"不正确。
            </summary>
        </member>
        <member name="P:Microsoft.AspNetCore.Rewrite.Resources.Error_ModRewriteParseError">
            <summary>Could not parse the mod_rewrite file. Message: '{0}'.  Line number '{1}'. | 百度译文：无法分析mod_重写文件。消息：'{0}'。行号{1}。
            </summary>
        </member>
        <member name="M:Microsoft.AspNetCore.Rewrite.Resources.FormatError_ModRewriteParseError(System.Object,System.Object)">
            <summary>Could not parse the mod_rewrite file. Message: '{0}'.  Line number '{1}'. | 百度译文：无法分析mod_重写文件。消息：'{0}'。行号{1}。
            </summary>
        </member>
        <member name="P:Microsoft.AspNetCore.Rewrite.Resources.Error_ModRewriteGeneralParseError">
            <summary>Could not parse the mod_rewrite file.  Line number '{0}'. | 百度译文：无法分析mod_重写文件。行号{0}。
            </summary>
        </member>
        <member name="M:Microsoft.AspNetCore.Rewrite.Resources.FormatError_ModRewriteGeneralParseError(System.Object)">
            <summary>Could not parse the mod_rewrite file.  Line number '{0}'. | 百度译文：无法分析mod_重写文件。行号{0}。
            </summary>
        </member>
        <member name="P:Microsoft.AspNetCore.Rewrite.Resources.Error_UrlRewriteParseError">
            <summary>Could not parse the UrlRewrite file. Message: '{0}'. Line number '{1}': '{2}'. | 百度译文：无法分析UrlRewrite文件。消息：'{0}'。行号{1}'：'{2}'。
            </summary>
        </member>
        <member name="M:Microsoft.AspNetCore.Rewrite.Resources.FormatError_UrlRewriteParseError(System.Object,System.Object,System.Object)">
            <summary>Could not parse the UrlRewrite file. Message: '{0}'. Line number '{1}': '{2}'. | 百度译文：无法分析UrlRewrite文件。消息：'{0}'。行号{1}'：'{2}'。
            </summary>
        </member>
        <member name="P:Microsoft.AspNetCore.Rewrite.Resources.Error_UnsupportedServerVariable">
            <summary>Rules using the '{0}' server variable are not supported | 百度译文：不支持使用{0}服务器变量的规则
            </summary>
        </member>
        <member name="M:Microsoft.AspNetCore.Rewrite.Resources.FormatError_UnsupportedServerVariable(System.Object)">
            <summary>Rules using the '{0}' server variable are not supported | 百度译文：不支持使用{0}服务器变量的规则
            </summary>
        </member>
        <member name="T:Microsoft.AspNetCore.Builder.RewriteBuilderExtensions">
            <summary>
            Extension methods for the <see cref="T:Microsoft.AspNetCore.Rewrite.RewriteMiddleware"/>
             | 百度译文：扩展方法<see cref="T:Microsoft.AspNetCore.Rewrite.RewriteMiddleware"/>
            </summary>
        </member>
        <member name="M:Microsoft.AspNetCore.Builder.RewriteBuilderExtensions.UseRewriter(Microsoft.AspNetCore.Builder.IApplicationBuilder)">
            <summary>
            Checks if a given Url matches rules and conditions, and modifies the HttpContext on match.
             | 百度译文：检查给定的Url是否与规则和条件匹配，并在匹配时修改HttpContext。
            </summary>
            <param name="app">The <see cref="T:Microsoft.AspNetCore.Builder.IApplicationBuilder"/></param>
            <returns></returns>
        </member>
        <member name="M:Microsoft.AspNetCore.Builder.RewriteBuilderExtensions.UseRewriter(Microsoft.AspNetCore.Builder.IApplicationBuilder,Microsoft.AspNetCore.Rewrite.RewriteOptions)">
            <summary>
            Checks if a given Url matches rules and conditions, and modifies the HttpContext on match.
             | 百度译文：检查给定的Url是否与规则和条件匹配，并在匹配时修改HttpContext。
            </summary>
            <param name="app">The <see cref="T:Microsoft.AspNetCore.Builder.IApplicationBuilder"/></param>
            <param name="options">Options for rewrite.</param>
            <returns></returns>
        </member>
    </members>
</doc>