<?xml version="1.0"?>
<doc>
    <assembly>
        <name>Microsoft.AspNetCore.Authentication.OAuth</name>
    </assembly>
    <members>
        <member name="T:Microsoft.AspNetCore.Authentication.OAuth.Claims.ClaimAction">
            <summary>
            Infrastructure for mapping user data from a json structure to claims on the ClaimsIdentity.
             | 百度译文：用于将用户数据从json结构映射到ClaimsIdentity声明的基础设施。
            </summary>
        </member>
        <member name="M:Microsoft.AspNetCore.Authentication.OAuth.Claims.ClaimAction.#ctor(System.String,System.String)">
            <summary>
            Create a new claim manipulation action.
             | 百度译文：创建新的索赔操作。
            </summary>
            <param name="claimType">The value to use for Claim.Type when creating a Claim.</param>
            <param name="valueType">The value to use for Claim.ValueType when creating a Claim.</param>
        </member>
        <member name="P:Microsoft.AspNetCore.Authentication.OAuth.Claims.ClaimAction.ClaimType">
            <summary>
            Gets the value to use for <see cref="P:System.Security.Claims.Claim.Value"/>when creating a Claim.
             | 百度译文：获取要用于<see cref="P:系统安全索赔.索赔价值"/>创建索赔时。
            </summary>
        </member>
        <member name="P:Microsoft.AspNetCore.Authentication.OAuth.Claims.ClaimAction.ValueType">
            <summary>
            Gets the value to use for <see cref="P:System.Security.Claims.Claim.ValueType"/> when creating a Claim. 
             | 百度译文：获取要用于<see cref="P:系统安全索赔.索赔.ValueType"/>创建索赔时。
            </summary>
        </member>
        <member name="M:Microsoft.AspNetCore.Authentication.OAuth.Claims.ClaimAction.Run(System.Text.Json.JsonElement,System.Security.Claims.ClaimsIdentity,System.String)">
            <summary>
            Examine the given userData json, determine if the requisite data is present, and optionally add it
            as a new Claim on the ClaimsIdentity.
             | 百度译文：检查给定的userData json，确定是否存在必需的数据，并有选择地将其添加为ClaimsIdentity上的新声明。
            </summary>
            <param name="userData">The source data to examine. This value may be null.</param>
            <param name="identity">The identity to add Claims to.</param>
            <param name="issuer">The value to use for Claim.Issuer when creating a Claim.</param>
        </member>
        <member name="T:Microsoft.AspNetCore.Authentication.OAuth.Claims.ClaimActionCollection">
            <summary>
            A collection of ClaimActions used when mapping user data to Claims.
             | 百度译文：将用户数据映射到索赔时使用的索赔集合。
            </summary>
        </member>
        <member name="M:Microsoft.AspNetCore.Authentication.OAuth.Claims.ClaimActionCollection.Clear">
            <summary>
            Remove all claim actions.
             | 百度译文：删除所有索赔操作。
            </summary>
        </member>
        <member name="M:Microsoft.AspNetCore.Authentication.OAuth.Claims.ClaimActionCollection.Remove(System.String)">
            <summary>
            Remove all claim actions for the given ClaimType.
             | 百度译文：删除给定索赔类型的所有索赔操作。
            </summary>
            <param name="claimType">The ClaimType of maps to remove.</param>
        </member>
        <member name="M:Microsoft.AspNetCore.Authentication.OAuth.Claims.ClaimActionCollection.Add(Microsoft.AspNetCore.Authentication.OAuth.Claims.ClaimAction)">
            <summary>
            Add a claim action to the collection.
             | 百度译文：向集合中添加声明操作。
            </summary>
            <param name="action">The claim action to add.</param>
        </member>
        <member name="M:Microsoft.AspNetCore.Authentication.OAuth.Claims.ClaimActionCollection.GetEnumerator">
            <inheritdoc />
        </member>
        <member name="T:Microsoft.AspNetCore.Authentication.OAuth.Claims.CustomJsonClaimAction">
            <summary>
            A ClaimAction that selects the value from the json user data by running the given Func resolver.
             | 百度译文：一个声明，通过运行给定的Func解析器从json用户数据中选择值。
            </summary>
        </member>
        <member name="M:Microsoft.AspNetCore.Authentication.OAuth.Claims.CustomJsonClaimAction.#ctor(System.String,System.String,System.Func{System.Text.Json.JsonElement,System.String})">
            <summary>
            Creates a new CustomJsonClaimAction.
             | 百度译文：创建新的CustomJsonClaimAction。
            </summary>
            <param name="claimType">The value to use for Claim.Type when creating a Claim.</param>
            <param name="valueType">The value to use for Claim.ValueType when creating a Claim.</param>
            <param name="resolver">The Func that will be called to select value from the given json user data.</param>
        </member>
        <member name="P:Microsoft.AspNetCore.Authentication.OAuth.Claims.CustomJsonClaimAction.Resolver">
            <summary>
            The Func that will be called to select value from the given json user data.
             | 百度译文：将调用该函数从给定的json用户数据中选择值。
            </summary>
        </member>
        <member name="M:Microsoft.AspNetCore.Authentication.OAuth.Claims.CustomJsonClaimAction.Run(System.Text.Json.JsonElement,System.Security.Claims.ClaimsIdentity,System.String)">
            <inheritdoc />
        </member>
        <member name="T:Microsoft.AspNetCore.Authentication.OAuth.Claims.DeleteClaimAction">
            <summary>
            A ClaimAction that deletes all claims from the given ClaimsIdentity with the given ClaimType.
             | 百度译文：从给定索赔实体中删除具有给定索赔类型的所有索赔的索赔。
            </summary>
        </member>
        <member name="M:Microsoft.AspNetCore.Authentication.OAuth.Claims.DeleteClaimAction.#ctor(System.String)">
            <summary>
            Creates a new DeleteClaimAction.
             | 百度译文：创建新的DeleteClaimAction。
            </summary>
            <param name="claimType">The ClaimType of Claims to delete.</param>
        </member>
        <member name="M:Microsoft.AspNetCore.Authentication.OAuth.Claims.DeleteClaimAction.Run(System.Text.Json.JsonElement,System.Security.Claims.ClaimsIdentity,System.String)">
            <inheritdoc />
        </member>
        <member name="T:Microsoft.AspNetCore.Authentication.OAuth.Claims.JsonKeyClaimAction">
            <summary>
            A ClaimAction that selects a top level value from the json user data with the given key name and adds it as a Claim.
            This no-ops if the key is not found or the value is empty.
             | 百度译文：给定一个json用户名称，并从顶级声明中选择一个值。如果找不到密钥或值为空，则不执行操作。
            </summary>
        </member>
        <member name="M:Microsoft.AspNetCore.Authentication.OAuth.Claims.JsonKeyClaimAction.#ctor(System.String,System.String,System.String)">
            <summary>
            Creates a new JsonKeyClaimAction.
             | 百度译文：创建新的JsonKeyClaimAction。
            </summary>
            <param name="claimType">The value to use for Claim.Type when creating a Claim.</param>
            <param name="valueType">The value to use for Claim.ValueType when creating a Claim.</param>
            <param name="jsonKey">The top level key to look for in the json user data.</param>
        </member>
        <member name="P:Microsoft.AspNetCore.Authentication.OAuth.Claims.JsonKeyClaimAction.JsonKey">
            <summary>
            The top level key to look for in the json user data.
             | 百度译文：要在json用户数据中查找的顶级键。
            </summary>
        </member>
        <member name="M:Microsoft.AspNetCore.Authentication.OAuth.Claims.JsonKeyClaimAction.Run(System.Text.Json.JsonElement,System.Security.Claims.ClaimsIdentity,System.String)">
            <inheritdoc />
        </member>
        <member name="T:Microsoft.AspNetCore.Authentication.OAuth.Claims.JsonSubKeyClaimAction">
            <summary>
            A ClaimAction that selects a second level value from the json user data with the given top level key
            name and second level sub key name and add it as a Claim.
            This no-ops if the keys are not found or the value is empty.
             | 百度译文：一个声明，它从json用户数据中选择一个具有给定顶级键名和二级子键名的二级值，并将其作为声明添加。如果找不到键或值为空，则不执行操作。
            </summary>
        </member>
        <member name="M:Microsoft.AspNetCore.Authentication.OAuth.Claims.JsonSubKeyClaimAction.#ctor(System.String,System.String,System.String,System.String)">
            <summary>
            Creates a new JsonSubKeyClaimAction.
             | 百度译文：创建新的JsonSubKeyClaimAction。
            </summary>
            <param name="claimType">The value to use for Claim.Type when creating a Claim.</param>
            <param name="valueType">The value to use for Claim.ValueType when creating a Claim.</param>
            <param name="jsonKey">The top level key to look for in the json user data.</param>
            <param name="subKey">The second level key to look for in the json user data.</param>
        </member>
        <member name="P:Microsoft.AspNetCore.Authentication.OAuth.Claims.JsonSubKeyClaimAction.SubKey">
            <summary>
            The second level key to look for in the json user data.
             | 百度译文：要在json用户数据中查找的第二级键。
            </summary>
        </member>
        <member name="M:Microsoft.AspNetCore.Authentication.OAuth.Claims.JsonSubKeyClaimAction.Run(System.Text.Json.JsonElement,System.Security.Claims.ClaimsIdentity,System.String)">
            <inheritdoc />
        </member>
        <member name="T:Microsoft.AspNetCore.Authentication.OAuth.Claims.MapAllClaimsAction">
            <summary>
            A ClaimAction that selects all top level values from the json user data and adds them as Claims.
            This excludes duplicate sets of names and values.
             | 百度译文：一个从json用户数据中选择所有顶级值并将其作为声明添加的claimcation。这不包括重复的名称和值集。
            </summary>
        </member>
        <member name="M:Microsoft.AspNetCore.Authentication.OAuth.Claims.MapAllClaimsAction.#ctor">
            <summary>
            Initializes a new instance of <see cref="T:Microsoft.AspNetCore.Authentication.OAuth.Claims.MapAllClaimsAction"/>.
             | 百度译文：初始化的新实例<see cref="T:Microsoft.AspNetCore.Authentication.OAuth.Claims.MapAllClaimsAction"/>.
            </summary>
        </member>
        <member name="M:Microsoft.AspNetCore.Authentication.OAuth.Claims.MapAllClaimsAction.Run(System.Text.Json.JsonElement,System.Security.Claims.ClaimsIdentity,System.String)">
            <inheritdoc />
        </member>
        <member name="T:Microsoft.AspNetCore.Authentication.OAuth.OAuthCreatingTicketContext">
            <summary>
            Contains information about the login session as well as the user <see cref="T:System.Security.Claims.ClaimsIdentity"/>.
             | 百度译文：包含有关登录会话和用户的信息<see cref="T:系统安全索赔.ClaimsIdentity"/>。
            </summary>
        </member>
        <member name="M:Microsoft.AspNetCore.Authentication.OAuth.OAuthCreatingTicketContext.#ctor(System.Security.Claims.ClaimsPrincipal,Microsoft.AspNetCore.Authentication.AuthenticationProperties,Microsoft.AspNetCore.Http.HttpContext,Microsoft.AspNetCore.Authentication.AuthenticationScheme,Microsoft.AspNetCore.Authentication.OAuth.OAuthOptions,System.Net.Http.HttpClient,Microsoft.AspNetCore.Authentication.OAuth.OAuthTokenResponse,System.Text.Json.JsonElement)">
            <summary>
            Initializes a new <see cref="T:Microsoft.AspNetCore.Authentication.OAuth.OAuthCreatingTicketContext"/>.
             | 百度译文：初始化一个新的<see cref="T:Microsoft.AspNetCore.Authentication.OAuth.OAuthCreatingTicketContext"/>.
            </summary>
            <param name="principal">The <see cref="T:System.Security.Claims.ClaimsPrincipal"/>.</param>
            <param name="properties">The <see cref="T:Microsoft.AspNetCore.Authentication.AuthenticationProperties"/>.</param>
            <param name="context">The HTTP environment.</param>
            <param name="scheme">The authentication scheme.</param>
            <param name="options">The options used by the authentication middleware.</param>
            <param name="backchannel">The HTTP client used by the authentication middleware</param>
            <param name="tokens">The tokens returned from the token endpoint.</param>
            <param name="user">The JSON-serialized user.</param>
        </member>
        <member name="P:Microsoft.AspNetCore.Authentication.OAuth.OAuthCreatingTicketContext.User">
            <summary>
            Gets the JSON-serialized user or an empty
            <see cref="T:System.Text.Json.JsonElement"/> if it is not available.
             | 百度译文：获取JSON序列化用户或空的<see cref="T:System.Text.Json文件.JsonElement"/>如果它不可用。
            </summary>
        </member>
        <member name="P:Microsoft.AspNetCore.Authentication.OAuth.OAuthCreatingTicketContext.TokenResponse">
            <summary>
            Gets the token response returned by the authentication service.
             | 百度译文：获取由身份验证服务返回的令牌响应。
            </summary>
        </member>
        <member name="P:Microsoft.AspNetCore.Authentication.OAuth.OAuthCreatingTicketContext.AccessToken">
            <summary>
            Gets the access token provided by the authentication service.
             | 百度译文：获取由身份验证服务提供的访问令牌。
            </summary>
        </member>
        <member name="P:Microsoft.AspNetCore.Authentication.OAuth.OAuthCreatingTicketContext.TokenType">
            <summary>
            Gets the access token type provided by the authentication service.
             | 百度译文：获取由身份验证服务提供的访问令牌类型。
            </summary>
        </member>
        <member name="P:Microsoft.AspNetCore.Authentication.OAuth.OAuthCreatingTicketContext.RefreshToken">
            <summary>
            Gets the refresh token provided by the authentication service.
             | 百度译文：获取由身份验证服务提供的刷新令牌。
            </summary>
        </member>
        <member name="P:Microsoft.AspNetCore.Authentication.OAuth.OAuthCreatingTicketContext.ExpiresIn">
            <summary>
            Gets the access token expiration time.
             | 百度译文：获取访问令牌过期时间。
            </summary>
        </member>
        <member name="P:Microsoft.AspNetCore.Authentication.OAuth.OAuthCreatingTicketContext.Backchannel">
            <summary>
            Gets the backchannel used to communicate with the provider.
             | 百度译文：获取用于与提供程序通信的反向通道。
            </summary>
        </member>
        <member name="P:Microsoft.AspNetCore.Authentication.OAuth.OAuthCreatingTicketContext.Identity">
            <summary>
            Gets the main identity exposed by the authentication ticket.
            This property returns <c>null</c> when the ticket is <c>null</c>.
             | 百度译文：获取由身份验证票证公开的主标识。当票证为<c>null</c>时，此属性返回<c>null</c>。
            </summary>
        </member>
        <member name="M:Microsoft.AspNetCore.Authentication.OAuth.OAuthCreatingTicketContext.RunClaimActions">
            <summary>
            Examines <see cref="P:Microsoft.AspNetCore.Authentication.OAuth.OAuthCreatingTicketContext.User"/>, determine if the requisite data is present, and optionally add it
            to <see cref="P:Microsoft.AspNetCore.Authentication.OAuth.OAuthCreatingTicketContext.Identity"/>.
             | 百度译文：检查<see cref="P:Microsoft.AspNetCore.Authentication.OAuth.OAuthCreatingTicketContext.User"/>，确定所需数据是否存在，并有选择地将其添加到<see cref="P:Microsoft.AspNetCore.Authentication.OAuth.OAuthCreatingTicketContext.Identity"/>。
            </summary>
        </member>
        <member name="M:Microsoft.AspNetCore.Authentication.OAuth.OAuthCreatingTicketContext.RunClaimActions(System.Text.Json.JsonElement)">
            <summary>
            Examines the specified <paramref name="userData"/>, determine if the requisite data is present, and optionally add it
            to <see cref="P:Microsoft.AspNetCore.Authentication.OAuth.OAuthCreatingTicketContext.Identity"/>.
             | 百度译文：检查指定的<paramref name="userData"/>，确定是否存在必需的数据，并有选择地将其添加到<see cref="P:Microsoft.AspNetCore.Authentication.OAuth.OAuthCreatingTicketContext.Identity"/>。
            </summary>
        </member>
        <member name="T:Microsoft.AspNetCore.Authentication.OAuth.OAuthEvents">
            <summary>
            Default implementation.
             | 百度译文：默认实现。
            </summary>
        </member>
        <member name="P:Microsoft.AspNetCore.Authentication.OAuth.OAuthEvents.OnCreatingTicket">
            <summary>
            Gets or sets the function that is invoked when the CreatingTicket method is invoked.
             | 百度译文：获取或设置调用CreatingTicket方法时调用的函数。
            </summary>
        </member>
        <member name="P:Microsoft.AspNetCore.Authentication.OAuth.OAuthEvents.OnRedirectToAuthorizationEndpoint">
            <summary>
            Gets or sets the delegate that is invoked when the RedirectToAuthorizationEndpoint method is invoked.
             | 百度译文：获取或设置在调用RedirectToAuthorizationEndpoint方法时调用的委托。
            </summary>
        </member>
        <member name="M:Microsoft.AspNetCore.Authentication.OAuth.OAuthEvents.CreatingTicket(Microsoft.AspNetCore.Authentication.OAuth.OAuthCreatingTicketContext)">
            <summary>
            Invoked after the provider successfully authenticates a user.
             | 百度译文：在提供程序成功验证用户身份后调用。
            </summary>
            <param name="context">Contains information about the login session as well as the user <see cref="T:System.Security.Claims.ClaimsIdentity"/>.</param>
            <returns>A <see cref="T:System.Threading.Tasks.Task"/> representing the completed operation.</returns>
        </member>
        <member name="M:Microsoft.AspNetCore.Authentication.OAuth.OAuthEvents.RedirectToAuthorizationEndpoint(Microsoft.AspNetCore.Authentication.RedirectContext{Microsoft.AspNetCore.Authentication.OAuth.OAuthOptions})">
            <summary>
            Called when a Challenge causes a redirect to authorize endpoint in the OAuth handler.
             | 百度译文：当质询导致OAuth处理程序中的授权终结点重定向时调用。
            </summary>
            <param name="context">Contains redirect URI and <see cref="T:Microsoft.AspNetCore.Authentication.AuthenticationProperties"/> of the challenge.</param>
        </member>
        <member name="T:Microsoft.AspNetCore.Authentication.OAuth.OAuthChallengeProperties">
            <summary>
            <see cref="T:Microsoft.AspNetCore.Authentication.AuthenticationProperties"/> for an OAuth challenge.
             | 百度译文：<见cref="T:Microsoft.AspNetCore.Authentication.AuthenticationProperties"/>用于OAuth质询。
            </summary>
        </member>
        <member name="F:Microsoft.AspNetCore.Authentication.OAuth.OAuthChallengeProperties.ScopeKey">
            <summary>
            The parameter key for the "scope" argument being used for a challenge request.
             | 百度译文：用于质询请求的"scope"参数的参数键。
            </summary>
        </member>
        <member name="M:Microsoft.AspNetCore.Authentication.OAuth.OAuthChallengeProperties.#ctor">
            <summary>
            Initializes a new instance of <see cref="T:Microsoft.AspNetCore.Authentication.OAuth.OAuthChallengeProperties"/>.
             | 百度译文：初始化的新实例<see cref="T:Microsoft.AspNetCore.Authentication.OAuth.OAuthChallengeProperties公司"/>.
            </summary>
        </member>
        <member name="M:Microsoft.AspNetCore.Authentication.OAuth.OAuthChallengeProperties.#ctor(System.Collections.Generic.IDictionary{System.String,System.String})">
            <summary>
            Initializes a new instance of <see cref="T:Microsoft.AspNetCore.Authentication.OAuth.OAuthChallengeProperties" />.
             | 百度译文：初始化的新实例<see cref="T:Microsoft.AspNetCore.Authentication.OAuth.OAuthChallengeProperties公司" />.
            </summary>
            <inheritdoc />
        </member>
        <member name="M:Microsoft.AspNetCore.Authentication.OAuth.OAuthChallengeProperties.#ctor(System.Collections.Generic.IDictionary{System.String,System.String},System.Collections.Generic.IDictionary{System.String,System.Object})">
            <summary>
            Initializes a new instance of <see cref="T:Microsoft.AspNetCore.Authentication.OAuth.OAuthChallengeProperties" />.
             | 百度译文：初始化的新实例<see cref="T:Microsoft.AspNetCore.Authentication.OAuth.OAuthChallengeProperties公司" />.
            </summary>
            <inheritdoc />
        </member>
        <member name="P:Microsoft.AspNetCore.Authentication.OAuth.OAuthChallengeProperties.Scope">
            <summary>
            The "scope" parameter value being used for a challenge request.
             | 百度译文：用于质询请求的"scope"参数值。
            </summary>
        </member>
        <member name="M:Microsoft.AspNetCore.Authentication.OAuth.OAuthChallengeProperties.SetScope(System.String[])">
            <summary>
            Set the "scope" parameter value.
             | 百度译文：设置"范围"参数值。
            </summary>
            <param name="scopes">List of scopes.</param>
        </member>
        <member name="T:Microsoft.AspNetCore.Authentication.OAuth.OAuthCodeExchangeContext">
            <summary>
            Contains information used to perform the code exchange.
             | 百度译文：包含用于执行代码交换的信息。
            </summary>
        </member>
        <member name="M:Microsoft.AspNetCore.Authentication.OAuth.OAuthCodeExchangeContext.#ctor(Microsoft.AspNetCore.Authentication.AuthenticationProperties,System.String,System.String)">
            <summary>
            Initializes a new <see cref="T:Microsoft.AspNetCore.Authentication.OAuth.OAuthCodeExchangeContext"/>.
             | 百度译文：初始化一个新的<see cref="T:Microsoft.AspNetCore.Authentication.OAuth.OAuthCodeExchangeContext"/>.
            </summary>
            <param name="properties">The <see cref="T:Microsoft.AspNetCore.Authentication.AuthenticationProperties"/>.</param>
            <param name="code">The code returned from the authorization endpoint.</param>
            <param name="redirectUri">The redirect uri used in the authorization request.</param>
        </member>
        <member name="P:Microsoft.AspNetCore.Authentication.OAuth.OAuthCodeExchangeContext.Properties">
            <summary>
            State for the authentication flow.
             | 百度译文：身份验证流的状态。
            </summary>
        </member>
        <member name="P:Microsoft.AspNetCore.Authentication.OAuth.OAuthCodeExchangeContext.Code">
            <summary>
            The code returned from the authorization endpoint.
             | 百度译文：从授权终结点返回的代码。
            </summary>
        </member>
        <member name="P:Microsoft.AspNetCore.Authentication.OAuth.OAuthCodeExchangeContext.RedirectUri">
            <summary>
            The redirect uri used in the authorization request.
             | 百度译文：授权请求中使用的重定向uri。
            </summary>
        </member>
        <member name="T:Microsoft.AspNetCore.Authentication.OAuth.OAuthConstants">
            <summary>
            Constants used in the OAuth protocol
             | 百度译文：OAuth协议中使用的常量
            </summary>
        </member>
        <member name="F:Microsoft.AspNetCore.Authentication.OAuth.OAuthConstants.CodeVerifierKey">
            <summary>
            code_verifier defined in https://tools.ietf.org/html/rfc7636
             | 百度译文：中定义的代码验证程序https://tools.ietf.org/html/rfc7636
            </summary>
        </member>
        <member name="F:Microsoft.AspNetCore.Authentication.OAuth.OAuthConstants.CodeChallengeKey">
            <summary>
            code_challenge defined in https://tools.ietf.org/html/rfc7636
             | 百度译文：代码挑战定义在https://tools.ietf.org/html/rfc7636
            </summary>
        </member>
        <member name="F:Microsoft.AspNetCore.Authentication.OAuth.OAuthConstants.CodeChallengeMethodKey">
            <summary>
            code_challenge_method defined in https://tools.ietf.org/html/rfc7636
             | 百度译文：中定义的code_challenge_方法https://tools.ietf.org/html/rfc7636
            </summary>
        </member>
        <member name="F:Microsoft.AspNetCore.Authentication.OAuth.OAuthConstants.CodeChallengeMethodS256">
            <summary>
            S256 defined in https://tools.ietf.org/html/rfc7636
             | 百度译文：S256定义见https://tools.ietf.org/html/rfc7636
            </summary>
        </member>
        <member name="T:Microsoft.AspNetCore.Authentication.OAuth.OAuthDefaults">
            <summary>
            Defaults for OAuth authentication.
             | 百度译文：OAuth身份验证的默认值。
            </summary>
        </member>
        <member name="F:Microsoft.AspNetCore.Authentication.OAuth.OAuthDefaults.DisplayName">
            <summary>
            The default display name for OAuth authentication.
             | 百度译文：OAuth身份验证的默认显示名称。
            </summary>
        </member>
        <member name="T:Microsoft.AspNetCore.Authentication.OAuth.OAuthHandler`1">
            <summary>
            An authentication handler that supports OAuth.
             | 百度译文：支持OAuth的身份验证处理程序。
            </summary>
            <typeparam name="TOptions">The type of options.</typeparam>
        </member>
        <member name="P:Microsoft.AspNetCore.Authentication.OAuth.OAuthHandler`1.Backchannel">
            <summary>
            Gets the <see cref="T:System.Net.Http.HttpClient"/> instance used to communicate with the remote authentication provider.
             | 百度译文：获取<see cref="T:系统.Net Http.HttpClient"/>用于与远程身份验证提供程序通信的实例。
            </summary>
        </member>
        <member name="P:Microsoft.AspNetCore.Authentication.OAuth.OAuthHandler`1.Events">
            <summary>
            The handler calls methods on the events which give the application control at certain points where processing is occurring. 
            If it is not provided a default instance is supplied which does nothing when the methods are called.
             | 百度译文：处理程序对事件调用方法，这些方法在处理发生的特定点给应用程序控制权。如果没有提供，则提供一个默认实例，该实例在调用方法时不执行任何操作。
            </summary>
        </member>
        <member name="M:Microsoft.AspNetCore.Authentication.OAuth.OAuthHandler`1.#ctor(Microsoft.Extensions.Options.IOptionsMonitor{`0},Microsoft.Extensions.Logging.ILoggerFactory,System.Text.Encodings.Web.UrlEncoder,Microsoft.AspNetCore.Authentication.ISystemClock)">
            <summary>
            Initializes a new instance of <see cref="T:Microsoft.AspNetCore.Authentication.OAuth.OAuthHandler`1"/>.
             | 百度译文：初始化的新实例<see cref="T:Microsoft.AspNetCore.Authentication.OAuth.OAuthHandler`1"/>。
            </summary>
            <inheritdoc />
        </member>
        <member name="M:Microsoft.AspNetCore.Authentication.OAuth.OAuthHandler`1.CreateEventsAsync">
            <summary>
            Creates a new instance of the events instance.
             | 百度译文：创建事件实例的新实例。
            </summary>
            <returns>A new instance of the events instance.</returns>
        </member>
        <member name="M:Microsoft.AspNetCore.Authentication.OAuth.OAuthHandler`1.HandleRemoteAuthenticateAsync">
            <inheritdoc />
        </member>
        <member name="M:Microsoft.AspNetCore.Authentication.OAuth.OAuthHandler`1.ExchangeCodeAsync(Microsoft.AspNetCore.Authentication.OAuth.OAuthCodeExchangeContext)">
            <summary>
            Exchanges the authorization code for a authorization token from the remote provider.
             | 百度译文：交换来自远程提供程序的授权令牌的授权代码。
            </summary>
            <param name="context">The <see cref="T:Microsoft.AspNetCore.Authentication.OAuth.OAuthCodeExchangeContext"/>.</param>
            <returns>The response <see cref="T:Microsoft.AspNetCore.Authentication.OAuth.OAuthTokenResponse"/>.</returns>
        </member>
        <member name="M:Microsoft.AspNetCore.Authentication.OAuth.OAuthHandler`1.CreateTicketAsync(System.Security.Claims.ClaimsIdentity,Microsoft.AspNetCore.Authentication.AuthenticationProperties,Microsoft.AspNetCore.Authentication.OAuth.OAuthTokenResponse)">
            <summary>
            Creates an <see cref="T:Microsoft.AspNetCore.Authentication.AuthenticationTicket"/> from the specified <paramref name="tokens"/>.
             | 百度译文：创建<see cref="T:Microsoft.AspNetCore.Authentication.AuthenticationTicket"/>来自指定的<paramref name="tokens"/>。
            </summary>
            <param name="identity">The <see cref="T:System.Security.Claims.ClaimsIdentity"/>.</param>
            <param name="properties">The <see cref="T:Microsoft.AspNetCore.Authentication.AuthenticationProperties"/>.</param>
            <param name="tokens">The <see cref="T:Microsoft.AspNetCore.Authentication.OAuth.OAuthTokenResponse"/>.</param>
            <returns>The <see cref="T:Microsoft.AspNetCore.Authentication.AuthenticationTicket"/>.</returns>
        </member>
        <member name="M:Microsoft.AspNetCore.Authentication.OAuth.OAuthHandler`1.HandleChallengeAsync(Microsoft.AspNetCore.Authentication.AuthenticationProperties)">
            <inheritdoc />
        </member>
        <member name="M:Microsoft.AspNetCore.Authentication.OAuth.OAuthHandler`1.BuildChallengeUrl(Microsoft.AspNetCore.Authentication.AuthenticationProperties,System.String)">
            <summary>
            Constructs the OAuth challenge url.
             | 百度译文：构造OAuth质询url。
            </summary>
            <param name="properties">The <see cref="T:Microsoft.AspNetCore.Authentication.AuthenticationProperties"/>.</param>
            <param name="redirectUri">The url to redirect to once the challenge is completed.</param>
            <returns>The challenge url.</returns>
        </member>
        <member name="M:Microsoft.AspNetCore.Authentication.OAuth.OAuthHandler`1.FormatScope(System.Collections.Generic.IEnumerable{System.String})">
            <summary>
            Format a list of OAuth scopes.
             | 百度译文：设置OAuth作用域列表的格式。
            </summary>
            <param name="scopes">List of scopes.</param>
            <returns>Formatted scopes.</returns>
        </member>
        <member name="M:Microsoft.AspNetCore.Authentication.OAuth.OAuthHandler`1.FormatScope">
            <summary>
            Format the <see cref="P:Microsoft.AspNetCore.Authentication.OAuth.OAuthOptions.Scope"/> property.
             | 百度译文：格式化<see cref="P:Microsoft.AspNetCore.Authentication.OAuth.OAuthOptions.Scope"/>属性。
            </summary>
            <returns>Formatted scopes.</returns>
            <remarks>Subclasses should rather override <see cref="M:Microsoft.AspNetCore.Authentication.OAuth.OAuthHandler`1.FormatScope(System.Collections.Generic.IEnumerable{System.String})"/>.</remarks>
        </member>
        <member name="T:Microsoft.AspNetCore.Authentication.OAuth.OAuthOptions">
            <summary>
            Configuration options OAuth.
             | 百度译文：配置选项OAuth。
            </summary>
        </member>
        <member name="M:Microsoft.AspNetCore.Authentication.OAuth.OAuthOptions.#ctor">
            <summary>
            Initializes a new instance of <see cref="T:Microsoft.AspNetCore.Authentication.OAuth.OAuthOptions"/>.
             | 百度译文：初始化的新实例<see cref="T:Microsoft.AspNetCore.Authentication.OAuth.OAuth选项"/>.
            </summary>
        </member>
        <member name="M:Microsoft.AspNetCore.Authentication.OAuth.OAuthOptions.Validate">
            <summary>
            Check that the options are valid. Should throw an exception if things are not ok.
             | 百度译文：检查选项是否有效。如果情况不正常，应该抛出异常。
            </summary>
        </member>
        <member name="P:Microsoft.AspNetCore.Authentication.OAuth.OAuthOptions.ClientId">
            <summary>
            Gets or sets the provider-assigned client id.
             | 百度译文：获取或设置提供程序分配的客户端id。
            </summary>
        </member>
        <member name="P:Microsoft.AspNetCore.Authentication.OAuth.OAuthOptions.ClientSecret">
            <summary>
            Gets or sets the provider-assigned client secret.
             | 百度译文：获取或设置提供程序分配的客户端机密。
            </summary>
        </member>
        <member name="P:Microsoft.AspNetCore.Authentication.OAuth.OAuthOptions.AuthorizationEndpoint">
            <summary>
            Gets or sets the URI where the client will be redirected to authenticate.
             | 百度译文：获取或设置将重定向客户端以进行身份验证的URI。
            </summary>
        </member>
        <member name="P:Microsoft.AspNetCore.Authentication.OAuth.OAuthOptions.TokenEndpoint">
            <summary>
            Gets or sets the URI the middleware will access to exchange the OAuth token.
             | 百度译文：获取或设置中间件将访问以交换OAuth令牌的URI。
            </summary>
        </member>
        <member name="P:Microsoft.AspNetCore.Authentication.OAuth.OAuthOptions.UserInformationEndpoint">
            <summary>
            Gets or sets the URI the middleware will access to obtain the user information.
            This value is not used in the default implementation, it is for use in custom implementations of
            <see cref="P:Microsoft.AspNetCore.Authentication.OAuth.OAuthEvents.OnCreatingTicket" />.
             | 百度译文：获取或设置中间件将访问以获取用户信息的URI。此值不用于默认实现，而是用于<see cref="P:Microsoft.AspNetCore.Authentication.OAuth.OAuthEvents.OnCreatingTicket" />.
            </summary>
        </member>
        <member name="P:Microsoft.AspNetCore.Authentication.OAuth.OAuthOptions.Events">
            <summary>
            Gets or sets the <see cref="T:Microsoft.AspNetCore.Authentication.OAuth.OAuthEvents"/> used to handle authentication events.
             | 百度译文：获取或设置<see cref="T:Microsoft.AspNetCore.Authentication.OAuth.OAuthEvents公司"/>用于处理身份验证事件。
            </summary>
        </member>
        <member name="P:Microsoft.AspNetCore.Authentication.OAuth.OAuthOptions.ClaimActions">
            <summary>
            A collection of claim actions used to select values from the json user data and create Claims.
             | 百度译文：声明操作的集合，用于从json用户数据中选择值并创建声明。
            </summary>
        </member>
        <member name="P:Microsoft.AspNetCore.Authentication.OAuth.OAuthOptions.Scope">
            <summary>
            Gets the list of permissions to request.
             | 百度译文：获取要请求的权限列表。
            </summary>
        </member>
        <member name="P:Microsoft.AspNetCore.Authentication.OAuth.OAuthOptions.StateDataFormat">
            <summary>
            Gets or sets the type used to secure data handled by the middleware.
             | 百度译文：获取或设置用于保护由中间件处理的数据的类型。
            </summary>
        </member>
        <member name="P:Microsoft.AspNetCore.Authentication.OAuth.OAuthOptions.UsePkce">
            <summary>
            Enables or disables the use of the Proof Key for Code Exchange (PKCE) standard. See https://tools.ietf.org/html/rfc7636.
            The default value is `false` but derived handlers should enable this if their provider supports it.
             | 百度译文：启用或禁用代码交换（PKCE）标准的验证密钥的使用。看到了吗https://tools.ietf.org/html/rfc7636。默认值为"false"，但如果其提供程序支持，则派生处理程序应启用该值。
            </summary>
        </member>
        <member name="T:Microsoft.AspNetCore.Authentication.OAuth.OAuthTokenResponse">
            <summary>
            Response from an provider for an OAuth token request.
             | 百度译文：提供程序对OAuth令牌请求的响应。
            </summary>
        </member>
        <member name="M:Microsoft.AspNetCore.Authentication.OAuth.OAuthTokenResponse.#ctor(System.Text.Json.JsonDocument)">
            <summary>
            Initializes a new isntance <see cref="T:Microsoft.AspNetCore.Authentication.OAuth.OAuthTokenResponse"/>.
             | 百度译文：初始化新容器<see cref="T:Microsoft.AspNetCore.Authentication.OAuth.OAuthTokenResponse"/>.
            </summary>
            <param name="response">The received JSON payload.</param>
        </member>
        <member name="M:Microsoft.AspNetCore.Authentication.OAuth.OAuthTokenResponse.Success(System.Text.Json.JsonDocument)">
            <summary>
            Creates a successful <see cref="T:Microsoft.AspNetCore.Authentication.OAuth.OAuthTokenResponse"/>.
             | 百度译文：创建成功的<see cref="T:Microsoft.AspNetCore.Authentication.OAuth.OAuthTokenResponse"/>.
            </summary>
            <param name="response">The received JSON payload.</param>
            <returns>A <see cref="T:Microsoft.AspNetCore.Authentication.OAuth.OAuthTokenResponse"/> instance.</returns>
        </member>
        <member name="M:Microsoft.AspNetCore.Authentication.OAuth.OAuthTokenResponse.Failed(System.Exception)">
            <summary>
            Creates a failed <see cref="T:Microsoft.AspNetCore.Authentication.OAuth.OAuthTokenResponse"/>.
             | 百度译文：创建失败的<see cref="T:Microsoft.AspNetCore.Authentication.OAuth.OAuthTokenResponse"/>.
            </summary>
            <param name="error">The error associated with the failure.</param>
            <returns>A <see cref="T:Microsoft.AspNetCore.Authentication.OAuth.OAuthTokenResponse"/> instance.</returns>
        </member>
        <member name="M:Microsoft.AspNetCore.Authentication.OAuth.OAuthTokenResponse.Dispose">
            <inheritdoc />
        </member>
        <member name="P:Microsoft.AspNetCore.Authentication.OAuth.OAuthTokenResponse.Response">
            <summary>
            Gets or sets the received JSON payload.
             | 百度译文：获取或设置接收到的JSON负载。
            </summary>
        </member>
        <member name="P:Microsoft.AspNetCore.Authentication.OAuth.OAuthTokenResponse.AccessToken">
            <summary>
            Gets or sets the access token issued by the OAuth provider.
             | 百度译文：获取或设置OAuth提供程序颁发的访问令牌。
            </summary>
        </member>
        <member name="P:Microsoft.AspNetCore.Authentication.OAuth.OAuthTokenResponse.TokenType">
            <summary>
            Gets or sets the token type.
             | 百度译文：获取或设置令牌类型。
            </summary>
            <remarks>
            Typically the string “bearer”.
            </remarks>
        </member>
        <member name="P:Microsoft.AspNetCore.Authentication.OAuth.OAuthTokenResponse.RefreshToken">
            <summary>
            Gets or sets a refresh token that applications can use to obtain another access token if tokens can expire.
             | 百度译文：获取或设置一个刷新令牌，如果令牌可能过期，应用程序可以使用该令牌获取另一个访问令牌。
            </summary>
        </member>
        <member name="P:Microsoft.AspNetCore.Authentication.OAuth.OAuthTokenResponse.ExpiresIn">
            <summary>
            Gets or sets the validatity lifetime of the token in seconds.
             | 百度译文：获取或设置令牌的验证生存期（秒）。
            </summary>
        </member>
        <member name="P:Microsoft.AspNetCore.Authentication.OAuth.OAuthTokenResponse.Error">
            <summary>
            The exception in the event the response was a failure.
             | 百度译文：响应失败时的例外情况。
            </summary>
        </member>
        <member name="P:Microsoft.AspNetCore.Authentication.OAuth.Resources.Exception_OptionMustBeProvided">
            <summary>The '{0}' option must be provided. | 百度译文：必须提供{0}选项。
            </summary>
        </member>
        <member name="M:Microsoft.AspNetCore.Authentication.OAuth.Resources.FormatException_OptionMustBeProvided(System.Object)">
            <summary>The '{0}' option must be provided. | 百度译文：必须提供{0}选项。
            </summary>
        </member>
        <member name="P:Microsoft.AspNetCore.Authentication.OAuth.Resources.Exception_ValidatorHandlerMismatch">
            <summary>An ICertificateValidator cannot be specified at the same time as an HttpMessageHandler unless it is a WebRequestHandler. | 百度译文：ICertificateValidator不能与HttpMessageHandler同时指定，除非它是WebRequestHandler。
            </summary>
        </member>
        <member name="T:Microsoft.AspNetCore.Authentication.ClaimActionCollectionMapExtensions">
            <summary>
            Extension methods for <see cref="T:Microsoft.AspNetCore.Authentication.OAuth.Claims.ClaimActionCollection"/>.
             | 百度译文：扩展方法<see cref="T:Microsoft.AspNetCore.Authentication.OAuth.Claims.ClaimActionCollection公司"/>.
            </summary>
        </member>
        <member name="M:Microsoft.AspNetCore.Authentication.ClaimActionCollectionMapExtensions.MapJsonKey(Microsoft.AspNetCore.Authentication.OAuth.Claims.ClaimActionCollection,System.String,System.String)">
            <summary>
            Select a top level value from the json user data with the given key name and add it as a Claim.
            This no-ops if the key is not found or the value is empty.
             | 百度译文：从具有给定键名的json用户数据中选择一个顶级值，并将其作为声明添加。如果找不到密钥或值为空，则不执行操作。
            </summary>
            <param name="collection">The <see cref="T:Microsoft.AspNetCore.Authentication.OAuth.Claims.ClaimActionCollection"/>.</param>
            <param name="claimType">The value to use for Claim.Type when creating a Claim.</param>
            <param name="jsonKey">The top level key to look for in the json user data.</param>
        </member>
        <member name="M:Microsoft.AspNetCore.Authentication.ClaimActionCollectionMapExtensions.MapJsonKey(Microsoft.AspNetCore.Authentication.OAuth.Claims.ClaimActionCollection,System.String,System.String,System.String)">
            <summary>
            Select a top level value from the json user data with the given key name and add it as a Claim.
            This no-ops if the key is not found or the value is empty.
             | 百度译文：从具有给定键名的json用户数据中选择一个顶级值，并将其作为声明添加。如果找不到密钥或值为空，则不执行操作。
            </summary>
            <param name="collection">The <see cref="T:Microsoft.AspNetCore.Authentication.OAuth.Claims.ClaimActionCollection"/>.</param>
            <param name="claimType">The value to use for Claim.Type when creating a Claim.</param>
            <param name="jsonKey">The top level key to look for in the json user data.</param>
            <param name="valueType">The value to use for Claim.ValueType when creating a Claim.</param>
        </member>
        <member name="M:Microsoft.AspNetCore.Authentication.ClaimActionCollectionMapExtensions.MapJsonSubKey(Microsoft.AspNetCore.Authentication.OAuth.Claims.ClaimActionCollection,System.String,System.String,System.String)">
            <summary>
            Select a second level value from the json user data with the given top level key name and second level sub key name and add it as a Claim.
            This no-ops if the keys are not found or the value is empty.
             | 百度译文：从json用户数据中选择一个具有给定顶级键名和二级子键名的二级值，并将其作为声明添加。如果找不到键或值为空，则不执行操作。
            </summary>
            <param name="collection">The <see cref="T:Microsoft.AspNetCore.Authentication.OAuth.Claims.ClaimActionCollection"/>.</param>
            <param name="claimType">The value to use for Claim.Type when creating a Claim.</param>
            <param name="jsonKey">The top level key to look for in the json user data.</param>
            <param name="subKey">The second level key to look for in the json user data.</param>
        </member>
        <member name="M:Microsoft.AspNetCore.Authentication.ClaimActionCollectionMapExtensions.MapJsonSubKey(Microsoft.AspNetCore.Authentication.OAuth.Claims.ClaimActionCollection,System.String,System.String,System.String,System.String)">
            <summary>
            Select a second level value from the json user data with the given top level key name and second level sub key name and add it as a Claim.
            This no-ops if the keys are not found or the value is empty.
             | 百度译文：从json用户数据中选择一个具有给定顶级键名和二级子键名的二级值，并将其作为声明添加。如果找不到键或值为空，则不执行操作。
            </summary>
            <param name="collection">The <see cref="T:Microsoft.AspNetCore.Authentication.OAuth.Claims.ClaimActionCollection"/>.</param>
            <param name="claimType">The value to use for Claim.Type when creating a Claim.</param>
            <param name="jsonKey">The top level key to look for in the json user data.</param>
            <param name="subKey">The second level key to look for in the json user data.</param>
            <param name="valueType">The value to use for Claim.ValueType when creating a Claim.</param>
        </member>
        <member name="M:Microsoft.AspNetCore.Authentication.ClaimActionCollectionMapExtensions.MapCustomJson(Microsoft.AspNetCore.Authentication.OAuth.Claims.ClaimActionCollection,System.String,System.Func{System.Text.Json.JsonElement,System.String})">
            <summary>
            Run the given resolver to select a value from the json user data to add as a claim.
            This no-ops if the returned value is empty.
             | 百度译文：运行给定的解析器，从json用户数据中选择一个值作为声明添加。如果返回值为空，则不执行操作。
            </summary>
            <param name="collection">The <see cref="T:Microsoft.AspNetCore.Authentication.OAuth.Claims.ClaimActionCollection"/>.</param>
            <param name="claimType">The value to use for Claim.Type when creating a Claim.</param>
            <param name="resolver">The Func that will be called to select value from the given json user data.</param>
        </member>
        <member name="M:Microsoft.AspNetCore.Authentication.ClaimActionCollectionMapExtensions.MapCustomJson(Microsoft.AspNetCore.Authentication.OAuth.Claims.ClaimActionCollection,System.String,System.String,System.Func{System.Text.Json.JsonElement,System.String})">
            <summary>
            Run the given resolver to select a value from the json user data to add as a claim.
            This no-ops if the returned value is empty.
             | 百度译文：运行给定的解析器，从json用户数据中选择一个值作为声明添加。如果返回值为空，则不执行操作。
            </summary>
            <param name="collection">The <see cref="T:Microsoft.AspNetCore.Authentication.OAuth.Claims.ClaimActionCollection"/>.</param>
            <param name="claimType">The value to use for Claim.Type when creating a Claim.</param>
            <param name="valueType">The value to use for Claim.ValueType when creating a Claim.</param>
            <param name="resolver">The Func that will be called to select value from the given json user data.</param>
        </member>
        <member name="M:Microsoft.AspNetCore.Authentication.ClaimActionCollectionMapExtensions.MapAll(Microsoft.AspNetCore.Authentication.OAuth.Claims.ClaimActionCollection)">
            <summary>
            Clears any current ClaimsActions and maps all values from the json user data as claims, excluding duplicates.
             | 百度译文：清除所有当前的声明，并将json用户数据中的所有值映射为声明，不包括重复项。
            </summary>
            <param name="collection">The <see cref="T:Microsoft.AspNetCore.Authentication.OAuth.Claims.ClaimActionCollection"/>.</param>
        </member>
        <member name="M:Microsoft.AspNetCore.Authentication.ClaimActionCollectionMapExtensions.MapAllExcept(Microsoft.AspNetCore.Authentication.OAuth.Claims.ClaimActionCollection,System.String[])">
            <summary>
            Clears any current ClaimsActions and maps all values from the json user data as claims, excluding the specified types.
             | 百度译文：清除所有当前的声明，并将json用户数据中的所有值映射为声明，不包括指定的类型。
            </summary>
            <param name="collection">The <see cref="T:Microsoft.AspNetCore.Authentication.OAuth.Claims.ClaimActionCollection"/>.</param>
            <param name="exclusions">The types to exclude.</param>
        </member>
        <member name="M:Microsoft.AspNetCore.Authentication.ClaimActionCollectionMapExtensions.DeleteClaim(Microsoft.AspNetCore.Authentication.OAuth.Claims.ClaimActionCollection,System.String)">
            <summary>
            Delete all claims from the given ClaimsIdentity with the given ClaimType.
             | 百度译文：从具有给定ClaimType的给定ClaimsEntity中删除所有索赔。
            </summary>
            <param name="collection">The <see cref="T:Microsoft.AspNetCore.Authentication.OAuth.Claims.ClaimActionCollection"/>.</param>
            <param name="claimType">The claim type to delete</param>
        </member>
        <member name="M:Microsoft.AspNetCore.Authentication.ClaimActionCollectionMapExtensions.DeleteClaims(Microsoft.AspNetCore.Authentication.OAuth.Claims.ClaimActionCollection,System.String[])">
            <summary>
            Delete all claims from the ClaimsIdentity with the given claimTypes.
             | 百度译文：从具有给定索赔类型的索赔实体中删除所有索赔。
            </summary>
            <param name="collection">The <see cref="T:Microsoft.AspNetCore.Authentication.OAuth.Claims.ClaimActionCollection"/>.</param>
            <param name="claimTypes">The claim types to delete.</param>
        </member>
        <member name="T:Microsoft.Extensions.DependencyInjection.OAuthExtensions">
            <summary>
            Extension methods to add OAuth authentication.
             | 百度译文：用于添加OAuth身份验证的扩展方法。
            </summary>
        </member>
        <member name="M:Microsoft.Extensions.DependencyInjection.OAuthExtensions.AddOAuth(Microsoft.AspNetCore.Authentication.AuthenticationBuilder,System.String,System.Action{Microsoft.AspNetCore.Authentication.OAuth.OAuthOptions})">
            <summary>
            Adds OAuth 2.0 based authentication to <see cref="T:Microsoft.AspNetCore.Authentication.AuthenticationBuilder"/> using the specified authentication scheme.
             | 百度译文：将基于OAuth 2.0的身份验证添加到<see cref="T:Microsoft.AspNetCore.Authentication.AuthenticationBuilder"/>使用指定的身份验证方案。
            </summary>
            <param name="builder">The <see cref="T:Microsoft.AspNetCore.Authentication.AuthenticationBuilder"/>.</param>
            <param name="authenticationScheme">The authentication scheme.</param>
            <param name="configureOptions">A delegate to configure <see cref="T:Microsoft.AspNetCore.Authentication.OAuth.OAuthOptions"/>.</param>
            <returns>A reference to <paramref name="builder"/> after the operation has completed.</returns>
        </member>
        <member name="M:Microsoft.Extensions.DependencyInjection.OAuthExtensions.AddOAuth(Microsoft.AspNetCore.Authentication.AuthenticationBuilder,System.String,System.String,System.Action{Microsoft.AspNetCore.Authentication.OAuth.OAuthOptions})">
            <summary>
            Adds OAuth 2.0 based authentication to <see cref="T:Microsoft.AspNetCore.Authentication.AuthenticationBuilder"/> using the specified authentication scheme.
             | 百度译文：将基于OAuth 2.0的身份验证添加到<see cref="T:Microsoft.AspNetCore.Authentication.AuthenticationBuilder"/>使用指定的身份验证方案。
            </summary>
            <param name="builder">The <see cref="T:Microsoft.AspNetCore.Authentication.AuthenticationBuilder"/>.</param>
            <param name="authenticationScheme">The authentication scheme.</param>
            <param name="displayName">A display name for the authentication handler.</param>
            <param name="configureOptions">A delegate to configure <see cref="T:Microsoft.AspNetCore.Authentication.OAuth.OAuthOptions"/>.</param>
            <returns>A reference to <paramref name="builder"/> after the operation has completed.</returns>
        </member>
        <member name="M:Microsoft.Extensions.DependencyInjection.OAuthExtensions.AddOAuth``2(Microsoft.AspNetCore.Authentication.AuthenticationBuilder,System.String,System.Action{``0})">
            <summary>
            Adds OAuth 2.0 based authentication to <see cref="T:Microsoft.AspNetCore.Authentication.AuthenticationBuilder"/> using the specified authentication scheme.
             | 百度译文：将基于OAuth 2.0的身份验证添加到<see cref="T:Microsoft.AspNetCore.Authentication.AuthenticationBuilder"/>使用指定的身份验证方案。
            </summary>
            <param name="builder">The <see cref="T:Microsoft.AspNetCore.Authentication.AuthenticationBuilder"/>.</param>
            <param name="authenticationScheme">The authentication scheme.</param>
            <param name="configureOptions">A delegate to configure the handler specific options.</param>
            <returns>A reference to <paramref name="builder"/> after the operation has completed.</returns>
        </member>
        <member name="M:Microsoft.Extensions.DependencyInjection.OAuthExtensions.AddOAuth``2(Microsoft.AspNetCore.Authentication.AuthenticationBuilder,System.String,System.String,System.Action{``0})">
            <summary>
            Adds OAuth 2.0 based authentication to <see cref="T:Microsoft.AspNetCore.Authentication.AuthenticationBuilder"/> using the specified authentication scheme.
             | 百度译文：将基于OAuth 2.0的身份验证添加到<see cref="T:Microsoft.AspNetCore.Authentication.AuthenticationBuilder"/>使用指定的身份验证方案。
            </summary>
            <param name="builder">The <see cref="T:Microsoft.AspNetCore.Authentication.AuthenticationBuilder"/>.</param>
            <param name="authenticationScheme">The authentication scheme.</param>
            <param name="displayName">A display name for the authentication handler.</param>
            <param name="configureOptions">A delegate to configure the handler specific options.</param>
            <returns>A reference to <paramref name="builder"/> after the operation has completed.</returns>
        </member>
        <member name="T:Microsoft.Extensions.DependencyInjection.OAuthPostConfigureOptions`2">
            <summary>
            Used to setup defaults for the OAuthOptions.
             | 百度译文：用于设置OAuthOptions的默认值。
            </summary>
        </member>
        <member name="M:Microsoft.Extensions.DependencyInjection.OAuthPostConfigureOptions`2.#ctor(Microsoft.AspNetCore.DataProtection.IDataProtectionProvider)">
            <summary>
            Initializes the <see cref="T:Microsoft.Extensions.DependencyInjection.OAuthPostConfigureOptions`2"/>.
             | 百度译文：初始化<see cref="T:Microsoft.Extensions.DependencyInjection.OAuthPostConfigureOptions`2"/>。
            </summary>
            <param name="dataProtection">The <see cref="T:Microsoft.AspNetCore.DataProtection.IDataProtectionProvider"/>.</param>
        </member>
        <member name="M:Microsoft.Extensions.DependencyInjection.OAuthPostConfigureOptions`2.PostConfigure(System.String,`0)">
            <inheritdoc />
        </member>
    </members>
</doc>