<?xml version="1.0"?>
<doc>
    <assembly>
        <name>Microsoft.AspNetCore.Metadata</name>
    </assembly>
    <members>
        <member name="T:Microsoft.AspNetCore.Authorization.IAllowAnonymous">
            <summary>
            Marker interface to allow access to anonymous users.
             | 百度译文：允许匿名用户访问的标记接口。
            </summary>
        </member>
        <member name="T:Microsoft.AspNetCore.Authorization.IAuthorizeData">
            <summary>
            Defines the set of data required to apply authorization rules to a resource.
             | 百度译文：定义将授权规则应用于资源所需的数据集。
            </summary>
        </member>
        <member name="P:Microsoft.AspNetCore.Authorization.IAuthorizeData.Policy">
            <summary>
            Gets or sets the policy name that determines access to the resource.
             | 百度译文：获取或设置用于确定对资源的访问的策略名称。
            </summary>
        </member>
        <member name="P:Microsoft.AspNetCore.Authorization.IAuthorizeData.Roles">
            <summary>
            Gets or sets a comma delimited list of roles that are allowed to access the resource.
             | 百度译文：获取或设置允许访问资源的以逗号分隔的角色列表。
            </summary>
        </member>
        <member name="P:Microsoft.AspNetCore.Authorization.IAuthorizeData.AuthenticationSchemes">
            <summary>
            Gets or sets a comma delimited list of schemes from which user information is constructed.
             | 百度译文：获取或设置从中构造用户信息的方案的逗号分隔列表。
            </summary>
        </member>
    </members>
</doc>