<?xml version="1.0"?>
<doc>
    <assembly>
        <name>Microsoft.Extensions.Options.DataAnnotations</name>
    </assembly>
    <members>
        <member name="T:Microsoft.Extensions.Options.DataAnnotationValidateOptions`1">
            <summary>
            Implementation of <see cref="T:Microsoft.Extensions.Options.IValidateOptions`1"/> that uses DataAnnotation's <see cref="T:System.ComponentModel.DataAnnotations.Validator"/> for validation.
             | 百度译文：实施<see cref="T:Microsoft.Extensions.Options.IValidateOptions`1"/>，它使用DataAnnotation的<see cref="T:System.ComponentModel.DataAnnotations.Validator"/>进行验证。
            </summary>
            <typeparam name="TOptions">The instance being validated.</typeparam>
        </member>
        <member name="M:Microsoft.Extensions.Options.DataAnnotationValidateOptions`1.#ctor(System.String)">
            <summary>
            Constructor.
             | 百度译文：建造师。
            </summary>
            <param name="name">The name of the option.</param>
        </member>
        <member name="P:Microsoft.Extensions.Options.DataAnnotationValidateOptions`1.Name">
            <summary>
            The options name.
             | 百度译文：选项名称。
            </summary>
        </member>
        <member name="M:Microsoft.Extensions.Options.DataAnnotationValidateOptions`1.Validate(System.String,`0)">
            <summary>
            Validates a specific named options instance (or all when <paramref name="name"/> is null).
             | 百度译文：验证特定的命名选项实例（或当<paramref name="name"/>为空时全部验证）。
            </summary>
            <param name="name">The name of the options instance being validated.</param>
            <param name="options">The options instance.</param>
            <returns>The <see cref="T:Microsoft.Extensions.Options.ValidateOptionsResult"/> result.</returns>
        </member>
        <member name="T:Microsoft.Extensions.DependencyInjection.OptionsBuilderDataAnnotationsExtensions">
            <summary>
            Extension methods for adding configuration related options services to the DI container via <see cref="T:Microsoft.Extensions.Options.OptionsBuilder`1"/>.
             | 百度译文：通过<see cref="T:Microsoft.Extensions.Options.OptionsBuilder`1"/>。
            </summary>
        </member>
        <member name="M:Microsoft.Extensions.DependencyInjection.OptionsBuilderDataAnnotationsExtensions.ValidateDataAnnotations``1(Microsoft.Extensions.Options.OptionsBuilder{``0})">
            <summary>
            Register this options instance for validation of its DataAnnotations.
             | 百度译文：注册此options实例以验证其DataAnnotations。
            </summary>
            <typeparam name="TOptions">The options type to be configured.</typeparam>
            <param name="optionsBuilder">The options builder to add the services to.</param>
            <returns>The <see cref="T:Microsoft.Extensions.Options.OptionsBuilder`1"/> so that additional calls can be chained.</returns>
        </member>
    </members>
</doc>