<?xml version="1.0"?>
<doc>
    <assembly>
        <name>Microsoft.AspNetCore.Http.Connections</name>
    </assembly>
    <members>
        <member name="T:Microsoft.AspNetCore.Builder.ConnectionEndpointRouteBuilder">
            <summary>
            Builds conventions that will be used for customization of Connection <see cref="T:Microsoft.AspNetCore.Builder.EndpointBuilder"/> instances.
             | 百度译文：构建将用于自定义连接的约定<see cref="T:Microsoft.AspNetCore.Builder.EndpointBuilder"/>实例。
            </summary>
        </member>
        <member name="M:Microsoft.AspNetCore.Builder.ConnectionEndpointRouteBuilder.Add(System.Action{Microsoft.AspNetCore.Builder.EndpointBuilder})">
            <summary>
            Adds the specified convention to the builder. Conventions are used to customize <see cref="T:Microsoft.AspNetCore.Builder.EndpointBuilder"/> instances.
             | 百度译文：将指定的约定添加到生成器。惯例用于定制<see cref="T:Microsoft.AspNetCore.Builder.EndpointBuilder"/>实例。
            </summary>
            <param name="convention">The convention to add to the builder.</param>
        </member>
        <member name="T:Microsoft.AspNetCore.Builder.ConnectionEndpointRouteBuilderExtensions">
            <summary>
            Extension methods on <see cref="T:Microsoft.AspNetCore.Routing.IEndpointRouteBuilder"/> that add routes for <see cref="T:Microsoft.AspNetCore.Connections.ConnectionHandler"/>s.
             | 百度译文：扩展方法Microsoft.AspNetCore.Routing.IEndpointRouteBuilder"/>，为<see cref="T:Microsoft.AspNetCore.Connections.ConnectionHandler"/>s。
            </summary>
        </member>
        <member name="M:Microsoft.AspNetCore.Builder.ConnectionEndpointRouteBuilderExtensions.MapConnections(Microsoft.AspNetCore.Routing.IEndpointRouteBuilder,System.String,System.Action{Microsoft.AspNetCore.Connections.IConnectionBuilder})">
            <summary>
            Maps incoming requests with the specified path to the provided connection pipeline.
             | 百度译文：将具有指定路径的传入请求映射到提供的连接管道。
            </summary>
            <param name="endpoints">The <see cref="T:Microsoft.AspNetCore.Routing.IEndpointRouteBuilder"/> to add the route to.</param>
            <param name="pattern">The route pattern.</param>
            <param name="configure">A callback to configure the connection.</param>
            <returns>An <see cref="T:Microsoft.AspNetCore.Builder.ConnectionEndpointRouteBuilder"/> for endpoints associated with the connections.</returns>
        </member>
        <member name="M:Microsoft.AspNetCore.Builder.ConnectionEndpointRouteBuilderExtensions.MapConnectionHandler``1(Microsoft.AspNetCore.Routing.IEndpointRouteBuilder,System.String)">
            <summary>
            Maps incoming requests with the specified path to the provided connection pipeline.
             | 百度译文：将具有指定路径的传入请求映射到提供的连接管道。
            </summary>
            <typeparam name="TConnectionHandler">The <see cref="T:Microsoft.AspNetCore.Connections.ConnectionHandler"/> type.</typeparam>
            <param name="endpoints">The <see cref="T:Microsoft.AspNetCore.Routing.IEndpointRouteBuilder"/> to add the route to.</param>
            <param name="pattern">The route pattern.</param>
            <returns>An <see cref="T:Microsoft.AspNetCore.Builder.ConnectionEndpointRouteBuilder"/> for endpoints associated with the connections.</returns>
        </member>
        <member name="M:Microsoft.AspNetCore.Builder.ConnectionEndpointRouteBuilderExtensions.MapConnectionHandler``1(Microsoft.AspNetCore.Routing.IEndpointRouteBuilder,System.String,System.Action{Microsoft.AspNetCore.Http.Connections.HttpConnectionDispatcherOptions})">
            <summary>
            Maps incoming requests with the specified path to the provided connection pipeline.
             | 百度译文：将具有指定路径的传入请求映射到提供的连接管道。
            </summary>
            <typeparam name="TConnectionHandler">The <see cref="T:Microsoft.AspNetCore.Connections.ConnectionHandler"/> type.</typeparam>
            <param name="endpoints">The <see cref="T:Microsoft.AspNetCore.Routing.IEndpointRouteBuilder"/> to add the route to.</param>
            <param name="pattern">The route pattern.</param>
            <param name="configureOptions">A callback to configure dispatcher options.</param>
            <returns>An <see cref="T:Microsoft.AspNetCore.Builder.ConnectionEndpointRouteBuilder"/> for endpoints associated with the connections.</returns>
        </member>
        <member name="M:Microsoft.AspNetCore.Builder.ConnectionEndpointRouteBuilderExtensions.MapConnections(Microsoft.AspNetCore.Routing.IEndpointRouteBuilder,System.String,Microsoft.AspNetCore.Http.Connections.HttpConnectionDispatcherOptions,System.Action{Microsoft.AspNetCore.Connections.IConnectionBuilder})">
            <summary>
            Maps incoming requests with the specified path to the provided connection pipeline.
             | 百度译文：将具有指定路径的传入请求映射到提供的连接管道。
            </summary>
            <param name="endpoints">The <see cref="T:Microsoft.AspNetCore.Routing.IEndpointRouteBuilder"/> to add the route to.</param>
            <param name="pattern">The route pattern.</param>
            <param name="options">Options used to configure the connection.</param>
            <param name="configure">A callback to configure the connection.</param>
            <returns>An <see cref="T:Microsoft.AspNetCore.Builder.ConnectionEndpointRouteBuilder"/> for endpoints associated with the connections.</returns>
        </member>
        <member name="T:Microsoft.AspNetCore.Http.Connections.ConnectionOptions">
            <summary>
            Options used to change behavior of how connections are handled.
             | 百度译文：用于更改如何处理连接的行为的选项。
            </summary>
        </member>
        <member name="P:Microsoft.AspNetCore.Http.Connections.ConnectionOptions.DisconnectTimeout">
            <summary>
            Gets or sets the interval used by the server to timeout idle connections.
             | 百度译文：获取或设置服务器用于超时空闲连接的间隔。
            </summary>
        </member>
        <member name="T:Microsoft.AspNetCore.Http.Connections.ConnectionOptionsSetup">
            <summary>
            Sets up <see cref="T:Microsoft.AspNetCore.Http.Connections.ConnectionOptions"/>.
             | 百度译文：设置<see cref="T:Microsoft.AspNetCore.Http.连接.连接选项"/>.
            </summary>
        </member>
        <member name="F:Microsoft.AspNetCore.Http.Connections.ConnectionOptionsSetup.DefaultDisconectTimeout">
            <summary>
            Default timeout value for disconnecting idle connections.
             | 百度译文：断开空闲连接的默认超时值。
            </summary>
        </member>
        <member name="M:Microsoft.AspNetCore.Http.Connections.ConnectionOptionsSetup.Configure(Microsoft.AspNetCore.Http.Connections.ConnectionOptions)">
            <summary>
            Sets default values for options if they have not been set yet.
             | 百度译文：为尚未设置的选项设置默认值。
            </summary>
            <param name="options">The <see cref="T:Microsoft.AspNetCore.Http.Connections.ConnectionOptions"/>.</param>
        </member>
        <member name="T:Microsoft.AspNetCore.Http.Connections.Features.IHttpContextFeature">
            <summary>
            Feature set on the <see cref="T:Microsoft.AspNetCore.Connections.ConnectionContext"/> that provides access to the underlying <see cref="T:Microsoft.AspNetCore.Http.HttpContext"/>
            associated with the connection if there is one.
             | 百度译文：上的功能集<see cref="T:Microsoft.AspNetCore.Connections.ConnectionContext"/>提供对底层的访问<see cref="T:Microsoft.AspNetCore.Http.HttpContext"/>与连接关联（如果有）。
            </summary>
        </member>
        <member name="P:Microsoft.AspNetCore.Http.Connections.Features.IHttpContextFeature.HttpContext">
            <summary>
            The <see cref="T:Microsoft.AspNetCore.Http.HttpContext"/> associated with the connection if available. 
             | 百度译文：<see cref="T:Microsoft.AspNetCore.Http.HttpContext"/>与连接关联（如果可用）。
            </summary>
            <remarks>
            Connections can run on top of HTTP transports like WebSockets or Long Polling, or other non-HTTP transports. As a result,
            this API can sometimes return <see langword="null"/> depending on the configuration of your application.
            </remarks>
        </member>
        <member name="T:Microsoft.AspNetCore.Http.Connections.Features.IHttpTransportFeature">
            <summary>
            Feature set on the <see cref="T:Microsoft.AspNetCore.Connections.ConnectionContext"/> that exposes the <see cref="T:Microsoft.AspNetCore.Http.Connections.HttpTransportType"/>
            the connection is using.
             | 百度译文：上的功能集<see cref="T:Microsoft.AspNetCore.Connections.ConnectionContext"/>公开<see cref="T:Microsoft.AspNetCore.Http.Connections.HttpTransportType"/>连接正在使用。
            </summary>
        </member>
        <member name="P:Microsoft.AspNetCore.Http.Connections.Features.IHttpTransportFeature.TransportType">
            <summary>
            The <see cref="T:Microsoft.AspNetCore.Http.Connections.HttpTransportType"/> the connection is using.
             | 百度译文：<see cref="T:Microsoft.AspNetCore.Http.Connections.HttpTransportType"/>连接正在使用。
            </summary>
        </member>
        <member name="T:Microsoft.AspNetCore.Http.Connections.HttpConnectionContextExtensions">
            <summary>
            Extension method to get the underlying <see cref="T:Microsoft.AspNetCore.Http.HttpContext"/> of the connection if there is one.
             | 百度译文：扩展方法来获取底层<see cref="T:Microsoft.AspNetCore.Http.HttpContext"/>，如果有连接的话。
            </summary>
        </member>
        <member name="M:Microsoft.AspNetCore.Http.Connections.HttpConnectionContextExtensions.GetHttpContext(Microsoft.AspNetCore.Connections.ConnectionContext)">
            <summary>
            Gets the <see cref="T:Microsoft.AspNetCore.Http.HttpContext"/> associated with the connection, if there is one.
             | 百度译文：获取<see cref="T:Microsoft.AspNetCore.Http.HttpContext"/>与连接关联（如果有）。
            </summary>
            <param name="connection">The <see cref="T:Microsoft.AspNetCore.Connections.ConnectionContext"/> representing the connection.</param>
            <returns>The <see cref="T:Microsoft.AspNetCore.Http.HttpContext"/> associated with the connection, or <see langword="null"/> if the connection is not HTTP-based.</returns>
            <remarks>
            SignalR connections can run on top of HTTP transports like WebSockets or Long Polling, or other non-HTTP transports. As a result,
            this method can sometimes return <see langword="null"/> depending on the configuration of your application.
            </remarks>
        </member>
        <member name="T:Microsoft.AspNetCore.Http.Connections.HttpConnectionDispatcherOptions">
            <summary>
            Options used to configure the HTTP connection dispatcher.
             | 百度译文：用于配置HTTP连接调度程序的选项。
            </summary>
        </member>
        <member name="M:Microsoft.AspNetCore.Http.Connections.HttpConnectionDispatcherOptions.#ctor">
            <summary>
            Initializes a new instance of the <see cref="T:Microsoft.AspNetCore.Http.Connections.HttpConnectionDispatcherOptions"/> class.
             | 百度译文：初始化的新实例<see cref="T:Microsoft.AspNetCore.Http.Connections.HttpConnectionDispatcherOptions"/>班级。
            </summary>
        </member>
        <member name="P:Microsoft.AspNetCore.Http.Connections.HttpConnectionDispatcherOptions.AuthorizationData">
            <summary>
            Gets a collection of <see cref="T:Microsoft.AspNetCore.Authorization.IAuthorizeData"/> used during HTTP connection pipeline.
             | 百度译文：获取<see cref="T:Microsoft.AspNetCore.Authorization.IAuthorizeData"/>在HTTP连接管道期间使用。
            </summary>
        </member>
        <member name="P:Microsoft.AspNetCore.Http.Connections.HttpConnectionDispatcherOptions.Transports">
            <summary>
            Gets or sets a bitmask combining one or more <see cref="T:Microsoft.AspNetCore.Http.Connections.HttpTransportType"/> values that specify what transports the server should use to receive HTTP requests.
             | 百度译文：获取或设置组合一个或多个的位掩码<see cref="T:Microsoft.AspNetCore.Http.Connections.HttpTransportType"/>指定服务器应使用哪些传输来接收HTTP请求的值。
            </summary>
        </member>
        <member name="P:Microsoft.AspNetCore.Http.Connections.HttpConnectionDispatcherOptions.WebSockets">
            <summary>
            Gets the <see cref="T:Microsoft.AspNetCore.Http.Connections.WebSocketOptions"/> used by the web sockets transport.
             | 百度译文：获取<see cref="T:Microsoft.AspNetCore.Http.Connections.WebSocketOptions"/>由web套接字传输使用。
            </summary>
        </member>
        <member name="P:Microsoft.AspNetCore.Http.Connections.HttpConnectionDispatcherOptions.LongPolling">
            <summary>
            Gets the <see cref="T:Microsoft.AspNetCore.Http.Connections.LongPollingOptions"/> used by the long polling transport.
             | 百度译文：获取<see cref="T:Microsoft.AspNetCore.Http.连接.长轮询选项"/>由长轮询传输使用。
            </summary>
        </member>
        <member name="P:Microsoft.AspNetCore.Http.Connections.HttpConnectionDispatcherOptions.TransportMaxBufferSize">
            <summary>
            Gets or sets the maximum buffer size of the transport writer.
             | 百度译文：获取或设置传输写入程序的最大缓冲区大小。
            </summary>
        </member>
        <member name="P:Microsoft.AspNetCore.Http.Connections.HttpConnectionDispatcherOptions.ApplicationMaxBufferSize">
            <summary>
            Gets or sets the maximum buffer size of the application writer.
             | 百度译文：获取或设置应用程序编写器的最大缓冲区大小。
            </summary>
        </member>
        <member name="P:Microsoft.AspNetCore.Http.Connections.HttpConnectionDispatcherOptions.MinimumProtocolVersion">
            <summary>
            Gets or sets the minimum protocol verison supported by the server.
            The default value is 0, the lowest possible protocol version.
             | 百度译文：获取或设置服务器支持的最低协议验证。默认值为0，即可能的最低协议版本。
            </summary>
        </member>
        <member name="M:Microsoft.AspNetCore.Http.Connections.Internal.HttpConnectionContext.#ctor(System.String,System.String,Microsoft.Extensions.Logging.ILogger)">
            <summary>
            Creates the DefaultConnectionContext without Pipes to avoid upfront allocations.
            The caller is expected to set the <see cref="P:Microsoft.AspNetCore.Http.Connections.Internal.HttpConnectionContext.Transport"/> and <see cref="P:Microsoft.AspNetCore.Http.Connections.Internal.HttpConnectionContext.Application"/> pipes manually.
             | 百度译文：创建不带管道的DefaultConnectionContext，以避免预先分配。调用者应设置<see cref="P:Microsoft.AspNetCore.Http.Connections.Internal.HttpConnectionContext.Transport"/>和<see cref="P:Microsoft.AspNetCore.Http.Connections.Internal.HttpConnectionContext.Application"/>手动管道。
            </summary>
            <param name="connectionId"></param>
            <param name="connectionToken"></param>
            <param name="logger"></param>
        </member>
        <member name="M:Microsoft.AspNetCore.Http.Connections.Internal.HttpConnectionManager.CreateConnection(System.IO.Pipelines.PipeOptions,System.IO.Pipelines.PipeOptions,System.Int32)">
            <summary>
            Creates a connection without Pipes setup to allow saving allocations until Pipes are needed.
             | 百度译文：创建不带管道设置的连接，以允许在需要管道之前保存分配。
            </summary>
            <returns></returns>
        </member>
        <member name="M:Microsoft.AspNetCore.Http.Connections.Internal.Transports.IHttpTransport.ProcessRequestAsync(Microsoft.AspNetCore.Http.HttpContext,System.Threading.CancellationToken)">
            <summary>
            Executes the transport
             | 百度译文：执行传输
            </summary>
            <param name="context"></param>
            <param name="token"></param>
            <returns>A <see cref="T:System.Threading.Tasks.Task"/> that completes when the transport has finished processing</returns>
        </member>
        <member name="T:Microsoft.AspNetCore.Http.Connections.LongPollingOptions">
            <summary>
            Options used to configure the long polling transport.
             | 百度译文：用于配置长轮询传输的选项。
            </summary>
        </member>
        <member name="P:Microsoft.AspNetCore.Http.Connections.LongPollingOptions.PollTimeout">
            <summary>
            Gets or sets the poll timeout.
             | 百度译文：获取或设置轮询超时。
            </summary>
        </member>
        <member name="T:Microsoft.AspNetCore.Http.Connections.NegotiateMetadata">
            <summary>
            Metadata to identify the /negotiate endpoint for HTTP connections
             | 百度译文：用于标识HTTP连接的/协商端点的元数据
            </summary>
        </member>
        <member name="M:Microsoft.AspNetCore.Http.Connections.ServerSentEventsMessageFormatter.GetLastSegment(System.Buffers.ReadOnlySequence{System.Byte}@,System.Int64@)">
            <summary>
            Gets the last memory segment in a sequence.
             | 百度译文：获取序列中的最后一个内存段。
            </summary>
            <param name="source">Source sequence.</param>
            <param name="offset">The offset the segment starts at.</param>
            <returns>The last memory segment in a sequence.</returns>
        </member>
        <member name="T:Microsoft.AspNetCore.Http.Connections.WebSocketOptions">
            <summary>
            Options used by the WebSockets transport to modify the transports behavior.
             | 百度译文：WebSockets传输用于修改传输行为的选项。
            </summary>
        </member>
        <member name="P:Microsoft.AspNetCore.Http.Connections.WebSocketOptions.CloseTimeout">
            <summary>
            Gets or sets the amount of time the WebSocket transport will wait for a graceful close before starting an ungraceful close.
             | 百度译文：获取或设置WebSocket传输在开始非正常关闭之前等待正常关闭的时间量。
            </summary>
            <value>Defaults to 5 seconds</value>
        </member>
        <member name="P:Microsoft.AspNetCore.Http.Connections.WebSocketOptions.SubProtocolSelector">
            <summary>
            Gets or sets a delegate that will be called when a new WebSocket is established to select the value
            for the 'Sec-WebSocket-Protocol' response header. The delegate will be called with a list of the protocols provided
            by the client in the 'Sec-WebSocket-Protocol' request header.
             | 百度译文：获取或设置在建立新WebSocket以选择"Sec-WebSocket-Protocol"响应头的值时将调用的委托。将使用客户端在"Sec WebSocket Protocol"请求头中提供的协议列表调用委托。
            </summary>
            <remarks>
            See RFC 6455 section 1.3 for more details on the WebSocket handshake: https://tools.ietf.org/html/rfc6455#section-1.3
            </remarks>
        </member>
        <member name="T:Microsoft.AspNetCore.Internal.MemoryBufferWriter.CompletedBuffer">
            <summary>
            Holds a byte[] from the pool and a size value. Basically a Memory but guaranteed to be backed by an ArrayPool byte[], so that we know we can return it.
             | 百度译文：保存池中的字节[]和大小值。基本上是一个内存，但保证由ArrayPool byte[]支持，这样我们就可以返回它。
            </summary>
        </member>
        <member name="T:Microsoft.Extensions.DependencyInjection.ConnectionsDependencyInjectionExtensions">
            <summary>
            Extension methods for <see cref="T:Microsoft.Extensions.DependencyInjection.IServiceCollection"/>.
             | 百度译文：扩展方法<see cref="T:Microsoft.Extensions.DependencyInjection.IServiceCollection"/>。
            </summary>
        </member>
        <member name="M:Microsoft.Extensions.DependencyInjection.ConnectionsDependencyInjectionExtensions.AddConnections(Microsoft.Extensions.DependencyInjection.IServiceCollection)">
            <summary>
            Adds required services for ASP.NET Core Connection Handlers to the specified <see cref="T:Microsoft.Extensions.DependencyInjection.IServiceCollection" />.
             | 百度译文：添加所需的服务ASP.NET到指定的核心连接处理程序<see cref="T:Microsoft.Extensions.DependencyInjection.IServiceCollection"/>。
            </summary>
            <param name="services">The <see cref="T:Microsoft.Extensions.DependencyInjection.IServiceCollection" /> to add services to.</param>
            <returns>The same instance of the <see cref="T:Microsoft.Extensions.DependencyInjection.IServiceCollection"/> for chaining.</returns>
        </member>
        <member name="M:Microsoft.Extensions.DependencyInjection.ConnectionsDependencyInjectionExtensions.AddConnections(Microsoft.Extensions.DependencyInjection.IServiceCollection,System.Action{Microsoft.AspNetCore.Http.Connections.ConnectionOptions})">
            <summary>
            Adds required services for ASP.NET Core Connection Handlers to the specified <see cref="T:Microsoft.Extensions.DependencyInjection.IServiceCollection" />.
             | 百度译文：添加所需的服务ASP.NET到指定的核心连接处理程序<see cref="T:Microsoft.Extensions.DependencyInjection.IServiceCollection"/>。
            </summary>
            <param name="services">The <see cref="T:Microsoft.Extensions.DependencyInjection.IServiceCollection" /> to add services to.</param>
            <param name="options">A callback to configure  <see cref="T:Microsoft.AspNetCore.Http.Connections.ConnectionOptions" /></param>
            <returns>The same instance of the <see cref="T:Microsoft.Extensions.DependencyInjection.IServiceCollection"/> for chaining.</returns>
        </member>
        <member name="T:Microsoft.Extensions.Internal.SecurityHelper">
            <summary>
            Helper code used when implementing authentication middleware
             | 百度译文：实现身份验证中间件时使用的帮助程序代码
            </summary>
        </member>
        <member name="M:Microsoft.Extensions.Internal.SecurityHelper.MergeUserPrincipal(System.Security.Claims.ClaimsPrincipal,System.Security.Claims.ClaimsPrincipal)">
            <summary>
            Add all ClaimsIdentities from an additional ClaimPrincipal to the ClaimsPrincipal
            Merges a new claims principal, placing all new identities first, and eliminating
            any empty unauthenticated identities from context.User
             | 百度译文：将所有ClaimsIdentity从一个附加的ClaimPrincipal添加到ClaimsPrincipal合并一个新的ClaimPrincipal，将所有新标识放在第一位，并从中消除任何空的未经身份验证的标识上下文。用户
            </summary>
            <param name="existingPrincipal">The <see cref="T:System.Security.Claims.ClaimsPrincipal"/> containing existing <see cref="T:System.Security.Claims.ClaimsIdentity"/>.</param>
            <param name="additionalPrincipal">The <see cref="T:System.Security.Claims.ClaimsPrincipal"/> containing <see cref="T:System.Security.Claims.ClaimsIdentity"/> to be added.</param>
        </member>
        <member name="T:Microsoft.Extensions.Internal.WebEncoders">
            <summary>
            Contains utility APIs to assist with common encoding and decoding operations.
             | 百度译文：包含实用程序API，以帮助执行常见的编码和解码操作。
            </summary>
        </member>
        <member name="M:Microsoft.Extensions.Internal.WebEncoders.Base64UrlDecode(System.String)">
            <summary>
            Decodes a base64url-encoded string.
             | 百度译文：解码base64url编码的字符串。
            </summary>
            <param name="input">The base64url-encoded input to decode.</param>
            <returns>The base64url-decoded form of the input.</returns>
            <remarks>
            The input must not contain any whitespace or padding characters.
            Throws <see cref="T:System.FormatException"/> if the input is malformed.
            </remarks>
        </member>
        <member name="M:Microsoft.Extensions.Internal.WebEncoders.Base64UrlDecode(System.String,System.Int32,System.Int32)">
            <summary>
            Decodes a base64url-encoded substring of a given string.
             | 百度译文：解码给定字符串的base64url编码的子字符串。
            </summary>
            <param name="input">A string containing the base64url-encoded input to decode.</param>
            <param name="offset">The position in <paramref name="input"/> at which decoding should begin.</param>
            <param name="count">The number of characters in <paramref name="input"/> to decode.</param>
            <returns>The base64url-decoded form of the input.</returns>
            <remarks>
            The input must not contain any whitespace or padding characters.
            Throws <see cref="T:System.FormatException"/> if the input is malformed.
            </remarks>
        </member>
        <member name="M:Microsoft.Extensions.Internal.WebEncoders.Base64UrlDecode(System.String,System.Int32,System.Char[],System.Int32,System.Int32)">
            <summary>
            Decodes a base64url-encoded <paramref name="input"/> into a <c>byte[]</c>.
             | 百度译文：将编码为<paramref name="input"/>的base64url解码为<c>字节[]</c>。
            </summary>
            <param name="input">A string containing the base64url-encoded input to decode.</param>
            <param name="offset">The position in <paramref name="input"/> at which decoding should begin.</param>
            <param name="buffer">
            Scratch buffer to hold the <see cref="T:System.Char"/>s to decode. Array must be large enough to hold
            <paramref name="bufferOffset"/> and <paramref name="count"/> characters as well as Base64 padding
            characters. Content is not preserved.
            </param>
            <param name="bufferOffset">
            The offset into <paramref name="buffer"/> at which to begin writing the <see cref="T:System.Char"/>s to decode.
            </param>
            <param name="count">The number of characters in <paramref name="input"/> to decode.</param>
            <returns>The base64url-decoded form of the <paramref name="input"/>.</returns>
            <remarks>
            The input must not contain any whitespace or padding characters.
            Throws <see cref="T:System.FormatException"/> if the input is malformed.
            </remarks>
        </member>
        <member name="M:Microsoft.Extensions.Internal.WebEncoders.GetArraySizeRequiredToDecode(System.Int32)">
            <summary>
            Gets the minimum <c>char[]</c> size required for decoding of <paramref name="count"/> characters
            with the <see cref="M:Microsoft.Extensions.Internal.WebEncoders.Base64UrlDecode(System.String,System.Int32,System.Char[],System.Int32,System.Int32)"/> method.
             | 百度译文：获取解码<paramf name="count"/>字符所需的最小<c>char[]</c>大小Microsoft.Extensions.Internal.WebEncoders.Base64UrlDecode(系统.字符串,System.Int32,字符串属性[],System.Int32,System.Int32)"/>方法。
            </summary>
            <param name="count">The number of characters to decode.</param>
            <returns>
            The minimum <c>char[]</c> size required for decoding  of <paramref name="count"/> characters.
            </returns>
        </member>
        <member name="M:Microsoft.Extensions.Internal.WebEncoders.Base64UrlEncode(System.Byte[])">
            <summary>
            Encodes <paramref name="input"/> using base64url encoding.
             | 百度译文：使用base64url编码对<paramref name="input"/>进行编码。
            </summary>
            <param name="input">The binary input to encode.</param>
            <returns>The base64url-encoded form of <paramref name="input"/>.</returns>
        </member>
        <member name="M:Microsoft.Extensions.Internal.WebEncoders.Base64UrlEncode(System.Byte[],System.Int32,System.Int32)">
            <summary>
            Encodes <paramref name="input"/> using base64url encoding.
             | 百度译文：使用base64url编码对<paramref name="input"/>进行编码。
            </summary>
            <param name="input">The binary input to encode.</param>
            <param name="offset">The offset into <paramref name="input"/> at which to begin encoding.</param>
            <param name="count">The number of bytes from <paramref name="input"/> to encode.</param>
            <returns>The base64url-encoded form of <paramref name="input"/>.</returns>
        </member>
        <member name="M:Microsoft.Extensions.Internal.WebEncoders.Base64UrlEncode(System.Byte[],System.Int32,System.Char[],System.Int32,System.Int32)">
            <summary>
            Encodes <paramref name="input"/> using base64url encoding.
             | 百度译文：使用base64url编码对<paramref name="input"/>进行编码。
            </summary>
            <param name="input">The binary input to encode.</param>
            <param name="offset">The offset into <paramref name="input"/> at which to begin encoding.</param>
            <param name="output">
            Buffer to receive the base64url-encoded form of <paramref name="input"/>. Array must be large enough to
            hold <paramref name="outputOffset"/> characters and the full base64-encoded form of
            <paramref name="input"/>, including padding characters.
            </param>
            <param name="outputOffset">
            The offset into <paramref name="output"/> at which to begin writing the base64url-encoded form of
            <paramref name="input"/>.
            </param>
            <param name="count">The number of <c>byte</c>s from <paramref name="input"/> to encode.</param>
            <returns>
            The number of characters written to <paramref name="output"/>, less any padding characters.
            </returns>
        </member>
        <member name="M:Microsoft.Extensions.Internal.WebEncoders.GetArraySizeRequiredToEncode(System.Int32)">
            <summary>
            Get the minimum output <c>char[]</c> size required for encoding <paramref name="count"/>
            <see cref="T:System.Byte"/>s with the <see cref="M:Microsoft.Extensions.Internal.WebEncoders.Base64UrlEncode(System.Byte[],System.Int32,System.Char[],System.Int32,System.Int32)"/> method.
             | 百度译文：获取编码所需的最小输出<c>char[]</c>大小<paramref name="count"/><see cref="T:系统字节"/>带有<see cref="M:Microsoft.Extensions.Internal.WebEncoders.Base64UrlEncode(系统字节[],系统Int32,字符串属性[],系统Int32,系统Int32)"/>方法。
            </summary>
            <param name="count">The number of characters to encode.</param>
            <returns>
            The minimum output <c>char[]</c> size required for encoding <paramref name="count"/> <see cref="T:System.Byte"/>s.
            </returns>
        </member>
        <member name="M:Microsoft.Extensions.Internal.WebEncoders.Base64UrlEncode(System.ReadOnlySpan{System.Byte})">
            <summary>
            Encodes <paramref name="input"/> using base64url encoding.
             | 百度译文：使用base64url编码对<paramref name="input"/>进行编码。
            </summary>
            <param name="input">The binary input to encode.</param>
            <returns>The base64url-encoded form of <paramref name="input"/>.</returns>
        </member>
        <member name="F:Microsoft.Extensions.WebEncoders.Sources.EncoderResources.WebEncoders_InvalidCountOffsetOrLength">
            <summary>
            Invalid {0}, {1} or {2} length.
             | 百度译文：{1}或0}无效。
            </summary>
        </member>
        <member name="F:Microsoft.Extensions.WebEncoders.Sources.EncoderResources.WebEncoders_MalformedInput">
            <summary>
            Malformed input: {0} is an invalid input length.
             | 百度译文：格式错误的输入：{0}是无效的输入长度。
            </summary>
        </member>
        <member name="M:Microsoft.Extensions.WebEncoders.Sources.EncoderResources.FormatWebEncoders_InvalidCountOffsetOrLength(System.Object,System.Object,System.Object)">
            <summary>
            Invalid {0}, {1} or {2} length.
             | 百度译文：{1}或0}无效。
            </summary>
        </member>
        <member name="M:Microsoft.Extensions.WebEncoders.Sources.EncoderResources.FormatWebEncoders_MalformedInput(System.Object)">
            <summary>
            Malformed input: {0} is an invalid input length.
             | 百度译文：格式错误的输入：{0}是无效的输入长度。
            </summary>
        </member>
    </members>
</doc>