<?xml version="1.0"?>
<doc>
    <assembly>
        <name>Microsoft.AspNetCore.Connections.Abstractions</name>
    </assembly>
    <members>
        <member name="P:Microsoft.AspNetCore.Connections.BaseConnectionContext.ConnectionId">
            <summary>
            Gets or sets a unique identifier to represent this connection in trace logs.
             | 百度译文：获取或设置在跟踪日志中表示此连接的唯一标识符。
            </summary>
        </member>
        <member name="P:Microsoft.AspNetCore.Connections.BaseConnectionContext.Features">
            <summary>
            Gets the collection of features provided by the server and middleware available on this connection.
             | 百度译文：获取此连接上可用的服务器和中间件提供的功能的集合。
            </summary>
        </member>
        <member name="P:Microsoft.AspNetCore.Connections.BaseConnectionContext.Items">
            <summary>
            Gets or sets a key/value collection that can be used to share data within the scope of this connection.
             | 百度译文：获取或设置可用于在此连接范围内共享数据的键/值集合。
            </summary>
        </member>
        <member name="P:Microsoft.AspNetCore.Connections.BaseConnectionContext.ConnectionClosed">
            <summary>
            Triggered when the client connection is closed.
             | 百度译文：客户端连接关闭时触发。
            </summary>
        </member>
        <member name="P:Microsoft.AspNetCore.Connections.BaseConnectionContext.LocalEndPoint">
            <summary>
            Gets or sets the local endpoint for this connection.
             | 百度译文：获取或设置此连接的本地终结点。
            </summary>
        </member>
        <member name="P:Microsoft.AspNetCore.Connections.BaseConnectionContext.RemoteEndPoint">
            <summary>
            Gets or sets the remote endpoint for this connection.
             | 百度译文：获取或设置此连接的远程终结点。
            </summary>
        </member>
        <member name="M:Microsoft.AspNetCore.Connections.BaseConnectionContext.Abort">
            <summary>
            Aborts the underlying connection.
             | 百度译文：中止基础连接。
            </summary>
        </member>
        <member name="M:Microsoft.AspNetCore.Connections.BaseConnectionContext.Abort(Microsoft.AspNetCore.Connections.ConnectionAbortedException)">
            <summary>
            Aborts the underlying connection.
             | 百度译文：中止基础连接。
            </summary>
            <param name="abortReason">An optional <see cref="T:Microsoft.AspNetCore.Connections.ConnectionAbortedException"/> describing the reason the connection is being terminated.</param>
        </member>
        <member name="M:Microsoft.AspNetCore.Connections.BaseConnectionContext.DisposeAsync">
            <summary>
            Releases resources for the underlying connection.
             | 百度译文：释放基础连接的资源。
            </summary>
            <returns>A <see cref="T:System.Threading.Tasks.ValueTask"/> that completes when resources have been released.</returns>
        </member>
        <member name="T:Microsoft.AspNetCore.Connections.ConnectionContext">
            <summary>
            Encapsulates all information about an individual connection.
             | 百度译文：封装有关单个连接的所有信息。
            </summary>
        </member>
        <member name="P:Microsoft.AspNetCore.Connections.ConnectionContext.Transport">
            <summary>
            Gets or sets the <see cref="T:System.IO.Pipelines.IDuplexPipe"/> that can be used to read or write data on this connection.
             | 百度译文：获取或设置<see cref="T:系统IO管道.IDuplexPipe"/>，可用于读取或写入此连接上的数据。
            </summary>
        </member>
        <member name="M:Microsoft.AspNetCore.Connections.ConnectionContext.Abort(Microsoft.AspNetCore.Connections.ConnectionAbortedException)">
            <summary>
            Aborts the underlying connection.
             | 百度译文：中止基础连接。
            </summary>
            <param name="abortReason">An optional <see cref="T:Microsoft.AspNetCore.Connections.ConnectionAbortedException"/> describing the reason the connection is being terminated.</param>
        </member>
        <member name="M:Microsoft.AspNetCore.Connections.ConnectionContext.Abort">
            <summary>
            Aborts the underlying connection.
             | 百度译文：中止基础连接。
            </summary>
        </member>
        <member name="T:Microsoft.AspNetCore.Connections.ConnectionDelegate">
            <summary>
            A function that can process a connection.
             | 百度译文：可以处理连接的函数。
            </summary>
            <param name="connection">A <see cref="T:Microsoft.AspNetCore.Connections.ConnectionContext" /> representing the connection.</param>
            <returns>A <see cref="T:System.Threading.Tasks.Task"/> that represents the connection lifetime. When the task completes, the connection will be closed.</returns>
        </member>
        <member name="T:Microsoft.AspNetCore.Connections.ConnectionHandler">
            <summary>
            Represents an endpoint that multiple connections connect to. For HTTP, endpoints are URLs, for non-HTTP it can be a TCP listener (or similar).
             | 百度译文：表示多个连接连接到的终结点。对于HTTP，端点是url，对于非HTTP，它可以是TCP侦听器（或类似的）。
            </summary>
        </member>
        <member name="M:Microsoft.AspNetCore.Connections.ConnectionHandler.OnConnectedAsync(Microsoft.AspNetCore.Connections.ConnectionContext)">
            <summary>
            Called when a new connection is accepted to the endpoint.
             | 百度译文：在接收到终结点的新连接时调用。
            </summary>
            <param name="connection">The new <see cref="T:Microsoft.AspNetCore.Connections.ConnectionContext"/></param>
            <returns>A <see cref="T:System.Threading.Tasks.Task"/> that represents the connection lifetime. When the task completes, the connection is complete.</returns>
        </member>
        <member name="M:Microsoft.AspNetCore.Connections.DefaultConnectionContext.#ctor(System.String)">
            <summary>
            Creates the DefaultConnectionContext without Pipes to avoid upfront allocations.
            The caller is expected to set the <see cref="P:Microsoft.AspNetCore.Connections.DefaultConnectionContext.Transport"/> and <see cref="P:Microsoft.AspNetCore.Connections.DefaultConnectionContext.Application"/> pipes manually.
             | 百度译文：创建不带管道的DefaultConnectionContext，以避免预先分配。调用者应设置<see cref="P:Microsoft.AspNetCore.Connections.德法ultConnectionContext.Transport"/>和<see cref="P:Microsoft.AspNetCore.Connections.德法ultConnectionContext.应用程序"/>手动管道。
            </summary>
            <param name="id"></param>
        </member>
        <member name="T:Microsoft.AspNetCore.Connections.Features.IConnectionCompleteFeature">
            <summary>
            Represents the completion action for a connection.
             | 百度译文：表示连接的完成操作。
            </summary>
        </member>
        <member name="M:Microsoft.AspNetCore.Connections.Features.IConnectionCompleteFeature.OnCompleted(System.Func{System.Object,System.Threading.Tasks.Task},System.Object)">
            <summary>
            Registers a callback to be invoked after a connection has fully completed processing. This is
            intended for resource cleanup.
             | 百度译文：注册在连接完全完成处理后要调用的回调。这是为了清理资源。
            </summary>
            <param name="callback">The callback to invoke after the connection has completed processing.</param>
            <param name="state">The state to pass into the callback.</param>
        </member>
        <member name="T:Microsoft.AspNetCore.Connections.Features.IConnectionInherentKeepAliveFeature">
            <summary>
            Indicates if the connection transport has an "inherent keep-alive", which means that the transport will automatically
            inform the client that it is still present.
             | 百度译文：指示连接传输是否具有"固有的保持活动"，这意味着传输将自动通知客户端它仍然存在。
            </summary>
            <remarks>
            The most common example of this feature is the Long Polling HTTP transport, which must (due to HTTP limitations) terminate
            each poll within a particular interval and return a signal indicating "the server is still here, but there is no data yet".
            This feature allows applications to add keep-alive functionality, but limit it only to transports that don't have some kind
            of inherent keep-alive.
            </remarks>
        </member>
        <member name="T:Microsoft.AspNetCore.Connections.FileHandleType">
            <summary>
            Enumerates the <see cref="T:Microsoft.AspNetCore.Connections.FileHandleEndPoint"/> types.
             | 百度译文：枚举<see cref="T:Microsoft.AspNetCore.Connections.FileHandleEndPoint"/>类型。
            </summary>
        </member>
        <member name="T:Microsoft.AspNetCore.Connections.IConnectionBuilder">
            <summary>
            Defines an interface that provides the mechanisms to configure a connection pipeline.
             | 百度译文：定义一个接口，该接口提供配置连接管道的机制。
            </summary>
        </member>
        <member name="P:Microsoft.AspNetCore.Connections.IConnectionBuilder.ApplicationServices">
            <summary>
            Gets the <see cref="T:System.IServiceProvider"/> that provides access to the application's service container.
             | 百度译文：获取<see cref="T:System.IServiceProvider"/>，它提供对应用程序服务容器的访问。
            </summary>
        </member>
        <member name="M:Microsoft.AspNetCore.Connections.IConnectionBuilder.Use(System.Func{Microsoft.AspNetCore.Connections.ConnectionDelegate,Microsoft.AspNetCore.Connections.ConnectionDelegate})">
            <summary>
            Adds a middleware delegate to the application's connection pipeline.
             | 百度译文：向应用程序的连接管道添加中间件委托。
            </summary>
            <param name="middleware">The middleware delegate.</param>
            <returns>The <see cref="T:Microsoft.AspNetCore.Connections.IConnectionBuilder"/>.</returns>
        </member>
        <member name="M:Microsoft.AspNetCore.Connections.IConnectionBuilder.Build">
            <summary>
            Builds the delegate used by this application to process connections.
             | 百度译文：生成此应用程序用于处理连接的委托。
            </summary>
            <returns>The connection handling delegate.</returns>
        </member>
        <member name="T:Microsoft.AspNetCore.Connections.IConnectionFactory">
            <summary>
            A factory abstraction for creating connections to an endpoint.
             | 百度译文：用于创建到端点的连接的工厂抽象。
            </summary>
        </member>
        <member name="M:Microsoft.AspNetCore.Connections.IConnectionFactory.ConnectAsync(System.Net.EndPoint,System.Threading.CancellationToken)">
            <summary>
            Creates a new connection to an endpoint.
             | 百度译文：创建到终结点的新连接。
            </summary>
            <param name="endpoint">The <see cref="T:System.Net.EndPoint"/> to connect to.</param>
            <param name="cancellationToken">The token to monitor for cancellation requests. The default value is <see cref="P:System.Threading.CancellationToken.None" />.</param>
            <returns>
            A <see cref="T:System.Threading.Tasks.ValueTask`1" /> that represents the asynchronous connect, yielding the <see cref="T:Microsoft.AspNetCore.Connections.ConnectionContext" /> for the new connection when completed.
            </returns>
        </member>
        <member name="T:Microsoft.AspNetCore.Connections.IConnectionListener">
            <summary>
            Defines an interface that represents a listener bound to a specific <see cref="P:Microsoft.AspNetCore.Connections.IConnectionListener.EndPoint"/>.
             | 百度译文：定义一个接口，该接口表示绑定到特定<see cref="P:Microsoft.AspNetCore.Connections.IConnectionListener.EndPoint"/>.
            </summary>
        </member>
        <member name="P:Microsoft.AspNetCore.Connections.IConnectionListener.EndPoint">
            <summary>
            The endpoint that was bound. This may differ from the requested endpoint, such as when the caller requested that any free port be selected.
             | 百度译文：绑定的终结点。这可能与请求的端点不同，例如当调用方请求选择任何空闲端口时。
            </summary>
        </member>
        <member name="M:Microsoft.AspNetCore.Connections.IConnectionListener.AcceptAsync(System.Threading.CancellationToken)">
            <summary>
            Begins an asynchronous operation to accept an incoming connection.
             | 百度译文：开始异步操作以接受传入连接。
            </summary>
            <param name="cancellationToken">The token to monitor for cancellation requests.</param>
            <returns>A <see cref="T:System.Threading.Tasks.ValueTask`1"/> that completes when a connection is accepted, yielding the <see cref="T:Microsoft.AspNetCore.Connections.ConnectionContext" /> representing the connection.</returns>
        </member>
        <member name="M:Microsoft.AspNetCore.Connections.IConnectionListener.UnbindAsync(System.Threading.CancellationToken)">
            <summary>
            Stops listening for incoming connections.
             | 百度译文：停止侦听传入连接。
            </summary>
            <param name="cancellationToken">The token to monitor for cancellation requests.</param>
            <returns>A <see cref="T:System.Threading.Tasks.ValueTask"/> that represents the un-bind operation.</returns>
        </member>
        <member name="T:Microsoft.AspNetCore.Connections.IConnectionListenerFactory">
            <summary>
            Defines an interface that provides the mechanisms for binding to various types of <see cref="T:System.Net.EndPoint"/>s.
             | 百度译文：定义一个接口，该接口提供绑定到各种类型的<see cref="T:System.Net.EndPoint"/>s。
            </summary>
        </member>
        <member name="M:Microsoft.AspNetCore.Connections.IConnectionListenerFactory.BindAsync(System.Net.EndPoint,System.Threading.CancellationToken)">
            <summary>
            Creates an <see cref="T:Microsoft.AspNetCore.Connections.IConnectionListener"/> bound to the specified <see cref="T:System.Net.EndPoint"/>.
             | 百度译文：创建<see cref="T:Microsoft.AspNetCore.Connections指定的侦听器System.Net.EndPoint"/>.
            </summary>
            <param name="endpoint">The <see cref="T:System.Net.EndPoint" /> to bind to.</param>
            <param name="cancellationToken">The token to monitor for cancellation requests.</param>
            <returns>A <see cref="T:System.Threading.Tasks.ValueTask`1"/> that completes when the listener has been bound, yielding a <see cref="T:Microsoft.AspNetCore.Connections.IConnectionListener" /> representing the new listener.</returns>
        </member>
        <member name="T:Microsoft.AspNetCore.Connections.Experimental.IMultiplexedConnectionListener">
            <summary>
            Defines an interface that represents a listener bound to a specific <see cref="P:Microsoft.AspNetCore.Connections.Experimental.IMultiplexedConnectionListener.EndPoint"/>.
             | 百度译文：定义一个接口，该接口表示绑定到特定<see cref="P:Microsoft.AspNetCore.Connections.实验性.IMultiplexedConnectionListener.EndPoint"/>。
            </summary>
        </member>
        <member name="P:Microsoft.AspNetCore.Connections.Experimental.IMultiplexedConnectionListener.EndPoint">
            <summary>
            The endpoint that was bound. This may differ from the requested endpoint, such as when the caller requested that any free port be selected.
             | 百度译文：绑定的终结点。这可能与请求的端点不同，例如当调用方请求选择任何空闲端口时。
            </summary>
        </member>
        <member name="M:Microsoft.AspNetCore.Connections.Experimental.IMultiplexedConnectionListener.UnbindAsync(System.Threading.CancellationToken)">
            <summary>
            Stops listening for incoming connections.
             | 百度译文：停止侦听传入连接。
            </summary>
            <param name="cancellationToken">The token to monitor for cancellation requests.</param>
            <returns>A <see cref="T:System.Threading.Tasks.ValueTask"/> that represents the un-bind operation.</returns>
        </member>
        <member name="M:Microsoft.AspNetCore.Connections.Experimental.IMultiplexedConnectionListener.AcceptAsync(Microsoft.AspNetCore.Http.Features.IFeatureCollection,System.Threading.CancellationToken)">
            <summary>
            Begins an asynchronous operation to accept an incoming connection.
             | 百度译文：开始异步操作以接受传入连接。
            </summary>
            <param name="features">A feature collection to pass options when accepting a connection.</param>
            <param name="cancellationToken">The token to monitor for cancellation requests.</param>
            <returns>A <see cref="T:System.Threading.Tasks.ValueTask`1"/> that completes when a connection is accepted, yielding the <see cref="T:Microsoft.AspNetCore.Connections.Experimental.MultiplexedConnectionContext" /> representing the connection.</returns>
        </member>
        <member name="T:Microsoft.AspNetCore.Connections.Experimental.IMultiplexedConnectionBuilder">
            <summary>
            Defines an interface that provides the mechanisms to configure a connection pipeline.
             | 百度译文：定义一个接口，该接口提供配置连接管道的机制。
            </summary>
        </member>
        <member name="P:Microsoft.AspNetCore.Connections.Experimental.IMultiplexedConnectionBuilder.ApplicationServices">
            <summary>
            Gets the <see cref="T:System.IServiceProvider"/> that provides access to the application's service container.
             | 百度译文：获取<see cref="T:System.IServiceProvider"/>，它提供对应用程序服务容器的访问。
            </summary>
        </member>
        <member name="M:Microsoft.AspNetCore.Connections.Experimental.IMultiplexedConnectionBuilder.Use(System.Func{Microsoft.AspNetCore.Connections.Experimental.MultiplexedConnectionDelegate,Microsoft.AspNetCore.Connections.Experimental.MultiplexedConnectionDelegate})">
            <summary>
            Adds a middleware delegate to the application's connection pipeline.
             | 百度译文：向应用程序的连接管道添加中间件委托。
            </summary>
            <param name="middleware">The middleware delegate.</param>
            <returns>The <see cref="T:Microsoft.AspNetCore.Connections.Experimental.IMultiplexedConnectionBuilder"/>.</returns>
        </member>
        <member name="M:Microsoft.AspNetCore.Connections.Experimental.IMultiplexedConnectionBuilder.Build">
            <summary>
            Builds the delegate used by this application to process connections.
             | 百度译文：生成此应用程序用于处理连接的委托。
            </summary>
            <returns>The connection handling delegate.</returns>
        </member>
        <member name="T:Microsoft.AspNetCore.Connections.Experimental.IMultiplexedConnectionFactory">
            <summary>
            A factory abstraction for creating connections to an endpoint.
             | 百度译文：用于创建到端点的连接的工厂抽象。
            </summary>
        </member>
        <member name="M:Microsoft.AspNetCore.Connections.Experimental.IMultiplexedConnectionFactory.ConnectAsync(System.Net.EndPoint,Microsoft.AspNetCore.Http.Features.IFeatureCollection,System.Threading.CancellationToken)">
            <summary>
            Creates a new connection to an endpoint.
             | 百度译文：创建到终结点的新连接。
            </summary>
            <param name="endpoint">The <see cref="T:System.Net.EndPoint"/> to connect to.</param>
            <param name="features">A feature collection to pass options when connecting.</param>
            <param name="cancellationToken">The token to monitor for cancellation requests. The default value is <see cref="P:System.Threading.CancellationToken.None" />.</param>
            <returns>
            A <see cref="T:System.Threading.Tasks.ValueTask`1" /> that represents the asynchronous connect, yielding the <see cref="T:Microsoft.AspNetCore.Connections.Experimental.MultiplexedConnectionContext" /> for the new connection when completed.
            </returns>
        </member>
        <member name="T:Microsoft.AspNetCore.Connections.Experimental.IMultiplexedConnectionListenerFactory">
            <summary>
            Defines an interface that provides the mechanisms for binding to various types of <see cref="T:System.Net.EndPoint"/>s.
             | 百度译文：定义一个接口，该接口提供绑定到各种类型的<see cref="T:System.Net.EndPoint"/>s。
            </summary>
        </member>
        <member name="M:Microsoft.AspNetCore.Connections.Experimental.IMultiplexedConnectionListenerFactory.BindAsync(System.Net.EndPoint,Microsoft.AspNetCore.Http.Features.IFeatureCollection,System.Threading.CancellationToken)">
            <summary>
            Creates an <see cref="T:Microsoft.AspNetCore.Connections.Experimental.IMultiplexedConnectionListener"/> bound to the specified <see cref="T:System.Net.EndPoint"/>.
             | 百度译文：创建<see cref="T:Microsoft.AspNetCore.Connections.实验性.IMultiplexedConnectionListener"/>绑定到指定的<see cref="T:System.Net.EndPoint"/>.
            </summary>
            <param name="endpoint">The <see cref="T:System.Net.EndPoint" /> to bind to.</param>
            <param name="features">A feature collection to pass options when binding.</param>
            <param name="cancellationToken">The token to monitor for cancellation requests.</param>
            <returns>A <see cref="T:System.Threading.Tasks.ValueTask`1"/> that completes when the listener has been bound, yielding a <see cref="T:Microsoft.AspNetCore.Connections.Experimental.IMultiplexedConnectionListener" /> representing the new listener.</returns>
        </member>
        <member name="T:Microsoft.AspNetCore.Connections.Experimental.MultiplexedConnectionContext">
            <summary>
            Encapsulates all information about a multiplexed connection.
             | 百度译文：封装有关多路复用连接的所有信息。
            </summary>
        </member>
        <member name="M:Microsoft.AspNetCore.Connections.Experimental.MultiplexedConnectionContext.AcceptAsync(System.Threading.CancellationToken)">
            <summary>
            Asynchronously accept an incoming stream on the connection.
             | 百度译文：异步接受连接上的传入流。
            </summary>
            <param name="cancellationToken"></param>
            <returns></returns>
        </member>
        <member name="M:Microsoft.AspNetCore.Connections.Experimental.MultiplexedConnectionContext.ConnectAsync(Microsoft.AspNetCore.Http.Features.IFeatureCollection,System.Threading.CancellationToken)">
            <summary>
            Creates an outbound connection 
             | 百度译文：创建出站连接
            </summary>
            <param name="features"></param>
            <param name="cancellationToken"></param>
            <returns></returns>
        </member>
        <member name="T:Microsoft.AspNetCore.Connections.Experimental.MultiplexedConnectionDelegate">
            <summary>
            A function that can process a connection.
             | 百度译文：可以处理连接的函数。
            </summary>
            <param name="connection">A <see cref="T:Microsoft.AspNetCore.Connections.Experimental.MultiplexedConnectionContext" /> representing the connection.</param>
            <returns>A <see cref="T:System.Threading.Tasks.Task"/> that represents the connection lifetime. When the task completes, the connection will be closed.</returns>
        </member>
        <member name="T:Microsoft.AspNetCore.Connections.UriEndPoint">
            <summary>
            An <see cref="T:System.Net.EndPoint"/> defined by a <see cref="T:System.Uri"/>.
             | 百度译文：一个<see cref="T:System.Net.EndPoint"/>由a定义<see cref="T:系统.Uri"/>.
            </summary>
        </member>
        <member name="M:Microsoft.AspNetCore.Connections.UriEndPoint.#ctor(System.Uri)">
            <summary>
            Initializes a new instance of the <see cref="T:Microsoft.AspNetCore.Connections.UriEndPoint"/> class.
             | 百度译文：初始化的新实例<see cref="T:Microsoft.AspNetCore.Connectionsuri>endpoint"/>。
            </summary>
            <param name="uri">The <see cref="T:System.Uri"/> defining the <see cref="T:System.Net.EndPoint"/>.</param>
        </member>
        <member name="P:Microsoft.AspNetCore.Connections.UriEndPoint.Uri">
            <summary>
            The <see cref="T:System.Uri"/> defining the <see cref="T:System.Net.EndPoint"/>.
             | 百度译文：<see cref="T:系统.Uri"/>定义<see cref="T:System.Net.EndPoint"/>.
            </summary>
        </member>
        <member name="T:Microsoft.Extensions.Internal.ActivatorUtilities">
            <summary>
            Helper code for the various activator services.
             | 百度译文：各种激活器服务的帮助程序代码。
            </summary>
        </member>
        <member name="M:Microsoft.Extensions.Internal.ActivatorUtilities.CreateInstance(System.IServiceProvider,System.Type,System.Object[])">
            <summary>
            Instantiate a type with constructor arguments provided directly and/or from an <see cref="T:System.IServiceProvider"/>.
             | 百度译文：使用直接提供的构造函数参数和/或从<see cref="T:System.IServiceProvider"/>.
            </summary>
            <param name="provider">The service provider used to resolve dependencies</param>
            <param name="instanceType">The type to activate</param>
            <param name="parameters">Constructor arguments not provided by the <paramref name="provider"/>.</param>
            <returns>An activated object of type instanceType</returns>
        </member>
        <member name="M:Microsoft.Extensions.Internal.ActivatorUtilities.CreateFactory(System.Type,System.Type[])">
            <summary>
            Create a delegate that will instantiate a type with constructor arguments provided directly
            and/or from an <see cref="T:System.IServiceProvider"/>.
             | 百度译文：创建一个委托，该委托将使用直接提供的构造函数参数和/或从System.IServiceProvider"/>.
            </summary>
            <param name="instanceType">The type to activate</param>
            <param name="argumentTypes">
            The types of objects, in order, that will be passed to the returned function as its second parameter
            </param>
            <returns>
            A factory that will instantiate instanceType using an <see cref="T:System.IServiceProvider"/>
            and an argument array containing objects matching the types defined in argumentTypes
            </returns>
        </member>
        <member name="M:Microsoft.Extensions.Internal.ActivatorUtilities.CreateInstance``1(System.IServiceProvider,System.Object[])">
            <summary>
            Instantiate a type with constructor arguments provided directly and/or from an <see cref="T:System.IServiceProvider"/>.
             | 百度译文：使用直接提供的构造函数参数和/或从<see cref="T:System.IServiceProvider"/>.
            </summary>
            <typeparam name="T">The type to activate</typeparam>
            <param name="provider">The service provider used to resolve dependencies</param>
            <param name="parameters">Constructor arguments not provided by the <paramref name="provider"/>.</param>
            <returns>An activated object of type T</returns>
        </member>
        <member name="M:Microsoft.Extensions.Internal.ActivatorUtilities.GetServiceOrCreateInstance``1(System.IServiceProvider)">
            <summary>
            Retrieve an instance of the given type from the service provider. If one is not found then instantiate it directly.
             | 百度译文：从服务提供程序检索给定类型的实例。如果找不到，则直接实例化它。
            </summary>
            <typeparam name="T">The type of the service</typeparam>
            <param name="provider">The service provider used to resolve dependencies</param>
            <returns>The resolved service or created instance</returns>
        </member>
        <member name="M:Microsoft.Extensions.Internal.ActivatorUtilities.GetServiceOrCreateInstance(System.IServiceProvider,System.Type)">
            <summary>
            Retrieve an instance of the given type from the service provider. If one is not found then instantiate it directly.
             | 百度译文：从服务提供程序检索给定类型的实例。如果找不到，则直接实例化它。
            </summary>
            <param name="provider">The service provider</param>
            <param name="type">The type of the service</param>
            <returns>The resolved service or created instance</returns>
        </member>
        <member name="T:Microsoft.Extensions.Internal.ActivatorUtilitiesConstructorAttribute">
            <summary>
            Marks the constructor to be used when activating type using <see cref="T:Microsoft.Extensions.Internal.ActivatorUtilities"/>.
             | 百度译文：使用<see cref="T:Microsoft.Extensions.Internal.ActivatorUtilities"/>。
            </summary>
        </member>
        <member name="T:Microsoft.Extensions.Internal.ObjectFactory">
            <summary>
            The result of <see cref="M:Microsoft.Extensions.Internal.ActivatorUtilities.CreateFactory(System.Type,System.Type[])"/>.
             | 百度译文：结果<see cref="M:Microsoft.Extensions.Internal.ActivatorUtilities.CreateFactory(系统类型,系统类型[])"/>.
            </summary>
            <param name="serviceProvider">The <see cref="T:System.IServiceProvider"/> to get service arguments from.</param>
            <param name="arguments">Additional constructor arguments.</param>
            <returns>The instantiated type.</returns>
        </member>
    </members>
</doc>