<?xml version="1.0"?>
<doc>
    <assembly>
        <name>Microsoft.AspNetCore.Hosting.Server.Abstractions</name>
    </assembly>
    <members>
        <member name="T:Microsoft.AspNetCore.Hosting.Server.Features.IServerAddressesFeature">
            <summary>
            Specifies the address used by the server.
             | 百度译文：指定服务器使用的地址。
            </summary>
        </member>
        <member name="P:Microsoft.AspNetCore.Hosting.Server.Features.IServerAddressesFeature.Addresses">
            <summary>
            An <see cref="T:System.Collections.Generic.ICollection`1" /> of addresses used by the server.
             | 百度译文：一个<see cref="T:System.Collections.Generic.ICollection`1"/>服务器使用的地址。
            </summary>
        </member>
        <member name="P:Microsoft.AspNetCore.Hosting.Server.Features.IServerAddressesFeature.PreferHostingUrls">
            <summary>
            <see langword="true" /> to prefer URLs configured by the host rather than the server.
             | 百度译文：<see langword="true"/>首选由主机而不是服务器配置的URL。
            </summary>
        </member>
        <member name="T:Microsoft.AspNetCore.Hosting.Server.Abstractions.IHostContextContainer`1">
            <summary>
            When implemented by a Server allows an <see cref="T:Microsoft.AspNetCore.Hosting.Server.IHttpApplication`1"/> to pool and reuse
            its <typeparamref name="TContext"/> between requests.
             | 百度译文：当由服务器实现时，允许<see cref="T:Microsoft.AspNetCore.Hosting.Server.ihttp应用程序`1"/>在请求之间共享和重用其<typeparamref name="TContext"/>。
            </summary>
            <typeparam name="TContext">The <see cref="T:Microsoft.AspNetCore.Hosting.Server.IHttpApplication`1"/> Host context</typeparam>
        </member>
        <member name="P:Microsoft.AspNetCore.Hosting.Server.Abstractions.IHostContextContainer`1.HostContext">
            <summary>
            Represents the <typeparamref name="TContext"/>  of the host.
             | 百度译文：表示主机的<typeparamref name="TContext"/>。
            </summary>
        </member>
        <member name="T:Microsoft.AspNetCore.Hosting.Server.IHttpApplication`1">
            <summary>
            Represents an application.
             | 百度译文：表示应用程序。
            </summary>
            <typeparam name="TContext">The context associated with the application.</typeparam>
        </member>
        <member name="M:Microsoft.AspNetCore.Hosting.Server.IHttpApplication`1.CreateContext(Microsoft.AspNetCore.Http.Features.IFeatureCollection)">
            <summary>
            Create a TContext given a collection of HTTP features.
             | 百度译文：创建一个给定一组HTTP特性的TContext。
            </summary>
            <param name="contextFeatures">A collection of HTTP features to be used for creating the TContext.</param>
            <returns>The created TContext.</returns>
        </member>
        <member name="M:Microsoft.AspNetCore.Hosting.Server.IHttpApplication`1.ProcessRequestAsync(`0)">
            <summary>
            Asynchronously processes an TContext.
             | 百度译文：异步处理TContext。
            </summary>
            <param name="context">The TContext that the operation will process.</param>
        </member>
        <member name="M:Microsoft.AspNetCore.Hosting.Server.IHttpApplication`1.DisposeContext(`0,System.Exception)">
            <summary>
            Dispose a given TContext.
             | 百度译文：处理给定的上下文。
            </summary>
            <param name="context">The TContext to be disposed.</param>
            <param name="exception">The Exception thrown when processing did not complete successfully, otherwise null.</param>
        </member>
        <member name="T:Microsoft.AspNetCore.Hosting.Server.IServer">
            <summary>
            Represents a server.
             | 百度译文：表示服务器。
            </summary>
        </member>
        <member name="P:Microsoft.AspNetCore.Hosting.Server.IServer.Features">
            <summary>
            A collection of HTTP features of the server.
             | 百度译文：服务器的HTTP功能的集合。
            </summary>
        </member>
        <member name="M:Microsoft.AspNetCore.Hosting.Server.IServer.StartAsync``1(Microsoft.AspNetCore.Hosting.Server.IHttpApplication{``0},System.Threading.CancellationToken)">
            <summary>
            Start the server with an application.
             | 百度译文：用应用程序启动服务器。
            </summary>
            <param name="application">An instance of <see cref="T:Microsoft.AspNetCore.Hosting.Server.IHttpApplication`1"/>.</param>
            <typeparam name="TContext">The context associated with the application.</typeparam>
            <param name="cancellationToken">Indicates if the server startup should be aborted.</param>
        </member>
        <member name="M:Microsoft.AspNetCore.Hosting.Server.IServer.StopAsync(System.Threading.CancellationToken)">
            <summary>
            Stop processing requests and shut down the server, gracefully if possible.
             | 百度译文：停止处理请求并关闭服务器（如果可能的话）。
            </summary>
            <param name="cancellationToken">Indicates if the graceful shutdown should be aborted.</param>
        </member>
        <member name="T:Microsoft.AspNetCore.Hosting.Server.IServerIntegratedAuth">
            <summary>
            Used by servers to advertise if they support integrated Windows authentication, if it's enabled, and it's scheme.
             | 百度译文：由服务器用来公布它们是否支持集成的Windows身份验证、是否已启用以及它的方案。
            </summary>
        </member>
        <member name="P:Microsoft.AspNetCore.Hosting.Server.IServerIntegratedAuth.IsEnabled">
            <summary>
            Indicates if integrated Windows authentication is enabled for the current application instance.
             | 百度译文：指示是否为当前应用程序实例启用集成Windows身份验证。
            </summary>
        </member>
        <member name="P:Microsoft.AspNetCore.Hosting.Server.IServerIntegratedAuth.AuthenticationScheme">
            <summary>
            The name of the authentication scheme for the server authentication handler.
             | 百度译文：服务器身份验证处理程序的身份验证方案的名称。
            </summary>
        </member>
        <member name="T:Microsoft.AspNetCore.Hosting.Server.ServerIntegratedAuth">
            <summary>
            Used by servers to advertise if they support integrated Windows authentication, if it's enabled, and it's scheme.
             | 百度译文：由服务器用来公布它们是否支持集成的Windows身份验证、是否已启用以及它的方案。
            </summary>
        </member>
        <member name="P:Microsoft.AspNetCore.Hosting.Server.ServerIntegratedAuth.IsEnabled">
            <summary>
            Indicates if integrated Windows authentication is enabled for the current application instance.
             | 百度译文：指示是否为当前应用程序实例启用集成Windows身份验证。
            </summary>
        </member>
        <member name="P:Microsoft.AspNetCore.Hosting.Server.ServerIntegratedAuth.AuthenticationScheme">
            <summary>
            The name of the authentication scheme for the server authentication handler.
             | 百度译文：服务器身份验证处理程序的身份验证方案的名称。
            </summary>
        </member>
    </members>
</doc>