<?xml version="1.0"?>
<doc>
    <assembly>
        <name>Microsoft.Extensions.Logging.Abstractions</name>
    </assembly>
    <members>
        <member name="T:Microsoft.Extensions.Logging.EventId">
            <summary>
            Identifies a logging event. The primary identifier is the "Id" property, with the "Name" property providing a short description of this type of event.
            </summary>
        </member>
        <member name="M:Microsoft.Extensions.Logging.EventId.op_Implicit(System.Int32)~Microsoft.Extensions.Logging.EventId">
            <summary>
            Implicitly creates an EventId from the given <see cref="T:System.Int32"/>.
             | 百度译文：隐式地从给定的<see cref="T:系统Int32"/>.
            </summary>
            <param name="i">The <see cref="T:System.Int32"/> to convert to an EventId.</param>
        </member>
        <member name="M:Microsoft.Extensions.Logging.EventId.op_Equality(Microsoft.Extensions.Logging.EventId,Microsoft.Extensions.Logging.EventId)">
            <summary>
            Checks if two specified <see cref="T:Microsoft.Extensions.Logging.EventId"/> instances have the same value. They are equal if they have the same Id.
            </summary>
            <param name="left">The first <see cref="T:Microsoft.Extensions.Logging.EventId"/>.</param>
            <param name="right">The second <see cref="T:Microsoft.Extensions.Logging.EventId"/>.</param>
            <returns><see langword="true" /> if the objects are equal.</returns>
        </member>
        <member name="M:Microsoft.Extensions.Logging.EventId.op_Inequality(Microsoft.Extensions.Logging.EventId,Microsoft.Extensions.Logging.EventId)">
            <summary>
            Checks if two specified <see cref="T:Microsoft.Extensions.Logging.EventId"/> instances have different values.
             | 百度译文：检查是否指定了两个<see cref="T:Microsoft.Extensions.Logging.EventId"/>实例具有不同的值。
            </summary>
            <param name="left">The first <see cref="T:Microsoft.Extensions.Logging.EventId"/>.</param>
            <param name="right">The second <see cref="T:Microsoft.Extensions.Logging.EventId"/>.</param>
            <returns><see langword="true" /> if the objects are not equal.</returns>
        </member>
        <member name="M:Microsoft.Extensions.Logging.EventId.#ctor(System.Int32,System.String)">
            <summary>
            Initializes an instance of the <see cref="T:Microsoft.Extensions.Logging.EventId"/> struct.
             | 百度译文：初始化<see cref="T:Microsoft.Extensions.Logging.EventId"/>结构。
            </summary>
            <param name="id">The numeric identifier for this event.</param>
            <param name="name">The name of this event.</param>
        </member>
        <member name="P:Microsoft.Extensions.Logging.EventId.Id">
            <summary>
            Gets the numeric identifier for this event.
             | 百度译文：获取此事件的数字标识符。
            </summary>
        </member>
        <member name="P:Microsoft.Extensions.Logging.EventId.Name">
            <summary>
            Gets the name of this event.
             | 百度译文：获取此事件的名称。
            </summary>
        </member>
        <member name="M:Microsoft.Extensions.Logging.EventId.ToString">
            <inheritdoc />
        </member>
        <member name="M:Microsoft.Extensions.Logging.EventId.Equals(Microsoft.Extensions.Logging.EventId)">
            <summary>
            Indicates whether the current object is equal to another object of the same type. Two events are equal if they have the same id.
            </summary>
            <param name="other">An object to compare with this object.</param>
            <returns><see langword="true" /> if the current object is equal to the other parameter; otherwise, <see langword="false" />.</returns>
        </member>
        <member name="M:Microsoft.Extensions.Logging.EventId.Equals(System.Object)">
            <inheritdoc />
        </member>
        <member name="M:Microsoft.Extensions.Logging.EventId.GetHashCode">
            <inheritdoc />
        </member>
        <member name="T:Microsoft.Extensions.Logging.FormattedLogValues">
            <summary>
            LogValues to enable formatting options supported by <see cref="M:System.String.Format(System.IFormatProvider,System.String,System.Object)"/>.
            This also enables using {NamedformatItem} in the format string.
            </summary>
        </member>
        <member name="T:Microsoft.Extensions.Logging.IExternalScopeProvider">
            <summary>
            Represents a storage of common scope data.
             | 百度译文：表示公共作用域数据的存储。
            </summary>
        </member>
        <member name="M:Microsoft.Extensions.Logging.IExternalScopeProvider.ForEachScope``1(System.Action{System.Object,``0},``0)">
            <summary>
            Executes callback for each currently active scope objects in order of creation.
            All callbacks are guaranteed to be called inline from this method.
            </summary>
            <param name="callback">The callback to be executed for every scope object</param>
            <param name="state">The state object to be passed into the callback</param>
            <typeparam name="TState">The type of state to accept.</typeparam>
        </member>
        <member name="M:Microsoft.Extensions.Logging.IExternalScopeProvider.Push(System.Object)">
            <summary>
            Adds scope object to the list
             | 百度译文：将范围对象添加到列表中
            </summary>
            <param name="state">The scope object</param>
            <returns>The <see cref="T:System.IDisposable"/> token that removes scope on dispose.</returns>
        </member>
        <member name="T:Microsoft.Extensions.Logging.ILogger">
            <summary>
            Represents a type used to perform logging.
            </summary>
            <remarks>Aggregates most logging patterns to a single method.</remarks>
        </member>
        <member name="M:Microsoft.Extensions.Logging.ILogger.Log``1(Microsoft.Extensions.Logging.LogLevel,Microsoft.Extensions.Logging.EventId,``0,System.Exception,System.Func{``0,System.Exception,System.String})">
            <summary>
            Writes a log entry.
             | 百度译文：写入日志项。
            </summary>
            <param name="logLevel">Entry will be written on this level.</param>
            <param name="eventId">Id of the event.</param>
            <param name="state">The entry to be written. Can be also an object.</param>
            <param name="exception">The exception related to this entry.</param>
            <param name="formatter">Function to create a <see cref="T:System.String"/> message of the <paramref name="state"/> and <paramref name="exception"/>.</param>
            <typeparam name="TState">The type of the object to be written.</typeparam>
        </member>
        <member name="M:Microsoft.Extensions.Logging.ILogger.IsEnabled(Microsoft.Extensions.Logging.LogLevel)">
            <summary>
            Checks if the given <paramref name="logLevel"/> is enabled.
             | 百度译文：检查给定的<paramref name="logLevel"/>是否已启用。
            </summary>
            <param name="logLevel">Level to be checked.</param>
            <returns><c>true</c> if enabled.</returns>
        </member>
        <member name="M:Microsoft.Extensions.Logging.ILogger.BeginScope``1(``0)">
            <summary>
            Begins a logical operation scope.
            </summary>
            <param name="state">The identifier for the scope.</param>
            <typeparam name="TState">The type of the state to begin scope for.</typeparam>
            <returns>An <see cref="T:System.IDisposable"/> that ends the logical operation scope on dispose.</returns>
        </member>
        <member name="T:Microsoft.Extensions.Logging.ILoggerFactory">
            <summary>
            Represents a type used to configure the logging system and create instances of <see cref="T:Microsoft.Extensions.Logging.ILogger"/> from
            the registered <see cref="T:Microsoft.Extensions.Logging.ILoggerProvider"/>s.
             | 百度译文：表示用于配置日志系统和创建<see cref="T:Microsoft.Extensions.Logging.ILogger"/>来自注册的<see cref="T:Microsoft.Extensions.Logging.ILoggerProvider"/>s。
            </summary>
        </member>
        <member name="M:Microsoft.Extensions.Logging.ILoggerFactory.CreateLogger(System.String)">
            <summary>
            Creates a new <see cref="T:Microsoft.Extensions.Logging.ILogger"/> instance.
             | 百度译文：创建一个新的<see cref="T:Microsoft.Extensions.Logging.ILogger"/>实例。
            </summary>
            <param name="categoryName">The category name for messages produced by the logger.</param>
            <returns>The <see cref="T:Microsoft.Extensions.Logging.ILogger"/>.</returns>
        </member>
        <member name="M:Microsoft.Extensions.Logging.ILoggerFactory.AddProvider(Microsoft.Extensions.Logging.ILoggerProvider)">
            <summary>
            Adds an <see cref="T:Microsoft.Extensions.Logging.ILoggerProvider"/> to the logging system.
            </summary>
            <param name="provider">The <see cref="T:Microsoft.Extensions.Logging.ILoggerProvider"/>.</param>
        </member>
        <member name="T:Microsoft.Extensions.Logging.ILoggerProvider">
            <summary>
            Represents a type that can create instances of <see cref="T:Microsoft.Extensions.Logging.ILogger"/>.
             | 百度译文：表示可以创建<see cref="T:Microsoft.Extensions.Logging.ILogger"/>。
            </summary>
        </member>
        <member name="M:Microsoft.Extensions.Logging.ILoggerProvider.CreateLogger(System.String)">
            <summary>
            Creates a new <see cref="T:Microsoft.Extensions.Logging.ILogger"/> instance.
             | 百度译文：创建一个新的<see cref="T:Microsoft.Extensions.Logging.ILogger"/>实例。
            </summary>
            <param name="categoryName">The category name for messages produced by the logger.</param>
            <returns>The instance of <see cref="T:Microsoft.Extensions.Logging.ILogger"/> that was created.</returns>
        </member>
        <member name="T:Microsoft.Extensions.Logging.ILogger`1">
            <summary>
            A generic interface for logging where the category name is derived from the specified
            <typeparamref name="TCategoryName"/> type name.
            Generally used to enable activation of a named <see cref="T:Microsoft.Extensions.Logging.ILogger"/> from dependency injection.
            </summary>
            <typeparam name="TCategoryName">The type whose name is used for the logger category name.</typeparam>
        </member>
        <member name="T:Microsoft.Extensions.Logging.ISupportExternalScope">
            <summary>
            Represents a <see cref="T:Microsoft.Extensions.Logging.ILoggerProvider"/> that is able to consume external scope information.
             | 百度译文：表示a<see cref="T:Microsoft.Extensions.Logging.ILoggerProvider"/>，它能够使用外部作用域信息。
            </summary>
        </member>
        <member name="M:Microsoft.Extensions.Logging.ISupportExternalScope.SetScopeProvider(Microsoft.Extensions.Logging.IExternalScopeProvider)">
            <summary>
            Sets external scope information source for logger provider.
             | 百度译文：为记录器提供程序设置外部作用域信息源。
            </summary>
            <param name="scopeProvider">The provider of scope data.</param>
        </member>
        <member name="T:Microsoft.Extensions.Logging.Abstractions.LogEntry`1">
            <summary>
            Holds the information for a single log entry.
            </summary>
        </member>
        <member name="M:Microsoft.Extensions.Logging.Abstractions.LogEntry`1.#ctor(Microsoft.Extensions.Logging.LogLevel,System.String,Microsoft.Extensions.Logging.EventId,`0,System.Exception,System.Func{`0,System.Exception,System.String})">
            <summary>
            Initializes an instance of the LogEntry struct.
             | 百度译文：初始化LogEntry结构的实例。
            </summary>
            <param name="logLevel">The log level.</param>
            <param name="category">The category name for the log.</param>
            <param name="eventId">The log event Id.</param>
            <param name="state">The state for which log is being written.</param>
            <param name="exception">The log exception.</param>
            <param name="formatter">The formatter.</param>
        </member>
        <member name="P:Microsoft.Extensions.Logging.Abstractions.LogEntry`1.LogLevel">
            <summary>
            Gets the LogLevel
            </summary>
        </member>
        <member name="P:Microsoft.Extensions.Logging.Abstractions.LogEntry`1.Category">
            <summary>
            Gets the log category
            </summary>
        </member>
        <member name="P:Microsoft.Extensions.Logging.Abstractions.LogEntry`1.EventId">
            <summary>
            Gets the log EventId
             | 百度译文：获取日志事件ID
            </summary>
        </member>
        <member name="P:Microsoft.Extensions.Logging.Abstractions.LogEntry`1.State">
            <summary>
            Gets the TState
            </summary>
        </member>
        <member name="P:Microsoft.Extensions.Logging.Abstractions.LogEntry`1.Exception">
            <summary>
            Gets the log exception
             | 百度译文：获取日志异常
            </summary>
        </member>
        <member name="P:Microsoft.Extensions.Logging.Abstractions.LogEntry`1.Formatter">
            <summary>
            Gets the formatter
             | 百度译文：获取格式化程序
            </summary>
        </member>
        <member name="T:Microsoft.Extensions.Logging.Abstractions.NullLogger">
            <summary>
            Minimalistic logger that does nothing.
             | 百度译文：什么都不做的极简记录程序。
            </summary>
        </member>
        <member name="P:Microsoft.Extensions.Logging.Abstractions.NullLogger.Instance">
            <summary>
            Returns the shared instance of <see cref="T:Microsoft.Extensions.Logging.Abstractions.NullLogger"/>.
             | 百度译文：返回的共享实例Microsoft.Extensions.Logging.抽象.NullLogger"/>.
            </summary>
        </member>
        <member name="M:Microsoft.Extensions.Logging.Abstractions.NullLogger.BeginScope``1(``0)">
            <inheritdoc />
        </member>
        <member name="M:Microsoft.Extensions.Logging.Abstractions.NullLogger.IsEnabled(Microsoft.Extensions.Logging.LogLevel)">
            <inheritdoc />
        </member>
        <member name="M:Microsoft.Extensions.Logging.Abstractions.NullLogger.Log``1(Microsoft.Extensions.Logging.LogLevel,Microsoft.Extensions.Logging.EventId,``0,System.Exception,System.Func{``0,System.Exception,System.String})">
            <inheritdoc />
        </member>
        <member name="T:Microsoft.Extensions.Logging.Abstractions.NullLoggerFactory">
            <summary>
            An <see cref="T:Microsoft.Extensions.Logging.ILoggerFactory"/> used to create instance of
            <see cref="T:Microsoft.Extensions.Logging.Abstractions.NullLogger"/> that logs nothing.
            </summary>
        </member>
        <member name="M:Microsoft.Extensions.Logging.Abstractions.NullLoggerFactory.#ctor">
            <summary>
            Creates a new <see cref="T:Microsoft.Extensions.Logging.Abstractions.NullLoggerFactory"/> instance.
            </summary>
        </member>
        <member name="F:Microsoft.Extensions.Logging.Abstractions.NullLoggerFactory.Instance">
            <summary>
            Returns the shared instance of <see cref="T:Microsoft.Extensions.Logging.Abstractions.NullLoggerFactory"/>.
             | 百度译文：返回的共享实例Microsoft.Extensions.Logging.抽象.NullLoggerFactory"/>.
            </summary>
        </member>
        <member name="M:Microsoft.Extensions.Logging.Abstractions.NullLoggerFactory.CreateLogger(System.String)">
            <inheritdoc />
            <remarks>
            This returns a <see cref="T:Microsoft.Extensions.Logging.Abstractions.NullLogger"/> instance which logs nothing.
            </remarks>
        </member>
        <member name="M:Microsoft.Extensions.Logging.Abstractions.NullLoggerFactory.AddProvider(Microsoft.Extensions.Logging.ILoggerProvider)">
            <inheritdoc />
            <remarks>
            This method ignores the parameter and does nothing.
            </remarks>
        </member>
        <member name="M:Microsoft.Extensions.Logging.Abstractions.NullLoggerFactory.Dispose">
            <inheritdoc />
        </member>
        <member name="T:Microsoft.Extensions.Logging.Abstractions.NullLoggerProvider">
            <summary>
            Provider for the <see cref="T:Microsoft.Extensions.Logging.Abstractions.NullLogger"/>.
            </summary>
        </member>
        <member name="P:Microsoft.Extensions.Logging.Abstractions.NullLoggerProvider.Instance">
            <summary>
            Returns an instance of <see cref="T:Microsoft.Extensions.Logging.Abstractions.NullLoggerProvider"/>.
            </summary>
        </member>
        <member name="M:Microsoft.Extensions.Logging.Abstractions.NullLoggerProvider.CreateLogger(System.String)">
            <inheritdoc />
        </member>
        <member name="M:Microsoft.Extensions.Logging.Abstractions.NullLoggerProvider.Dispose">
            <inheritdoc />
        </member>
        <member name="T:Microsoft.Extensions.Logging.Abstractions.NullLogger`1">
            <summary>
            Minimalistic logger that does nothing.
             | 百度译文：什么都不做的极简记录程序。
            </summary>
        </member>
        <member name="F:Microsoft.Extensions.Logging.Abstractions.NullLogger`1.Instance">
            <summary>
            Returns an instance of <see cref="T:Microsoft.Extensions.Logging.Abstractions.NullLogger`1"/>.
             | 百度译文：返回<see cref="T:Microsoft.Extensions.Logging.抽象.NullLogger`1"/>。
            </summary>
            <returns>An instance of <see cref="T:Microsoft.Extensions.Logging.Abstractions.NullLogger`1"/>.</returns>
        </member>
        <member name="M:Microsoft.Extensions.Logging.Abstractions.NullLogger`1.BeginScope``1(``0)">
            <inheritdoc />
        </member>
        <member name="M:Microsoft.Extensions.Logging.Abstractions.NullLogger`1.Log``1(Microsoft.Extensions.Logging.LogLevel,Microsoft.Extensions.Logging.EventId,``0,System.Exception,System.Func{``0,System.Exception,System.String})">
            <inheritdoc />
            <remarks>
            This method ignores the parameters and does nothing.
            </remarks>
        </member>
        <member name="M:Microsoft.Extensions.Logging.Abstractions.NullLogger`1.IsEnabled(Microsoft.Extensions.Logging.LogLevel)">
            <inheritdoc />
        </member>
        <member name="T:Microsoft.Extensions.Logging.LoggerExtensions">
            <summary>
            ILogger extension methods for common scenarios.
             | 百度译文：常见场景的ILogger扩展方法。
            </summary>
        </member>
        <member name="M:Microsoft.Extensions.Logging.LoggerExtensions.LogDebug(Microsoft.Extensions.Logging.ILogger,Microsoft.Extensions.Logging.EventId,System.Exception,System.String,System.Object[])">
            <summary>
            Formats and writes a debug log message.
             | 百度译文：格式化并写入调试日志消息。
            </summary>
            <param name="logger">The <see cref="T:Microsoft.Extensions.Logging.ILogger"/> to write to.</param>
            <param name="eventId">The event id associated with the log.</param>
            <param name="exception">The exception to log.</param>
            <param name="message">Format string of the log message in message template format. Example: <c>"User {User} logged in from {Address}"</c></param>
            <param name="args">An object array that contains zero or more objects to format.</param>
            <example>logger.LogDebug(0, exception, "Error while processing request from {Address}", address)</example>
        </member>
        <member name="M:Microsoft.Extensions.Logging.LoggerExtensions.LogDebug(Microsoft.Extensions.Logging.ILogger,Microsoft.Extensions.Logging.EventId,System.String,System.Object[])">
            <summary>
            Formats and writes a debug log message.
             | 百度译文：格式化并写入调试日志消息。
            </summary>
            <param name="logger">The <see cref="T:Microsoft.Extensions.Logging.ILogger"/> to write to.</param>
            <param name="eventId">The event id associated with the log.</param>
            <param name="message">Format string of the log message in message template format. Example: <c>"User {User} logged in from {Address}"</c></param>
            <param name="args">An object array that contains zero or more objects to format.</param>
            <example>logger.LogDebug(0, "Processing request from {Address}", address)</example>
        </member>
        <member name="M:Microsoft.Extensions.Logging.LoggerExtensions.LogDebug(Microsoft.Extensions.Logging.ILogger,System.Exception,System.String,System.Object[])">
            <summary>
            Formats and writes a debug log message.
             | 百度译文：格式化并写入调试日志消息。
            </summary>
            <param name="logger">The <see cref="T:Microsoft.Extensions.Logging.ILogger"/> to write to.</param>
            <param name="exception">The exception to log.</param>
            <param name="message">Format string of the log message in message template format. Example: <c>"User {User} logged in from {Address}"</c></param>
            <param name="args">An object array that contains zero or more objects to format.</param>
            <example>logger.LogDebug(exception, "Error while processing request from {Address}", address)</example>
        </member>
        <member name="M:Microsoft.Extensions.Logging.LoggerExtensions.LogDebug(Microsoft.Extensions.Logging.ILogger,System.String,System.Object[])">
            <summary>
            Formats and writes a debug log message.
             | 百度译文：格式化并写入调试日志消息。
            </summary>
            <param name="logger">The <see cref="T:Microsoft.Extensions.Logging.ILogger"/> to write to.</param>
            <param name="message">Format string of the log message in message template format. Example: <c>"User {User} logged in from {Address}"</c></param>
            <param name="args">An object array that contains zero or more objects to format.</param>
            <example>logger.LogDebug("Processing request from {Address}", address)</example>
        </member>
        <member name="M:Microsoft.Extensions.Logging.LoggerExtensions.LogTrace(Microsoft.Extensions.Logging.ILogger,Microsoft.Extensions.Logging.EventId,System.Exception,System.String,System.Object[])">
            <summary>
            Formats and writes a trace log message.
            </summary>
            <param name="logger">The <see cref="T:Microsoft.Extensions.Logging.ILogger"/> to write to.</param>
            <param name="eventId">The event id associated with the log.</param>
            <param name="exception">The exception to log.</param>
            <param name="message">Format string of the log message in message template format. Example: <c>"User {User} logged in from {Address}"</c></param>
            <param name="args">An object array that contains zero or more objects to format.</param>
            <example>logger.LogTrace(0, exception, "Error while processing request from {Address}", address)</example>
        </member>
        <member name="M:Microsoft.Extensions.Logging.LoggerExtensions.LogTrace(Microsoft.Extensions.Logging.ILogger,Microsoft.Extensions.Logging.EventId,System.String,System.Object[])">
            <summary>
            Formats and writes a trace log message.
            </summary>
            <param name="logger">The <see cref="T:Microsoft.Extensions.Logging.ILogger"/> to write to.</param>
            <param name="eventId">The event id associated with the log.</param>
            <param name="message">Format string of the log message in message template format. Example: <c>"User {User} logged in from {Address}"</c></param>
            <param name="args">An object array that contains zero or more objects to format.</param>
            <example>logger.LogTrace(0, "Processing request from {Address}", address)</example>
        </member>
        <member name="M:Microsoft.Extensions.Logging.LoggerExtensions.LogTrace(Microsoft.Extensions.Logging.ILogger,System.Exception,System.String,System.Object[])">
            <summary>
            Formats and writes a trace log message.
            </summary>
            <param name="logger">The <see cref="T:Microsoft.Extensions.Logging.ILogger"/> to write to.</param>
            <param name="exception">The exception to log.</param>
            <param name="message">Format string of the log message in message template format. Example: <c>"User {User} logged in from {Address}"</c></param>
            <param name="args">An object array that contains zero or more objects to format.</param>
            <example>logger.LogTrace(exception, "Error while processing request from {Address}", address)</example>
        </member>
        <member name="M:Microsoft.Extensions.Logging.LoggerExtensions.LogTrace(Microsoft.Extensions.Logging.ILogger,System.String,System.Object[])">
            <summary>
            Formats and writes a trace log message.
            </summary>
            <param name="logger">The <see cref="T:Microsoft.Extensions.Logging.ILogger"/> to write to.</param>
            <param name="message">Format string of the log message in message template format. Example: <c>"User {User} logged in from {Address}"</c></param>
            <param name="args">An object array that contains zero or more objects to format.</param>
            <example>logger.LogTrace("Processing request from {Address}", address)</example>
        </member>
        <member name="M:Microsoft.Extensions.Logging.LoggerExtensions.LogInformation(Microsoft.Extensions.Logging.ILogger,Microsoft.Extensions.Logging.EventId,System.Exception,System.String,System.Object[])">
            <summary>
            Formats and writes an informational log message.
            </summary>
            <param name="logger">The <see cref="T:Microsoft.Extensions.Logging.ILogger"/> to write to.</param>
            <param name="eventId">The event id associated with the log.</param>
            <param name="exception">The exception to log.</param>
            <param name="message">Format string of the log message in message template format. Example: <c>"User {User} logged in from {Address}"</c></param>
            <param name="args">An object array that contains zero or more objects to format.</param>
            <example>logger.LogInformation(0, exception, "Error while processing request from {Address}", address)</example>
        </member>
        <member name="M:Microsoft.Extensions.Logging.LoggerExtensions.LogInformation(Microsoft.Extensions.Logging.ILogger,Microsoft.Extensions.Logging.EventId,System.String,System.Object[])">
            <summary>
            Formats and writes an informational log message.
            </summary>
            <param name="logger">The <see cref="T:Microsoft.Extensions.Logging.ILogger"/> to write to.</param>
            <param name="eventId">The event id associated with the log.</param>
            <param name="message">Format string of the log message in message template format. Example: <c>"User {User} logged in from {Address}"</c></param>
            <param name="args">An object array that contains zero or more objects to format.</param>
            <example>logger.LogInformation(0, "Processing request from {Address}", address)</example>
        </member>
        <member name="M:Microsoft.Extensions.Logging.LoggerExtensions.LogInformation(Microsoft.Extensions.Logging.ILogger,System.Exception,System.String,System.Object[])">
            <summary>
            Formats and writes an informational log message.
            </summary>
            <param name="logger">The <see cref="T:Microsoft.Extensions.Logging.ILogger"/> to write to.</param>
            <param name="exception">The exception to log.</param>
            <param name="message">Format string of the log message in message template format. Example: <c>"User {User} logged in from {Address}"</c></param>
            <param name="args">An object array that contains zero or more objects to format.</param>
            <example>logger.LogInformation(exception, "Error while processing request from {Address}", address)</example>
        </member>
        <member name="M:Microsoft.Extensions.Logging.LoggerExtensions.LogInformation(Microsoft.Extensions.Logging.ILogger,System.String,System.Object[])">
            <summary>
            Formats and writes an informational log message.
            </summary>
            <param name="logger">The <see cref="T:Microsoft.Extensions.Logging.ILogger"/> to write to.</param>
            <param name="message">Format string of the log message in message template format. Example: <c>"User {User} logged in from {Address}"</c></param>
            <param name="args">An object array that contains zero or more objects to format.</param>
            <example>logger.LogInformation("Processing request from {Address}", address)</example>
        </member>
        <member name="M:Microsoft.Extensions.Logging.LoggerExtensions.LogWarning(Microsoft.Extensions.Logging.ILogger,Microsoft.Extensions.Logging.EventId,System.Exception,System.String,System.Object[])">
            <summary>
            Formats and writes a warning log message.
             | 百度译文：格式化并写入警告日志消息。
            </summary>
            <param name="logger">The <see cref="T:Microsoft.Extensions.Logging.ILogger"/> to write to.</param>
            <param name="eventId">The event id associated with the log.</param>
            <param name="exception">The exception to log.</param>
            <param name="message">Format string of the log message in message template format. Example: <c>"User {User} logged in from {Address}"</c></param>
            <param name="args">An object array that contains zero or more objects to format.</param>
            <example>logger.LogWarning(0, exception, "Error while processing request from {Address}", address)</example>
        </member>
        <member name="M:Microsoft.Extensions.Logging.LoggerExtensions.LogWarning(Microsoft.Extensions.Logging.ILogger,Microsoft.Extensions.Logging.EventId,System.String,System.Object[])">
            <summary>
            Formats and writes a warning log message.
             | 百度译文：格式化并写入警告日志消息。
            </summary>
            <param name="logger">The <see cref="T:Microsoft.Extensions.Logging.ILogger"/> to write to.</param>
            <param name="eventId">The event id associated with the log.</param>
            <param name="message">Format string of the log message in message template format. Example: <c>"User {User} logged in from {Address}"</c></param>
            <param name="args">An object array that contains zero or more objects to format.</param>
            <example>logger.LogWarning(0, "Processing request from {Address}", address)</example>
        </member>
        <member name="M:Microsoft.Extensions.Logging.LoggerExtensions.LogWarning(Microsoft.Extensions.Logging.ILogger,System.Exception,System.String,System.Object[])">
            <summary>
            Formats and writes a warning log message.
             | 百度译文：格式化并写入警告日志消息。
            </summary>
            <param name="logger">The <see cref="T:Microsoft.Extensions.Logging.ILogger"/> to write to.</param>
            <param name="exception">The exception to log.</param>
            <param name="message">Format string of the log message in message template format. Example: <c>"User {User} logged in from {Address}"</c></param>
            <param name="args">An object array that contains zero or more objects to format.</param>
            <example>logger.LogWarning(exception, "Error while processing request from {Address}", address)</example>
        </member>
        <member name="M:Microsoft.Extensions.Logging.LoggerExtensions.LogWarning(Microsoft.Extensions.Logging.ILogger,System.String,System.Object[])">
            <summary>
            Formats and writes a warning log message.
             | 百度译文：格式化并写入警告日志消息。
            </summary>
            <param name="logger">The <see cref="T:Microsoft.Extensions.Logging.ILogger"/> to write to.</param>
            <param name="message">Format string of the log message in message template format. Example: <c>"User {User} logged in from {Address}"</c></param>
            <param name="args">An object array that contains zero or more objects to format.</param>
            <example>logger.LogWarning("Processing request from {Address}", address)</example>
        </member>
        <member name="M:Microsoft.Extensions.Logging.LoggerExtensions.LogError(Microsoft.Extensions.Logging.ILogger,Microsoft.Extensions.Logging.EventId,System.Exception,System.String,System.Object[])">
            <summary>
            Formats and writes an error log message.
            </summary>
            <param name="logger">The <see cref="T:Microsoft.Extensions.Logging.ILogger"/> to write to.</param>
            <param name="eventId">The event id associated with the log.</param>
            <param name="exception">The exception to log.</param>
            <param name="message">Format string of the log message in message template format. Example: <c>"User {User} logged in from {Address}"</c></param>
            <param name="args">An object array that contains zero or more objects to format.</param>
            <example>logger.LogError(0, exception, "Error while processing request from {Address}", address)</example>
        </member>
        <member name="M:Microsoft.Extensions.Logging.LoggerExtensions.LogError(Microsoft.Extensions.Logging.ILogger,Microsoft.Extensions.Logging.EventId,System.String,System.Object[])">
            <summary>
            Formats and writes an error log message.
            </summary>
            <param name="logger">The <see cref="T:Microsoft.Extensions.Logging.ILogger"/> to write to.</param>
            <param name="eventId">The event id associated with the log.</param>
            <param name="message">Format string of the log message in message template format. Example: <c>"User {User} logged in from {Address}"</c></param>
            <param name="args">An object array that contains zero or more objects to format.</param>
            <example>logger.LogError(0, "Processing request from {Address}", address)</example>
        </member>
        <member name="M:Microsoft.Extensions.Logging.LoggerExtensions.LogError(Microsoft.Extensions.Logging.ILogger,System.Exception,System.String,System.Object[])">
            <summary>
            Formats and writes an error log message.
            </summary>
            <param name="logger">The <see cref="T:Microsoft.Extensions.Logging.ILogger"/> to write to.</param>
            <param name="exception">The exception to log.</param>
            <param name="message">Format string of the log message in message template format. Example: <c>"User {User} logged in from {Address}"</c></param>
            <param name="args">An object array that contains zero or more objects to format.</param>
            <example>logger.LogError(exception, "Error while processing request from {Address}", address)</example>
        </member>
        <member name="M:Microsoft.Extensions.Logging.LoggerExtensions.LogError(Microsoft.Extensions.Logging.ILogger,System.String,System.Object[])">
            <summary>
            Formats and writes an error log message.
            </summary>
            <param name="logger">The <see cref="T:Microsoft.Extensions.Logging.ILogger"/> to write to.</param>
            <param name="message">Format string of the log message in message template format. Example: <c>"User {User} logged in from {Address}"</c></param>
            <param name="args">An object array that contains zero or more objects to format.</param>
            <example>logger.LogError("Processing request from {Address}", address)</example>
        </member>
        <member name="M:Microsoft.Extensions.Logging.LoggerExtensions.LogCritical(Microsoft.Extensions.Logging.ILogger,Microsoft.Extensions.Logging.EventId,System.Exception,System.String,System.Object[])">
            <summary>
            Formats and writes a critical log message.
             | 百度译文：格式化并写入关键日志消息。
            </summary>
            <param name="logger">The <see cref="T:Microsoft.Extensions.Logging.ILogger"/> to write to.</param>
            <param name="eventId">The event id associated with the log.</param>
            <param name="exception">The exception to log.</param>
            <param name="message">Format string of the log message in message template format. Example: <c>"User {User} logged in from {Address}"</c></param>
            <param name="args">An object array that contains zero or more objects to format.</param>
            <example>logger.LogCritical(0, exception, "Error while processing request from {Address}", address)</example>
        </member>
        <member name="M:Microsoft.Extensions.Logging.LoggerExtensions.LogCritical(Microsoft.Extensions.Logging.ILogger,Microsoft.Extensions.Logging.EventId,System.String,System.Object[])">
            <summary>
            Formats and writes a critical log message.
             | 百度译文：格式化并写入关键日志消息。
            </summary>
            <param name="logger">The <see cref="T:Microsoft.Extensions.Logging.ILogger"/> to write to.</param>
            <param name="eventId">The event id associated with the log.</param>
            <param name="message">Format string of the log message in message template format. Example: <c>"User {User} logged in from {Address}"</c></param>
            <param name="args">An object array that contains zero or more objects to format.</param>
            <example>logger.LogCritical(0, "Processing request from {Address}", address)</example>
        </member>
        <member name="M:Microsoft.Extensions.Logging.LoggerExtensions.LogCritical(Microsoft.Extensions.Logging.ILogger,System.Exception,System.String,System.Object[])">
            <summary>
            Formats and writes a critical log message.
             | 百度译文：格式化并写入关键日志消息。
            </summary>
            <param name="logger">The <see cref="T:Microsoft.Extensions.Logging.ILogger"/> to write to.</param>
            <param name="exception">The exception to log.</param>
            <param name="message">Format string of the log message in message template format. Example: <c>"User {User} logged in from {Address}"</c></param>
            <param name="args">An object array that contains zero or more objects to format.</param>
            <example>logger.LogCritical(exception, "Error while processing request from {Address}", address)</example>
        </member>
        <member name="M:Microsoft.Extensions.Logging.LoggerExtensions.LogCritical(Microsoft.Extensions.Logging.ILogger,System.String,System.Object[])">
            <summary>
            Formats and writes a critical log message.
             | 百度译文：格式化并写入关键日志消息。
            </summary>
            <param name="logger">The <see cref="T:Microsoft.Extensions.Logging.ILogger"/> to write to.</param>
            <param name="message">Format string of the log message in message template format. Example: <c>"User {User} logged in from {Address}"</c></param>
            <param name="args">An object array that contains zero or more objects to format.</param>
            <example>logger.LogCritical("Processing request from {Address}", address)</example>
        </member>
        <member name="M:Microsoft.Extensions.Logging.LoggerExtensions.Log(Microsoft.Extensions.Logging.ILogger,Microsoft.Extensions.Logging.LogLevel,System.String,System.Object[])">
            <summary>
            Formats and writes a log message at the specified log level.
            </summary>
            <param name="logger">The <see cref="T:Microsoft.Extensions.Logging.ILogger"/> to write to.</param>
            <param name="logLevel">Entry will be written on this level.</param>
            <param name="message">Format string of the log message.</param>
            <param name="args">An object array that contains zero or more objects to format.</param>
        </member>
        <member name="M:Microsoft.Extensions.Logging.LoggerExtensions.Log(Microsoft.Extensions.Logging.ILogger,Microsoft.Extensions.Logging.LogLevel,Microsoft.Extensions.Logging.EventId,System.String,System.Object[])">
            <summary>
            Formats and writes a log message at the specified log level.
            </summary>
            <param name="logger">The <see cref="T:Microsoft.Extensions.Logging.ILogger"/> to write to.</param>
            <param name="logLevel">Entry will be written on this level.</param>
            <param name="eventId">The event id associated with the log.</param>
            <param name="message">Format string of the log message.</param>
            <param name="args">An object array that contains zero or more objects to format.</param>
        </member>
        <member name="M:Microsoft.Extensions.Logging.LoggerExtensions.Log(Microsoft.Extensions.Logging.ILogger,Microsoft.Extensions.Logging.LogLevel,System.Exception,System.String,System.Object[])">
            <summary>
            Formats and writes a log message at the specified log level.
            </summary>
            <param name="logger">The <see cref="T:Microsoft.Extensions.Logging.ILogger"/> to write to.</param>
            <param name="logLevel">Entry will be written on this level.</param>
            <param name="exception">The exception to log.</param>
            <param name="message">Format string of the log message.</param>
            <param name="args">An object array that contains zero or more objects to format.</param>
        </member>
        <member name="M:Microsoft.Extensions.Logging.LoggerExtensions.Log(Microsoft.Extensions.Logging.ILogger,Microsoft.Extensions.Logging.LogLevel,Microsoft.Extensions.Logging.EventId,System.Exception,System.String,System.Object[])">
            <summary>
            Formats and writes a log message at the specified log level.
            </summary>
            <param name="logger">The <see cref="T:Microsoft.Extensions.Logging.ILogger"/> to write to.</param>
            <param name="logLevel">Entry will be written on this level.</param>
            <param name="eventId">The event id associated with the log.</param>
            <param name="exception">The exception to log.</param>
            <param name="message">Format string of the log message.</param>
            <param name="args">An object array that contains zero or more objects to format.</param>
        </member>
        <member name="M:Microsoft.Extensions.Logging.LoggerExtensions.BeginScope(Microsoft.Extensions.Logging.ILogger,System.String,System.Object[])">
            <summary>
            Formats the message and creates a scope.
            </summary>
            <param name="logger">The <see cref="T:Microsoft.Extensions.Logging.ILogger"/> to create the scope in.</param>
            <param name="messageFormat">Format string of the log message in message template format. Example: <c>"User {User} logged in from {Address}"</c></param>
            <param name="args">An object array that contains zero or more objects to format.</param>
            <returns>A disposable scope object. Can be null.</returns>
            <example>
            using(logger.BeginScope("Processing request from {Address}", address))
            {
            }
            </example>
        </member>
        <member name="T:Microsoft.Extensions.Logging.LoggerExternalScopeProvider">
            <summary>
            Default implementation of <see cref="T:Microsoft.Extensions.Logging.IExternalScopeProvider"/>
            </summary>
        </member>
        <member name="M:Microsoft.Extensions.Logging.LoggerExternalScopeProvider.#ctor">
            <summary>
            Creates a new <see cref="T:Microsoft.Extensions.Logging.LoggerExternalScopeProvider"/>.
            </summary>
        </member>
        <member name="M:Microsoft.Extensions.Logging.LoggerExternalScopeProvider.ForEachScope``1(System.Action{System.Object,``0},``0)">
            <inheritdoc />
        </member>
        <member name="M:Microsoft.Extensions.Logging.LoggerExternalScopeProvider.Push(System.Object)">
            <inheritdoc />
        </member>
        <member name="T:Microsoft.Extensions.Logging.LoggerFactoryExtensions">
            <summary>
            ILoggerFactory extension methods for common scenarios.
             | 百度译文：常见场景的ILoggerFactory扩展方法。
            </summary>
        </member>
        <member name="M:Microsoft.Extensions.Logging.LoggerFactoryExtensions.CreateLogger``1(Microsoft.Extensions.Logging.ILoggerFactory)">
            <summary>
            Creates a new <see cref="T:Microsoft.Extensions.Logging.ILogger"/> instance using the full name of the given type.
            </summary>
            <param name="factory">The factory.</param>
            <typeparam name="T">The type.</typeparam>
            <returns>The <see cref="T:Microsoft.Extensions.Logging.ILogger"/> that was created.</returns>
        </member>
        <member name="M:Microsoft.Extensions.Logging.LoggerFactoryExtensions.CreateLogger(Microsoft.Extensions.Logging.ILoggerFactory,System.Type)">
            <summary>
            Creates a new <see cref="T:Microsoft.Extensions.Logging.ILogger"/> instance using the full name of the given <paramref name="type"/>.
             | 百度译文：创建一个新的<see cref="T:Microsoft.Extensions.Logging.ILogger"/>实例使用给定<paramref name="type"/>的全名。
            </summary>
            <param name="factory">The factory.</param>
            <param name="type">The type.</param>
            <return>The <see cref="T:Microsoft.Extensions.Logging.ILogger"/> that was created.</return>
        </member>
        <member name="T:Microsoft.Extensions.Logging.LoggerMessage">
            <summary>
            Creates delegates which can be later cached to log messages in a performant way.
            </summary>
        </member>
        <member name="M:Microsoft.Extensions.Logging.LoggerMessage.DefineScope(System.String)">
            <summary>
            Creates a delegate which can be invoked to create a log scope.
             | 百度译文：创建可调用以创建日志范围的委托。
            </summary>
            <param name="formatString">The named format string</param>
            <returns>A delegate which when invoked creates a log scope.</returns>
        </member>
        <member name="M:Microsoft.Extensions.Logging.LoggerMessage.DefineScope``1(System.String)">
            <summary>
            Creates a delegate which can be invoked to create a log scope.
             | 百度译文：创建可调用以创建日志范围的委托。
            </summary>
            <typeparam name="T1">The type of the first parameter passed to the named format string.</typeparam>
            <param name="formatString">The named format string</param>
            <returns>A delegate which when invoked creates a log scope.</returns>
        </member>
        <member name="M:Microsoft.Extensions.Logging.LoggerMessage.DefineScope``2(System.String)">
            <summary>
            Creates a delegate which can be invoked to create a log scope.
             | 百度译文：创建可调用以创建日志范围的委托。
            </summary>
            <typeparam name="T1">The type of the first parameter passed to the named format string.</typeparam>
            <typeparam name="T2">The type of the second parameter passed to the named format string.</typeparam>
            <param name="formatString">The named format string</param>
            <returns>A delegate which when invoked creates a log scope.</returns>
        </member>
        <member name="M:Microsoft.Extensions.Logging.LoggerMessage.DefineScope``3(System.String)">
            <summary>
            Creates a delegate which can be invoked to create a log scope.
             | 百度译文：创建可调用以创建日志范围的委托。
            </summary>
            <typeparam name="T1">The type of the first parameter passed to the named format string.</typeparam>
            <typeparam name="T2">The type of the second parameter passed to the named format string.</typeparam>
            <typeparam name="T3">The type of the third parameter passed to the named format string.</typeparam>
            <param name="formatString">The named format string</param>
            <returns>A delegate which when invoked creates a log scope.</returns>
        </member>
        <member name="M:Microsoft.Extensions.Logging.LoggerMessage.DefineScope``4(System.String)">
            <summary>
            Creates a delegate which can be invoked to create a log scope.
             | 百度译文：创建可调用以创建日志范围的委托。
            </summary>
            <typeparam name="T1">The type of the first parameter passed to the named format string.</typeparam>
            <typeparam name="T2">The type of the second parameter passed to the named format string.</typeparam>
            <typeparam name="T3">The type of the third parameter passed to the named format string.</typeparam>
            <typeparam name="T4">The type of the fourth parameter passed to the named format string.</typeparam>
            <param name="formatString">The named format string</param>
            <returns>A delegate which when invoked creates a log scope.</returns>
        </member>
        <member name="M:Microsoft.Extensions.Logging.LoggerMessage.DefineScope``5(System.String)">
            <summary>
            Creates a delegate which can be invoked to create a log scope.
             | 百度译文：创建可调用以创建日志范围的委托。
            </summary>
            <typeparam name="T1">The type of the first parameter passed to the named format string.</typeparam>
            <typeparam name="T2">The type of the second parameter passed to the named format string.</typeparam>
            <typeparam name="T3">The type of the third parameter passed to the named format string.</typeparam>
            <typeparam name="T4">The type of the fourth parameter passed to the named format string.</typeparam>
            <typeparam name="T5">The type of the fifth parameter passed to the named format string.</typeparam>
            <param name="formatString">The named format string</param>
            <returns>A delegate which when invoked creates a log scope.</returns>
        </member>
        <member name="M:Microsoft.Extensions.Logging.LoggerMessage.DefineScope``6(System.String)">
            <summary>
            Creates a delegate which can be invoked to create a log scope.
             | 百度译文：创建可调用以创建日志范围的委托。
            </summary>
            <typeparam name="T1">The type of the first parameter passed to the named format string.</typeparam>
            <typeparam name="T2">The type of the second parameter passed to the named format string.</typeparam>
            <typeparam name="T3">The type of the third parameter passed to the named format string.</typeparam>
            <typeparam name="T4">The type of the fourth parameter passed to the named format string.</typeparam>
            <typeparam name="T5">The type of the fifth parameter passed to the named format string.</typeparam>
            <typeparam name="T6">The type of the sisxth parameter passed to the named format string.</typeparam>
            <param name="formatString">The named format string</param>
            <returns>A delegate which when invoked creates a log scope.</returns>
        </member>
        <member name="M:Microsoft.Extensions.Logging.LoggerMessage.Define(Microsoft.Extensions.Logging.LogLevel,Microsoft.Extensions.Logging.EventId,System.String)">
            <summary>
            Creates a delegate which can be invoked for logging a message.
            </summary>
            <param name="logLevel">The <see cref="T:Microsoft.Extensions.Logging.LogLevel"/></param>
            <param name="eventId">The event id</param>
            <param name="formatString">The named format string</param>
            <returns>A delegate which when invoked creates a log message.</returns>
        </member>
        <member name="M:Microsoft.Extensions.Logging.LoggerMessage.Define``1(Microsoft.Extensions.Logging.LogLevel,Microsoft.Extensions.Logging.EventId,System.String)">
            <summary>
            Creates a delegate which can be invoked for logging a message.
            </summary>
            <typeparam name="T1">The type of the first parameter passed to the named format string.</typeparam>
            <param name="logLevel">The <see cref="T:Microsoft.Extensions.Logging.LogLevel"/></param>
            <param name="eventId">The event id</param>
            <param name="formatString">The named format string</param>
            <returns>A delegate which when invoked creates a log message.</returns>
        </member>
        <member name="M:Microsoft.Extensions.Logging.LoggerMessage.Define``2(Microsoft.Extensions.Logging.LogLevel,Microsoft.Extensions.Logging.EventId,System.String)">
            <summary>
            Creates a delegate which can be invoked for logging a message.
            </summary>
            <typeparam name="T1">The type of the first parameter passed to the named format string.</typeparam>
            <typeparam name="T2">The type of the second parameter passed to the named format string.</typeparam>
            <param name="logLevel">The <see cref="T:Microsoft.Extensions.Logging.LogLevel"/></param>
            <param name="eventId">The event id</param>
            <param name="formatString">The named format string</param>
            <returns>A delegate which when invoked creates a log message.</returns>
        </member>
        <member name="M:Microsoft.Extensions.Logging.LoggerMessage.Define``3(Microsoft.Extensions.Logging.LogLevel,Microsoft.Extensions.Logging.EventId,System.String)">
            <summary>
            Creates a delegate which can be invoked for logging a message.
            </summary>
            <typeparam name="T1">The type of the first parameter passed to the named format string.</typeparam>
            <typeparam name="T2">The type of the second parameter passed to the named format string.</typeparam>
            <typeparam name="T3">The type of the third parameter passed to the named format string.</typeparam>
            <param name="logLevel">The <see cref="T:Microsoft.Extensions.Logging.LogLevel"/></param>
            <param name="eventId">The event id</param>
            <param name="formatString">The named format string</param>
            <returns>A delegate which when invoked creates a log message.</returns>
        </member>
        <member name="M:Microsoft.Extensions.Logging.LoggerMessage.Define``4(Microsoft.Extensions.Logging.LogLevel,Microsoft.Extensions.Logging.EventId,System.String)">
            <summary>
            Creates a delegate which can be invoked for logging a message.
            </summary>
            <typeparam name="T1">The type of the first parameter passed to the named format string.</typeparam>
            <typeparam name="T2">The type of the second parameter passed to the named format string.</typeparam>
            <typeparam name="T3">The type of the third parameter passed to the named format string.</typeparam>
            <typeparam name="T4">The type of the fourth parameter passed to the named format string.</typeparam>
            <param name="logLevel">The <see cref="T:Microsoft.Extensions.Logging.LogLevel"/></param>
            <param name="eventId">The event id</param>
            <param name="formatString">The named format string</param>
            <returns>A delegate which when invoked creates a log message.</returns>
        </member>
        <member name="M:Microsoft.Extensions.Logging.LoggerMessage.Define``5(Microsoft.Extensions.Logging.LogLevel,Microsoft.Extensions.Logging.EventId,System.String)">
            <summary>
            Creates a delegate which can be invoked for logging a message.
            </summary>
            <typeparam name="T1">The type of the first parameter passed to the named format string.</typeparam>
            <typeparam name="T2">The type of the second parameter passed to the named format string.</typeparam>
            <typeparam name="T3">The type of the third parameter passed to the named format string.</typeparam>
            <typeparam name="T4">The type of the fourth parameter passed to the named format string.</typeparam>
            <typeparam name="T5">The type of the fifth parameter passed to the named format string.</typeparam>
            <param name="logLevel">The <see cref="T:Microsoft.Extensions.Logging.LogLevel"/></param>
            <param name="eventId">The event id</param>
            <param name="formatString">The named format string</param>
            <returns>A delegate which when invoked creates a log message.</returns>
        </member>
        <member name="M:Microsoft.Extensions.Logging.LoggerMessage.Define``6(Microsoft.Extensions.Logging.LogLevel,Microsoft.Extensions.Logging.EventId,System.String)">
            <summary>
            Creates a delegate which can be invoked for logging a message.
            </summary>
            <typeparam name="T1">The type of the first parameter passed to the named format string.</typeparam>
            <typeparam name="T2">The type of the second parameter passed to the named format string.</typeparam>
            <typeparam name="T3">The type of the third parameter passed to the named format string.</typeparam>
            <typeparam name="T4">The type of the fourth parameter passed to the named format string.</typeparam>
            <typeparam name="T5">The type of the fifth parameter passed to the named format string.</typeparam>
            <typeparam name="T6">The type of the sixth parameter passed to the named format string.</typeparam>
            <param name="logLevel">The <see cref="T:Microsoft.Extensions.Logging.LogLevel"/></param>
            <param name="eventId">The event id</param>
            <param name="formatString">The named format string</param>
            <returns>A delegate which when invoked creates a log message.</returns>
        </member>
        <member name="T:Microsoft.Extensions.Logging.Logger`1">
            <summary>
            Delegates to a new <see cref="T:Microsoft.Extensions.Logging.ILogger"/> instance using the full name of the given type, created by the
            provided <see cref="T:Microsoft.Extensions.Logging.ILoggerFactory"/>.
            </summary>
            <typeparam name="T">The type.</typeparam>
        </member>
        <member name="M:Microsoft.Extensions.Logging.Logger`1.#ctor(Microsoft.Extensions.Logging.ILoggerFactory)">
            <summary>
            Creates a new <see cref="T:Microsoft.Extensions.Logging.Logger`1"/>.
             | 百度译文：创建一个新的<see cref="T:Microsoft.Extensions.Logging.Logger`1"/>。
            </summary>
            <param name="factory">The factory.</param>
        </member>
        <member name="M:Microsoft.Extensions.Logging.Logger`1.Microsoft#Extensions#Logging#ILogger#BeginScope``1(``0)">
            <inheritdoc />
        </member>
        <member name="M:Microsoft.Extensions.Logging.Logger`1.Microsoft#Extensions#Logging#ILogger#IsEnabled(Microsoft.Extensions.Logging.LogLevel)">
            <inheritdoc />
        </member>
        <member name="M:Microsoft.Extensions.Logging.Logger`1.Microsoft#Extensions#Logging#ILogger#Log``1(Microsoft.Extensions.Logging.LogLevel,Microsoft.Extensions.Logging.EventId,``0,System.Exception,System.Func{``0,System.Exception,System.String})">
            <inheritdoc />
        </member>
        <member name="T:Microsoft.Extensions.Logging.LogLevel">
            <summary>
            Defines logging severity levels.
             | 百度译文：定义日志严重性级别。
            </summary>
        </member>
        <member name="F:Microsoft.Extensions.Logging.LogLevel.Trace">
            <summary>
            Logs that contain the most detailed messages. These messages may contain sensitive application data.
            These messages are disabled by default and should never be enabled in a production environment.
            </summary>
        </member>
        <member name="F:Microsoft.Extensions.Logging.LogLevel.Debug">
            <summary>
            Logs that are used for interactive investigation during development.  These logs should primarily contain
            information useful for debugging and have no long-term value.
            </summary>
        </member>
        <member name="F:Microsoft.Extensions.Logging.LogLevel.Information">
            <summary>
            Logs that track the general flow of the application. These logs should have long-term value.
             | 百度译文：跟踪应用程序一般流程的日志。这些日志应该具有长期价值。
            </summary>
        </member>
        <member name="F:Microsoft.Extensions.Logging.LogLevel.Warning">
            <summary>
            Logs that highlight an abnormal or unexpected event in the application flow, but do not otherwise cause the
            application execution to stop.
             | 百度译文：突出显示应用程序流中的异常或意外事件，但不会导致应用程序执行停止的日志。
            </summary>
        </member>
        <member name="F:Microsoft.Extensions.Logging.LogLevel.Error">
            <summary>
            Logs that highlight when the current flow of execution is stopped due to a failure. These should indicate a
            failure in the current activity, not an application-wide failure.
            </summary>
        </member>
        <member name="F:Microsoft.Extensions.Logging.LogLevel.Critical">
            <summary>
            Logs that describe an unrecoverable application or system crash, or a catastrophic failure that requires
            immediate attention.
            </summary>
        </member>
        <member name="F:Microsoft.Extensions.Logging.LogLevel.None">
            <summary>
            Not used for writing log messages. Specifies that a logging category should not write any messages.
             | 百度译文：不用于写入日志消息。指定日志记录类别不应写入任何消息。
            </summary>
        </member>
        <member name="T:Microsoft.Extensions.Logging.LogValuesFormatter">
            <summary>
            Formatter to convert the named format items like {NamedformatItem} to <see cref="M:System.String.Format(System.IFormatProvider,System.String,System.Object)"/> format.
             | 百度译文：格式化程序将命名格式项（如{NamedformatItem}）转换为<see cref="M:System.String.Format格式(System.IFormatProvider,系统字符串,系统对象)"/>格式。
            </summary>
        </member>
        <member name="T:Microsoft.Extensions.Logging.NullExternalScopeProvider">
            <summary>
            Scope provider that does nothing.
            </summary>
        </member>
        <member name="P:Microsoft.Extensions.Logging.NullExternalScopeProvider.Instance">
            <summary>
            Returns a cached instance of <see cref="T:Microsoft.Extensions.Logging.NullExternalScopeProvider"/>.
             | 百度译文：返回<see cref="T:Microsoft.Extensions.Logging.NullExternalScopeProvider"/>。
            </summary>
        </member>
        <member name="M:Microsoft.Extensions.Logging.NullExternalScopeProvider.Microsoft#Extensions#Logging#IExternalScopeProvider#ForEachScope``1(System.Action{System.Object,``0},``0)">
            <inheritdoc />
        </member>
        <member name="M:Microsoft.Extensions.Logging.NullExternalScopeProvider.Microsoft#Extensions#Logging#IExternalScopeProvider#Push(System.Object)">
            <inheritdoc />
        </member>
        <member name="T:Microsoft.Extensions.Logging.NullScope">
            <summary>
            An empty scope without any logic
            </summary>
        </member>
        <member name="M:Microsoft.Extensions.Logging.NullScope.Dispose">
            <inheritdoc />
        </member>
        <member name="M:Microsoft.Extensions.Internal.TypeNameHelper.GetTypeDisplayName(System.Type,System.Boolean,System.Boolean,System.Boolean,System.Char)">
            <summary>
            Pretty print a type name.
             | 百度译文：打印一个字体名。
            </summary>
            <param name="type">The <see cref="T:System.Type"/>.</param>
            <param name="fullName"><c>true</c> to print a fully qualified name.</param>
            <param name="includeGenericParameterNames"><c>true</c> to include generic parameter names.</param>
            <param name="includeGenericParameters"><c>true</c> to include generic parameters.</param>
            <param name="nestedTypeDelimiter">Character to use as a delimiter in nested type names</param>
            <returns>The pretty printed type name.</returns>
        </member>
        <member name="P:System.SR.UnexpectedNumberOfNamedParameters">
            <summary>The format string '{0}' does not have the expected number of named parameters. Expected {1} parameter(s) but found {2} parameter(s).</summary>
        </member>
    </members>
</doc>