<?xml version="1.0"?>
<doc>
    <assembly>
        <name>Microsoft.AspNetCore.Diagnostics.Abstractions</name>
    </assembly>
    <members>
        <member name="T:Microsoft.AspNetCore.Diagnostics.CompilationFailure">
            <summary>
            Describes a failure compiling a specific file.
             | 百度译文：描述编译特定文件失败。
            </summary>
        </member>
        <member name="M:Microsoft.AspNetCore.Diagnostics.CompilationFailure.#ctor(System.String,System.String,System.String,System.Collections.Generic.IEnumerable{Microsoft.AspNetCore.Diagnostics.DiagnosticMessage})">
            <summary>
            Initializes a new instance of <see cref="T:Microsoft.AspNetCore.Diagnostics.CompilationFailure"/>.
             | 百度译文：初始化的新实例<see cref="T:Microsoft.AspNetCore.Diagnostics.CompilationFailure"/>。
            </summary>
            <param name="sourceFilePath">Path for the file that produced the compilation failure.</param>
            <param name="sourceFileContent">Contents of the file being compiled.</param>
            <param name="compiledContent">For templated languages (such as Asp.Net Core Razor), the generated content.
            </param>
            <param name="messages">One or or more <see cref="T:Microsoft.AspNetCore.Diagnostics.DiagnosticMessage"/> instances.</param>
        </member>
        <member name="M:Microsoft.AspNetCore.Diagnostics.CompilationFailure.#ctor(System.String,System.String,System.String,System.Collections.Generic.IEnumerable{Microsoft.AspNetCore.Diagnostics.DiagnosticMessage},System.String)">
            <summary>
            Initializes a new instance of <see cref="T:Microsoft.AspNetCore.Diagnostics.CompilationFailure"/>.
             | 百度译文：初始化的新实例<see cref="T:Microsoft.AspNetCore.Diagnostics.CompilationFailure"/>。
            </summary>
            <param name="sourceFilePath">Path for the file that produced the compilation failure.</param>
            <param name="sourceFileContent">Contents of the file being compiled.</param>
            <param name="compiledContent">For templated languages (such as Asp.Net Core Razor), the generated content.
            </param>
            <param name="messages">One or or more <see cref="T:Microsoft.AspNetCore.Diagnostics.DiagnosticMessage"/> instances.</param>
            <param name="failureSummary">Summary message or instructions to fix the failure.</param>
        </member>
        <member name="P:Microsoft.AspNetCore.Diagnostics.CompilationFailure.SourceFilePath">
            <summary>
            Path of the file that produced the compilation failure.
             | 百度译文：生成编译失败的文件的路径。
            </summary>
        </member>
        <member name="P:Microsoft.AspNetCore.Diagnostics.CompilationFailure.SourceFileContent">
            <summary>
            Contents of the file.
             | 百度译文：文件的内容。
            </summary>
        </member>
        <member name="P:Microsoft.AspNetCore.Diagnostics.CompilationFailure.CompiledContent">
            <summary>
            Contents being compiled.
             | 百度译文：正在编译的内容。
            </summary>
            <remarks>
            For templated files, the <see cref="P:Microsoft.AspNetCore.Diagnostics.CompilationFailure.SourceFileContent"/> represents the original content and
            <see cref="P:Microsoft.AspNetCore.Diagnostics.CompilationFailure.CompiledContent"/> represents the transformed content. This property can be null if
            the exception is encountered during transformation.
            </remarks>
        </member>
        <member name="P:Microsoft.AspNetCore.Diagnostics.CompilationFailure.Messages">
            <summary>
            Gets a sequence of <see cref="T:Microsoft.AspNetCore.Diagnostics.DiagnosticMessage"/> produced as a result of compilation.
             | 百度译文：获取<see cref="T:Microsoft.AspNetCore.Diagnostics.DiagnosticMessage"/>是编译的结果。
            </summary>
        </member>
        <member name="P:Microsoft.AspNetCore.Diagnostics.CompilationFailure.FailureSummary">
            <summary>
            Summary message or instructions to fix the failure.
             | 百度译文：用于修复故障的摘要消息或说明。
            </summary>
        </member>
        <member name="T:Microsoft.AspNetCore.Diagnostics.DiagnosticMessage">
            <summary>
            A single diagnostic message.
             | 百度译文：一条诊断信息。
            </summary>
        </member>
        <member name="M:Microsoft.AspNetCore.Diagnostics.DiagnosticMessage.#ctor(System.String,System.String,System.String,System.Int32,System.Int32,System.Int32,System.Int32)">
            <summary>
            Initializes a new instance of <see cref="T:Microsoft.AspNetCore.Diagnostics.DiagnosticMessage"/>.
             | 百度译文：初始化的新实例<see cref="T:Microsoft.AspNetCore.Diagnostics.DiagnosticMessage"/>。
            </summary>
            <param name="message">The error message.</param>
            <param name="formattedMessage">The formatted error message.</param>
            <param name="filePath">The path of the file that produced the message.</param>
            <param name="startLine">The one-based line index for the start of the compilation error.</param>
            <param name="startColumn">The zero-based column index for the start of the compilation error.</param>
            <param name="endLine">The one-based line index for the end of the compilation error.</param>
            <param name="endColumn">The zero-based column index for the end of the compilation error.</param>
        </member>
        <member name="P:Microsoft.AspNetCore.Diagnostics.DiagnosticMessage.SourceFilePath">
            <summary>
            Path of the file that produced the message.
             | 百度译文：生成消息的文件的路径。
            </summary>
        </member>
        <member name="P:Microsoft.AspNetCore.Diagnostics.DiagnosticMessage.Message">
            <summary>
            Gets the error message.
             | 百度译文：获取错误消息。
            </summary>
        </member>
        <member name="P:Microsoft.AspNetCore.Diagnostics.DiagnosticMessage.StartLine">
            <summary>
            Gets the one-based line index for the start of the compilation error.
             | 百度译文：获取编译错误开始时基于一的行索引。
            </summary>
        </member>
        <member name="P:Microsoft.AspNetCore.Diagnostics.DiagnosticMessage.StartColumn">
            <summary>
            Gets the zero-based column index for the start of the compilation error.
             | 百度译文：获取编译错误开始时从零开始的列索引。
            </summary>
        </member>
        <member name="P:Microsoft.AspNetCore.Diagnostics.DiagnosticMessage.EndLine">
            <summary>
            Gets the one-based line index for the end of the compilation error.
             | 百度译文：获取编译错误结尾的基于一的行索引。
            </summary>
        </member>
        <member name="P:Microsoft.AspNetCore.Diagnostics.DiagnosticMessage.EndColumn">
            <summary>
            Gets the zero-based column index for the end of the compilation error.
             | 百度译文：获取编译错误结束时从零开始的列索引。
            </summary>
        </member>
        <member name="P:Microsoft.AspNetCore.Diagnostics.DiagnosticMessage.FormattedMessage">
            <summary>
            Gets the formatted error message.
             | 百度译文：获取格式化的错误消息。
            </summary>
        </member>
        <member name="T:Microsoft.AspNetCore.Diagnostics.ErrorContext">
            <summary>
            Provides context about the error currently being handled by the DeveloperExceptionPageMiddleware.
             | 百度译文：提供developerXceptionPageMiddleware当前正在处理的错误的上下文。
            </summary>
        </member>
        <member name="M:Microsoft.AspNetCore.Diagnostics.ErrorContext.#ctor(Microsoft.AspNetCore.Http.HttpContext,System.Exception)">
            <summary>
            Initializes the ErrorContext with the specified <see cref="P:Microsoft.AspNetCore.Diagnostics.ErrorContext.HttpContext"/> and <see cref="P:Microsoft.AspNetCore.Diagnostics.ErrorContext.Exception"/>.
             | 百度译文：使用指定的<see cref="P:Microsoft.AspNetCore.Diagnostics.错误上下文.HttpContext"/>和<see cref="P:Microsoft.AspNetCore.Diagnostics.错误上下文。异常"/>.
            </summary>
            <param name="httpContext"></param>
            <param name="exception"></param>
        </member>
        <member name="P:Microsoft.AspNetCore.Diagnostics.ErrorContext.HttpContext">
            <summary>
            The <see cref="P:Microsoft.AspNetCore.Diagnostics.ErrorContext.HttpContext"/>.
             | 百度译文：<see cref="P:Microsoft.AspNetCore.Diagnostics.错误上下文.HttpContext"/>.
            </summary>
        </member>
        <member name="P:Microsoft.AspNetCore.Diagnostics.ErrorContext.Exception">
            <summary>
            The <see cref="P:Microsoft.AspNetCore.Diagnostics.ErrorContext.Exception"/> thrown during request processing.
             | 百度译文：<see cref="P:Microsoft.AspNetCore.Diagnostics.错误上下文。异常"/>在请求处理过程中引发。
            </summary>
        </member>
        <member name="T:Microsoft.AspNetCore.Diagnostics.ICompilationException">
            <summary>
            Specifies the contract for an exception representing compilation failure.
             | 百度译文：指定表示编译失败的异常的协定。
            </summary>
            <remarks>
            This interface is implemented on exceptions thrown during compilation to enable consumers
            to read compilation-related data out of the exception
            </remarks>
        </member>
        <member name="P:Microsoft.AspNetCore.Diagnostics.ICompilationException.CompilationFailures">
            <summary>
            Gets a sequence of <see cref="T:Microsoft.AspNetCore.Diagnostics.CompilationFailure"/> with compilation failures.
             | 百度译文：获取<see cref="T:Microsoft.AspNetCore.Diagnostics.CompilationFailure"/>包含编译失败。
            </summary>
        </member>
        <member name="T:Microsoft.AspNetCore.Diagnostics.IDeveloperPageExceptionFilter">
            <summary>
            Provides an extensiblity point for changing the behavior of the DeveloperExceptionPageMiddleware.
             | 百度译文：提供用于更改DeveloperExceptionPageMiddleware行为的扩展点。
            </summary>
        </member>
        <member name="M:Microsoft.AspNetCore.Diagnostics.IDeveloperPageExceptionFilter.HandleExceptionAsync(Microsoft.AspNetCore.Diagnostics.ErrorContext,System.Func{Microsoft.AspNetCore.Diagnostics.ErrorContext,System.Threading.Tasks.Task})">
            <summary>
            An exception handling method that is used to either format the exception or delegate to the next handler in the chain.
             | 百度译文：一种异常处理方法，用于格式化异常或委托给链中的下一个处理程序。
            </summary>
            <param name="errorContext">The error context.</param>
            <param name="next">The next filter in the pipeline.</param>
            <returns>A task the completes when the handler is done executing.</returns>
        </member>
        <member name="T:Microsoft.AspNetCore.Diagnostics.IExceptionHandlerFeature">
            <summary>
            Represents a feature containing the error of the original request to be examined by an exception handler.
             | 百度译文：表示包含要由异常处理程序检查的原始请求的错误的功能。
            </summary>
        </member>
        <member name="P:Microsoft.AspNetCore.Diagnostics.IExceptionHandlerFeature.Error">
            <summary>
            The error encountered during the original request
             | 百度译文：原始请求期间遇到的错误
            </summary>
        </member>
        <member name="T:Microsoft.AspNetCore.Diagnostics.IExceptionHandlerPathFeature">
            <summary>
            Represents an exception handler with the original path of the request.
             | 百度译文：表示具有请求原始路径的异常处理程序。
            </summary>
        </member>
        <member name="P:Microsoft.AspNetCore.Diagnostics.IExceptionHandlerPathFeature.Path">
            <summary>
            The portion of the request path that identifies the requested resource. The value
            is un-escaped.
             | 百度译文：请求路径中标识所请求资源的部分。该值未转义。
            </summary>
        </member>
        <member name="T:Microsoft.AspNetCore.Diagnostics.IStatusCodePagesFeature">
            <summary>
            Represents the Status code pages feature.
             | 百度译文：表示状态代码页功能。
            </summary>
        </member>
        <member name="P:Microsoft.AspNetCore.Diagnostics.IStatusCodePagesFeature.Enabled">
            <summary>
            Indicates if the status code middleware will handle responses.
             | 百度译文：指示状态代码中间件是否将处理响应。
            </summary>
        </member>
        <member name="T:Microsoft.AspNetCore.Diagnostics.IStatusCodeReExecuteFeature">
            <summary>
            Represents a feature containing the path details of the original request. This feature is provided by the
            StatusCodePagesMiddleware when it re-execute the request pipeline with an alternative path to generate the
            response body.
             | 百度译文：表示包含原始请求的路径详细信息的功能。当StatusCodePagesMiddleware使用另一个路径重新执行请求管道以生成响应正文时，它将提供此功能。
            </summary>
        </member>
        <member name="P:Microsoft.AspNetCore.Diagnostics.IStatusCodeReExecuteFeature.OriginalPathBase">
            <summary>
            The <see cref="P:Microsoft.AspNetCore.Http.HttpRequest.PathBase"/> of the original request.
             | 百度译文：<see cref="P:Microsoft.AspNetCore.Http.HttpRequest.PathBase"/>的原始请求。
            </summary>
        </member>
        <member name="P:Microsoft.AspNetCore.Diagnostics.IStatusCodeReExecuteFeature.OriginalPath">
            <summary>
            The <see cref="P:Microsoft.AspNetCore.Http.HttpRequest.Path"/> of the original request.
             | 百度译文：<see cref="P:Microsoft.AspNetCore.Http.HttpRequest.Path"/>的原始请求。
            </summary>
        </member>
        <member name="P:Microsoft.AspNetCore.Diagnostics.IStatusCodeReExecuteFeature.OriginalQueryString">
            <summary>
            The <see cref="P:Microsoft.AspNetCore.Http.HttpRequest.QueryString"/> of the original request.
             | 百度译文：<see cref="P:Microsoft.AspNetCore.Http.HttpRequest.QueryString"/>的原始请求。
            </summary>
        </member>
    </members>
</doc>