<?xml version="1.0"?>
<doc>
    <assembly>
        <name>Microsoft.AspNetCore.ResponseCompression</name>
    </assembly>
    <members>
        <member name="T:Microsoft.AspNetCore.ResponseCompression.BrotliCompressionProvider">
            <summary>
            Brotli compression provider.
             | 百度译文：Brotli压缩提供程序。
            </summary>
        </member>
        <member name="M:Microsoft.AspNetCore.ResponseCompression.BrotliCompressionProvider.#ctor(Microsoft.Extensions.Options.IOptions{Microsoft.AspNetCore.ResponseCompression.BrotliCompressionProviderOptions})">
            <summary>
            Creates a new instance of <see cref="T:Microsoft.AspNetCore.ResponseCompression.BrotliCompressionProvider"/> with options.
             | 百度译文：创建<see cref="T:Microsoft.AspNetCore.ResponseCompression.BrotliCompressionProvider"/>提供选项。
            </summary>
            <param name="options">The options for this instance.</param>
        </member>
        <member name="P:Microsoft.AspNetCore.ResponseCompression.BrotliCompressionProvider.EncodingName">
            <inheritdoc />
        </member>
        <member name="P:Microsoft.AspNetCore.ResponseCompression.BrotliCompressionProvider.SupportsFlush">
            <inheritdoc />
        </member>
        <member name="M:Microsoft.AspNetCore.ResponseCompression.BrotliCompressionProvider.CreateStream(System.IO.Stream)">
            <inheritdoc />
        </member>
        <member name="T:Microsoft.AspNetCore.ResponseCompression.BrotliCompressionProviderOptions">
            <summary>
            Options for the <see cref="T:Microsoft.AspNetCore.ResponseCompression.BrotliCompressionProvider"/>
             | 百度译文：选项<see cref="T:Microsoft.AspNetCore.ResponseCompression.BrotliCompressionProvider"/>
            </summary>
        </member>
        <member name="P:Microsoft.AspNetCore.ResponseCompression.BrotliCompressionProviderOptions.Level">
            <summary>
            What level of compression to use for the stream. The default is <see cref="F:System.IO.Compression.CompressionLevel.Fastest"/>.
             | 百度译文：流要使用的压缩级别。默认值为<see cref="F:System.IO.压缩.最快的水平压缩"/>.
            </summary>
        </member>
        <member name="P:Microsoft.AspNetCore.ResponseCompression.BrotliCompressionProviderOptions.Microsoft#Extensions#Options#IOptions{Microsoft#AspNetCore#ResponseCompression#BrotliCompressionProviderOptions}#Value">
            <inheritdoc />
        </member>
        <member name="T:Microsoft.AspNetCore.ResponseCompression.CompressionProviderCollection">
            <summary>
            A Collection of ICompressionProvider's that also allows them to be instantiated from an <see cref="T:System.IServiceProvider" />.
             | 百度译文：一个ICompressionProvider的集合，也允许它们从<see cref="T:System.IServiceProvider" />.
            </summary>
        </member>
        <member name="M:Microsoft.AspNetCore.ResponseCompression.CompressionProviderCollection.Add``1">
            <summary>
            Adds a type representing an <see cref="T:Microsoft.AspNetCore.ResponseCompression.ICompressionProvider"/>.
             | 百度译文：添加表示<see cref="T:Microsoft.AspNetCore.ResponseCompression.ICompressionProvider"/>。
            </summary>
            <remarks>
            Provider instances will be created using an <see cref="T:System.IServiceProvider" />.
            </remarks>
        </member>
        <member name="M:Microsoft.AspNetCore.ResponseCompression.CompressionProviderCollection.Add(System.Type)">
            <summary>
            Adds a type representing an <see cref="T:Microsoft.AspNetCore.ResponseCompression.ICompressionProvider"/>.
             | 百度译文：添加表示<see cref="T:Microsoft.AspNetCore.ResponseCompression.ICompressionProvider"/>。
            </summary>
            <param name="providerType">Type representing an <see cref="T:Microsoft.AspNetCore.ResponseCompression.ICompressionProvider"/>.</param>
            <remarks>
            Provider instances will be created using an <see cref="T:System.IServiceProvider" />.
            </remarks>
        </member>
        <member name="T:Microsoft.AspNetCore.ResponseCompression.CompressionProviderFactory">
            <summary>
            This is a placeholder for the CompressionProviderCollection that allows creating the given type via
            an <see cref="T:System.IServiceProvider" />.
             | 百度译文：这是CompressionProviderCollection的占位符，它允许通过<see cref="T:System.IServiceProvider" />.
            </summary>
        </member>
        <member name="T:Microsoft.AspNetCore.ResponseCompression.GzipCompressionProvider">
            <summary>
            GZIP compression provider.
             | 百度译文：GZIP压缩提供程序。
            </summary>
        </member>
        <member name="M:Microsoft.AspNetCore.ResponseCompression.GzipCompressionProvider.#ctor(Microsoft.Extensions.Options.IOptions{Microsoft.AspNetCore.ResponseCompression.GzipCompressionProviderOptions})">
            <summary>
            Creates a new instance of GzipCompressionProvider with options.
             | 百度译文：使用选项创建gzip压缩提供程序的新实例。
            </summary>
            <param name="options">The options for this instance.</param>
        </member>
        <member name="P:Microsoft.AspNetCore.ResponseCompression.GzipCompressionProvider.EncodingName">
            <inheritdoc />
        </member>
        <member name="P:Microsoft.AspNetCore.ResponseCompression.GzipCompressionProvider.SupportsFlush">
            <inheritdoc />
        </member>
        <member name="M:Microsoft.AspNetCore.ResponseCompression.GzipCompressionProvider.CreateStream(System.IO.Stream)">
            <inheritdoc />
        </member>
        <member name="T:Microsoft.AspNetCore.ResponseCompression.GzipCompressionProviderOptions">
            <summary>
            Options for the GzipCompressionProvider
             | 百度译文：gzip压缩提供程序的选项
            </summary>
        </member>
        <member name="P:Microsoft.AspNetCore.ResponseCompression.GzipCompressionProviderOptions.Level">
            <summary>
            What level of compression to use for the stream. The default is Fastest.
             | 百度译文：流要使用的压缩级别。默认值为"最快"。
            </summary>
        </member>
        <member name="P:Microsoft.AspNetCore.ResponseCompression.GzipCompressionProviderOptions.Microsoft#Extensions#Options#IOptions{Microsoft#AspNetCore#ResponseCompression#GzipCompressionProviderOptions}#Value">
            <inheritdoc />
        </member>
        <member name="T:Microsoft.AspNetCore.ResponseCompression.ICompressionProvider">
            <summary>
            Provides a specific compression implementation to compress HTTP responses.
             | 百度译文：提供特定的压缩实现来压缩HTTP响应。
            </summary>
        </member>
        <member name="P:Microsoft.AspNetCore.ResponseCompression.ICompressionProvider.EncodingName">
            <summary>
            The encoding name used in the 'Accept-Encoding' request header and 'Content-Encoding' response header.
             | 百度译文："接受编码"请求标头和"内容编码"响应标头中使用的编码名称。
            </summary>
        </member>
        <member name="P:Microsoft.AspNetCore.ResponseCompression.ICompressionProvider.SupportsFlush">
            <summary>
            Indicates if the given provider supports Flush and FlushAsync. If not, compression may be disabled in some scenarios.
             | 百度译文：指示给定的提供程序是否支持刷新和FlushAsync。否则，在某些情况下可能会禁用压缩。
            </summary>
        </member>
        <member name="M:Microsoft.AspNetCore.ResponseCompression.ICompressionProvider.CreateStream(System.IO.Stream)">
            <summary>
            Create a new compression stream.
             | 百度译文：创建新的压缩流。
            </summary>
            <param name="outputStream">The stream where the compressed data have to be written.</param>
            <returns>The compression stream.</returns>
        </member>
        <member name="T:Microsoft.AspNetCore.ResponseCompression.IResponseCompressionProvider">
            <summary>
            Used to examine requests and responses to see if compression should be enabled.
             | 百度译文：用于检查请求和响应，以确定是否应启用压缩。
            </summary>
        </member>
        <member name="M:Microsoft.AspNetCore.ResponseCompression.IResponseCompressionProvider.GetCompressionProvider(Microsoft.AspNetCore.Http.HttpContext)">
            <summary>
            Examines the request and selects an acceptable compression provider, if any.
             | 百度译文：检查请求并选择可接受的压缩提供程序（如果有）。
            </summary>
            <param name="context">The <see cref="T:Microsoft.AspNetCore.Http.HttpContext"/>.</param>
            <returns>A compression provider or null if compression should not be used.</returns>
        </member>
        <member name="M:Microsoft.AspNetCore.ResponseCompression.IResponseCompressionProvider.ShouldCompressResponse(Microsoft.AspNetCore.Http.HttpContext)">
            <summary>
            Examines the response on first write to see if compression should be used.
             | 百度译文：检查第一次写入时的响应，以确定是否应使用压缩。
            </summary>
            <param name="context">The <see cref="T:Microsoft.AspNetCore.Http.HttpContext"/>.</param>
            <returns><see langword="true" /> if the response should be compressed, otherwise <see langword="false" />.</returns>
        </member>
        <member name="M:Microsoft.AspNetCore.ResponseCompression.IResponseCompressionProvider.CheckRequestAcceptsCompression(Microsoft.AspNetCore.Http.HttpContext)">
            <summary>
            Examines the request to see if compression should be used for response.
             | 百度译文：检查请求以查看是否应将压缩用于响应。
            </summary>
            <param name="context">The <see cref="T:Microsoft.AspNetCore.Http.HttpContext"/>.</param>
            <returns><see langword="true" /> if the request accepts compression, otherwise <see langword="false" />.</returns>
        </member>
        <member name="T:Microsoft.AspNetCore.ResponseCompression.ResponseCompressionBody">
            <summary>
            Stream wrapper that create specific compression stream only if necessary.
             | 百度译文：仅在必要时创建特定压缩流的流包装器。
            </summary>
        </member>
        <member name="T:Microsoft.AspNetCore.ResponseCompression.ResponseCompressionDefaults">
            <summary>
            Defaults for the ResponseCompressionMiddleware
             | 百度译文：ResponseCompressionMiddleware的默认值
            </summary>
        </member>
        <member name="F:Microsoft.AspNetCore.ResponseCompression.ResponseCompressionDefaults.MimeTypes">
            <summary>
            Default MIME types to compress responses for.
             | 百度译文：压缩响应的默认MIME类型。
            </summary>
        </member>
        <member name="T:Microsoft.AspNetCore.ResponseCompression.ResponseCompressionMiddleware">
            <summary>
            Enable HTTP response compression.
             | 百度译文：启用HTTP响应压缩。
            </summary>
        </member>
        <member name="M:Microsoft.AspNetCore.ResponseCompression.ResponseCompressionMiddleware.#ctor(Microsoft.AspNetCore.Http.RequestDelegate,Microsoft.AspNetCore.ResponseCompression.IResponseCompressionProvider)">
            <summary>
            Initialize the Response Compression middleware.
             | 百度译文：初始化响应压缩中间件。
            </summary>
            <param name="next">The delegate representing the remaining middleware in the request pipeline.</param>
            <param name="provider">The <see cref="T:Microsoft.AspNetCore.ResponseCompression.IResponseCompressionProvider"/>.</param>
        </member>
        <member name="M:Microsoft.AspNetCore.ResponseCompression.ResponseCompressionMiddleware.Invoke(Microsoft.AspNetCore.Http.HttpContext)">
            <summary>
            Invoke the middleware.
             | 百度译文：调用中间件。
            </summary>
            <param name="context">The <see cref="T:Microsoft.AspNetCore.Http.HttpContext"/>.</param>
            <returns>A task that represents the execution of this middleware.</returns>
        </member>
        <member name="T:Microsoft.AspNetCore.ResponseCompression.ResponseCompressionOptions">
            <summary>
            Options for the HTTP response compression middleware.
             | 百度译文：HTTP响应压缩中间件的选项。
            </summary>
        </member>
        <member name="P:Microsoft.AspNetCore.ResponseCompression.ResponseCompressionOptions.MimeTypes">
            <summary>
            Response Content-Type MIME types to compress.
             | 百度译文：要压缩的响应内容类型MIME类型。
            </summary>
        </member>
        <member name="P:Microsoft.AspNetCore.ResponseCompression.ResponseCompressionOptions.ExcludedMimeTypes">
            <summary>
            Response Content-Type MIME types to not compress.
             | 百度译文：不压缩的响应内容类型MIME类型。
            </summary>
        </member>
        <member name="P:Microsoft.AspNetCore.ResponseCompression.ResponseCompressionOptions.EnableForHttps">
            <summary>
            Indicates if responses over HTTPS connections should be compressed. The default is 'false'.
            Enabling compression on HTTPS requests for remotely manipulable content may expose security problems.
             | 百度译文：指示是否应压缩HTTPS连接上的响应。默认值为"false"。对远程可操作内容的HTTPS请求启用压缩可能会暴露安全问题。
            </summary>
            <remarks>
            This can be overridden per request using <see cref="T:Microsoft.AspNetCore.Http.Features.IHttpsCompressionFeature"/>.
            </remarks>
        </member>
        <member name="P:Microsoft.AspNetCore.ResponseCompression.ResponseCompressionOptions.Providers">
            <summary>
            The <see cref="T:Microsoft.AspNetCore.ResponseCompression.ICompressionProvider"/> types to use for responses.
            Providers are prioritized based on the order they are added.
             | 百度译文：<see cref="T:Microsoft.AspNetCore.ResponseCompression.ICompressionProvider"/>用于响应的类型。提供程序根据添加顺序排列优先级。
            </summary>
        </member>
        <member name="T:Microsoft.AspNetCore.ResponseCompression.ResponseCompressionProvider">
            <inheritdoc />
        </member>
        <member name="M:Microsoft.AspNetCore.ResponseCompression.ResponseCompressionProvider.#ctor(System.IServiceProvider,Microsoft.Extensions.Options.IOptions{Microsoft.AspNetCore.ResponseCompression.ResponseCompressionOptions})">
            <summary>
            If no compression providers are specified then GZip is used by default.
             | 百度译文：如果没有指定压缩提供程序，则默认使用GZip。
            </summary>
            <param name="services">Services to use when instantiating compression providers.</param>
            <param name="options">The options for this instance.</param>
        </member>
        <member name="M:Microsoft.AspNetCore.ResponseCompression.ResponseCompressionProvider.GetCompressionProvider(Microsoft.AspNetCore.Http.HttpContext)">
            <inheritdoc />
        </member>
        <member name="M:Microsoft.AspNetCore.ResponseCompression.ResponseCompressionProvider.ShouldCompressResponse(Microsoft.AspNetCore.Http.HttpContext)">
            <inheritdoc />
        </member>
        <member name="M:Microsoft.AspNetCore.ResponseCompression.ResponseCompressionProvider.CheckRequestAcceptsCompression(Microsoft.AspNetCore.Http.HttpContext)">
            <inheritdoc />
        </member>
        <member name="T:Microsoft.AspNetCore.Builder.ResponseCompressionBuilderExtensions">
            <summary>
            Extension methods for the ResponseCompression middleware.
             | 百度译文：ResponseCompression中间件的扩展方法。
            </summary>
        </member>
        <member name="M:Microsoft.AspNetCore.Builder.ResponseCompressionBuilderExtensions.UseResponseCompression(Microsoft.AspNetCore.Builder.IApplicationBuilder)">
            <summary>
            Adds middleware for dynamically compressing HTTP Responses.
             | 百度译文：添加用于动态压缩HTTP响应的中间件。
            </summary>
            <param name="builder">The <see cref="T:Microsoft.AspNetCore.Builder.IApplicationBuilder"/> instance this method extends.</param>
        </member>
        <member name="T:Microsoft.AspNetCore.Builder.ResponseCompressionServicesExtensions">
            <summary>
            Extension methods for the ResponseCompression middleware.
             | 百度译文：ResponseCompression中间件的扩展方法。
            </summary>
        </member>
        <member name="M:Microsoft.AspNetCore.Builder.ResponseCompressionServicesExtensions.AddResponseCompression(Microsoft.Extensions.DependencyInjection.IServiceCollection)">
            <summary>
            Add response compression services.
             | 百度译文：添加响应压缩服务。
            </summary>
            <param name="services">The <see cref="T:Microsoft.Extensions.DependencyInjection.IServiceCollection"/> for adding services.</param>
            <returns>The <see cref="T:Microsoft.Extensions.DependencyInjection.IServiceCollection"/>.</returns>
        </member>
        <member name="M:Microsoft.AspNetCore.Builder.ResponseCompressionServicesExtensions.AddResponseCompression(Microsoft.Extensions.DependencyInjection.IServiceCollection,System.Action{Microsoft.AspNetCore.ResponseCompression.ResponseCompressionOptions})">
            <summary>
            Add response compression services and configure the related options.
             | 百度译文：添加响应压缩服务并配置相关选项。
            </summary>
            <param name="services">The <see cref="T:Microsoft.Extensions.DependencyInjection.IServiceCollection"/> for adding services.</param>
            <param name="configureOptions">A delegate to configure the <see cref="T:Microsoft.AspNetCore.ResponseCompression.ResponseCompressionOptions"/>.</param>
            <returns>The <see cref="T:Microsoft.Extensions.DependencyInjection.IServiceCollection"/>.</returns>
        </member>
    </members>
</doc>