<?xml version="1.0"?>
<doc>
    <assembly>
        <name>Microsoft.Extensions.FileProviders.Composite</name>
    </assembly>
    <members>
        <member name="T:Microsoft.Extensions.FileProviders.Composite.CompositeDirectoryContents">
            <summary>
            Represents the result of a call composition of <see cref="M:Microsoft.Extensions.FileProviders.IFileProvider.GetDirectoryContents(System.String)"/>
            for a list of <see cref="T:Microsoft.Extensions.FileProviders.IFileProvider"/> and a path.
             | 百度译文：表示调用组合的结果<see cref="M:Microsoft.Extensions.FileProviders.IFileProvider.GetDirectoryContents(系统字符串)"/>有关<see cref="T:Microsoft.Extensions.FileProviders麻风病人"/>。
            </summary>
        </member>
        <member name="M:Microsoft.Extensions.FileProviders.Composite.CompositeDirectoryContents.#ctor(System.Collections.Generic.IList{Microsoft.Extensions.FileProviders.IFileProvider},System.String)">
            <summary>
            Creates a new instance of <see cref="T:Microsoft.Extensions.FileProviders.Composite.CompositeDirectoryContents"/> to represents the result of a call composition of
            <see cref="M:Microsoft.Extensions.FileProviders.IFileProvider.GetDirectoryContents(System.String)"/>.
             | 百度译文：创建<see cref="T:Microsoft.Extensions.FileProviders.Composite.compositedirectory内容"/>to表示调用组合的结果<see cref="M:Microsoft.Extensions.FileProviders.IFileProvider.GetDirectoryContents(系统字符串)"/>.
            </summary>
            <param name="fileProviders">The list of <see cref="T:Microsoft.Extensions.FileProviders.IFileProvider"/> for which the results have to be composed.</param>
            <param name="subpath">The path.</param>
        </member>
        <member name="M:Microsoft.Extensions.FileProviders.Composite.CompositeDirectoryContents.GetEnumerator">
            <summary>
            Creates an enumerator for all files in all providers given.
            Ensures each item in the collection is distinct.
             | 百度译文：为给定的所有提供程序中的所有文件创建枚举器。确保集合中的每个项目都是不同的。
            </summary>
            <returns>An enumerator over all files in all given providers</returns>
        </member>
        <member name="P:Microsoft.Extensions.FileProviders.Composite.CompositeDirectoryContents.Exists">
            <summary>
            True if any given providers exists
             | 百度译文：如果存在任何给定的提供程序，则为True
            </summary>
        </member>
        <member name="T:Microsoft.Extensions.FileProviders.CompositeFileProvider">
            <summary>
            Looks up files using a collection of <see cref="T:Microsoft.Extensions.FileProviders.IFileProvider"/>.
             | 百度译文：使用<see cref="T:Microsoft.Extensions.FileProviders.IFileProvider"/>。
            </summary>
        </member>
        <member name="M:Microsoft.Extensions.FileProviders.CompositeFileProvider.#ctor(Microsoft.Extensions.FileProviders.IFileProvider[])">
            <summary>
            Initializes a new instance of the <see cref="T:Microsoft.Extensions.FileProviders.CompositeFileProvider" /> class using a collection of file provider.
             | 百度译文：初始化的新实例<see cref="T:Microsoft.Extensions.FileProviders.CompositeFileProvider"/>使用文件提供程序的集合初始化。
            </summary>
            <param name="fileProviders">The collection of <see cref="T:Microsoft.Extensions.FileProviders.IFileProvider" /></param>
        </member>
        <member name="M:Microsoft.Extensions.FileProviders.CompositeFileProvider.#ctor(System.Collections.Generic.IEnumerable{Microsoft.Extensions.FileProviders.IFileProvider})">
            <summary>
            Initializes a new instance of the <see cref="T:Microsoft.Extensions.FileProviders.CompositeFileProvider" /> class using a collection of file provider.
             | 百度译文：初始化的新实例<see cref="T:Microsoft.Extensions.FileProviders.CompositeFileProvider"/>使用文件提供程序的集合初始化。
            </summary>
            <param name="fileProviders">The collection of <see cref="T:Microsoft.Extensions.FileProviders.IFileProvider" /></param>
        </member>
        <member name="M:Microsoft.Extensions.FileProviders.CompositeFileProvider.GetFileInfo(System.String)">
            <summary>
            Locates a file at the given path.
             | 百度译文：在给定路径中查找文件。
            </summary>
            <param name="subpath">The path that identifies the file. </param>
            <returns>The file information. Caller must check Exists property. This will be the first existing <see cref="T:Microsoft.Extensions.FileProviders.IFileInfo"/> returned by the provided <see cref="T:Microsoft.Extensions.FileProviders.IFileProvider"/> or a not found <see cref="T:Microsoft.Extensions.FileProviders.IFileInfo"/> if no existing files is found.</returns>
        </member>
        <member name="M:Microsoft.Extensions.FileProviders.CompositeFileProvider.GetDirectoryContents(System.String)">
            <summary>
            Enumerate a directory at the given path, if any.
             | 百度译文：枚举给定路径上的目录（如果有）。
            </summary>
            <param name="subpath">The path that identifies the directory</param>
            <returns>Contents of the directory. Caller must check Exists property.
            The content is a merge of the contents of the provided <see cref="T:Microsoft.Extensions.FileProviders.IFileProvider"/>.
            When there is multiple <see cref="T:Microsoft.Extensions.FileProviders.IFileInfo"/> with the same Name property, only the first one is included on the results.</returns>
        </member>
        <member name="M:Microsoft.Extensions.FileProviders.CompositeFileProvider.Watch(System.String)">
            <summary>
            Creates a <see cref="T:Microsoft.Extensions.Primitives.IChangeToken"/> for the specified <paramref name="pattern"/>.
             | 百度译文：创建<see cref="T:Microsoft.Extensions.Primitives.IChangeToken"/>用于指定的<paramref name="pattern"/>。
            </summary>
            <param name="pattern">Filter string used to determine what files or folders to monitor. Example: **/*.cs, *.*, subFolder/**/*.cshtml.</param>
            <returns>An <see cref="T:Microsoft.Extensions.Primitives.IChangeToken"/> that is notified when a file matching <paramref name="pattern"/> is added, modified or deleted.
            The change token will be notified when one of the change token returned by the provided <see cref="T:Microsoft.Extensions.FileProviders.IFileProvider"/> will be notified.</returns>
        </member>
        <member name="P:Microsoft.Extensions.FileProviders.CompositeFileProvider.FileProviders">
            <summary>
            Gets the list of configured <see cref="T:Microsoft.Extensions.FileProviders.IFileProvider" /> instances.
             | 百度译文：获取已配置<see cref="T:Microsoft.Extensions.FileProviders.IFileProvider"/>实例。
            </summary>
        </member>
    </members>
</doc>