<?xml version="1.0"?>
<doc>
    <assembly>
        <name>Microsoft.AspNetCore.Html.Abstractions</name>
    </assembly>
    <members>
        <member name="T:Microsoft.AspNetCore.Html.HtmlContentBuilder">
            <summary>
            An <see cref="T:Microsoft.AspNetCore.Html.IHtmlContentBuilder"/> implementation using an in memory list.
             | 百度译文：一个<see cref="T:Microsoft.AspNetCore.Html.IHtmlContentBuilder"/>使用内存中的列表实现。
            </summary>
        </member>
        <member name="M:Microsoft.AspNetCore.Html.HtmlContentBuilder.#ctor">
            <summary>
            Creates a new <see cref="T:Microsoft.AspNetCore.Html.HtmlContentBuilder"/>.
             | 百度译文：创建一个新的<see cref="T:Microsoft.AspNetCore.Html.HtmlContentBuilder"/>。
            </summary>
        </member>
        <member name="M:Microsoft.AspNetCore.Html.HtmlContentBuilder.#ctor(System.Int32)">
            <summary>
            Creates a new <see cref="T:Microsoft.AspNetCore.Html.HtmlContentBuilder"/> with the given initial capacity.
             | 百度译文：创建一个新的<see cref="T:Microsoft.AspNetCore.Html.HtmlContentBuilder"/>，具有给定的初始容量。
            </summary>
            <param name="capacity">The initial capacity of the backing store.</param>
        </member>
        <member name="P:Microsoft.AspNetCore.Html.HtmlContentBuilder.Count">
            <summary>
            Gets the number of elements in the <see cref="T:Microsoft.AspNetCore.Html.HtmlContentBuilder"/>.
             | 百度译文：获取<see cref="T:Microsoft.AspNetCore.Html.HtmlContentBuilder"/>。
            </summary>
        </member>
        <member name="M:Microsoft.AspNetCore.Html.HtmlContentBuilder.#ctor(System.Collections.Generic.IList{System.Object})">
            <summary>
            Creates a new <see cref="T:Microsoft.AspNetCore.Html.HtmlContentBuilder"/> with the given list of entries.
             | 百度译文：创建一个新的<see cref="T:Microsoft.AspNetCore.Html.HtmlContentBuilder"/>，其中包含给定的条目列表。
            </summary>
            <param name="entries">
            The list of entries. The <see cref="T:Microsoft.AspNetCore.Html.HtmlContentBuilder"/> will use this list without making a copy.
            </param>
        </member>
        <member name="M:Microsoft.AspNetCore.Html.HtmlContentBuilder.Append(System.String)">
            <inheritdoc />
        </member>
        <member name="M:Microsoft.AspNetCore.Html.HtmlContentBuilder.AppendHtml(Microsoft.AspNetCore.Html.IHtmlContent)">
            <inheritdoc />
        </member>
        <member name="M:Microsoft.AspNetCore.Html.HtmlContentBuilder.AppendHtml(System.String)">
            <inheritdoc />
        </member>
        <member name="M:Microsoft.AspNetCore.Html.HtmlContentBuilder.Clear">
            <inheritdoc />
        </member>
        <member name="M:Microsoft.AspNetCore.Html.HtmlContentBuilder.CopyTo(Microsoft.AspNetCore.Html.IHtmlContentBuilder)">
            <inheritdoc />
        </member>
        <member name="M:Microsoft.AspNetCore.Html.HtmlContentBuilder.MoveTo(Microsoft.AspNetCore.Html.IHtmlContentBuilder)">
            <inheritdoc />
        </member>
        <member name="M:Microsoft.AspNetCore.Html.HtmlContentBuilder.WriteTo(System.IO.TextWriter,System.Text.Encodings.Web.HtmlEncoder)">
            <inheritdoc />
        </member>
        <member name="T:Microsoft.AspNetCore.Html.HtmlContentBuilderExtensions">
            <summary>
            Extension methods for <see cref="T:Microsoft.AspNetCore.Html.IHtmlContentBuilder"/>.
             | 百度译文：扩展方法<see cref="T:Microsoft.AspNetCore.Html.IHtmlContentBuilder"/>。
            </summary>
        </member>
        <member name="M:Microsoft.AspNetCore.Html.HtmlContentBuilderExtensions.AppendFormat(Microsoft.AspNetCore.Html.IHtmlContentBuilder,System.String,System.Object[])">
            <summary>
            Appends the specified <paramref name="format"/> to the existing content after replacing each format
            item with the HTML encoded <see cref="T:System.String"/> representation of the corresponding item in the
            <paramref name="args"/> array.
             | 百度译文：将每个格式项替换为HTML编码后，将指定的<paramref name="format"/>附加到现有内容中<see cref="T:系统字符串"/>数组中相应项的表示。
            </summary>
            <param name="builder">The <see cref="T:Microsoft.AspNetCore.Html.IHtmlContentBuilder"/>.</param>
            <param name="format">
            The composite format <see cref="T:System.String"/> (see http://msdn.microsoft.com/en-us/library/txafckwd.aspx).
            The format string is assumed to be HTML encoded as-provided, and no further encoding will be performed.
            </param>
            <param name="args">
            The object array to format. Each element in the array will be formatted and then HTML encoded.
            </param>
            <returns>A reference to this instance after the append operation has completed.</returns>
        </member>
        <member name="M:Microsoft.AspNetCore.Html.HtmlContentBuilderExtensions.AppendFormat(Microsoft.AspNetCore.Html.IHtmlContentBuilder,System.IFormatProvider,System.String,System.Object[])">
            <summary>
            Appends the specified <paramref name="format"/> to the existing content with information from the
            <paramref name="formatProvider"/> after replacing each format item with the HTML encoded
            <see cref="T:System.String"/> representation of the corresponding item in the <paramref name="args"/> array.
             | 百度译文：将指定的<paramref name="format"/>附加到现有内容中，并将来自<paramref name="formatProvider"/>的信息替换为HTML编码的<see cref="T:系统字符串"/>数组中相应项的表示。
            </summary>
            <param name="builder">The <see cref="T:Microsoft.AspNetCore.Html.IHtmlContentBuilder"/>.</param>
            <param name="formatProvider">An object that supplies culture-specific formatting information.</param>
            <param name="format">
            The composite format <see cref="T:System.String"/> (see http://msdn.microsoft.com/en-us/library/txafckwd.aspx).
            The format string is assumed to be HTML encoded as-provided, and no further encoding will be performed.
            </param>
            <param name="args">
            The object array to format. Each element in the array will be formatted and then HTML encoded.
            </param>
            <returns>A reference to this instance after the append operation has completed.</returns>
        </member>
        <member name="M:Microsoft.AspNetCore.Html.HtmlContentBuilderExtensions.AppendLine(Microsoft.AspNetCore.Html.IHtmlContentBuilder)">
            <summary>
            Appends an <see cref="P:System.Environment.NewLine"/>.
             | 百度译文：附加一个<see cref="P:System.Environment.NewLine"/>.
            </summary>
            <param name="builder">The <see cref="T:Microsoft.AspNetCore.Html.IHtmlContentBuilder"/>.</param>
            <returns>The <see cref="T:Microsoft.AspNetCore.Html.IHtmlContentBuilder"/>.</returns>
        </member>
        <member name="M:Microsoft.AspNetCore.Html.HtmlContentBuilderExtensions.AppendLine(Microsoft.AspNetCore.Html.IHtmlContentBuilder,System.String)">
            <summary>
            Appends an <see cref="P:System.Environment.NewLine"/> after appending the <see cref="T:System.String"/> value.
            The value is treated as unencoded as-provided, and will be HTML encoded before writing to output.
             | 百度译文：附加一个<see cref="P:System.Environment.NewLine"/>在附加<see cref="T:系统字符串"/>值。该值被视为未编码的，在写入输出之前将被HTML编码。
            </summary>
            <param name="builder">The <see cref="T:Microsoft.AspNetCore.Html.IHtmlContentBuilder"/>.</param>
            <param name="unencoded">The <see cref="T:System.String"/> to append.</param>
            <returns>The <see cref="T:Microsoft.AspNetCore.Html.IHtmlContentBuilder"/>.</returns>
        </member>
        <member name="M:Microsoft.AspNetCore.Html.HtmlContentBuilderExtensions.AppendLine(Microsoft.AspNetCore.Html.IHtmlContentBuilder,Microsoft.AspNetCore.Html.IHtmlContent)">
            <summary>
            Appends an <see cref="P:System.Environment.NewLine"/> after appending the <see cref="T:Microsoft.AspNetCore.Html.IHtmlContent"/> value.
             | 百度译文：附加一个<see cref="P:System.Environment.NewLine"/>在附加<see cref="T:Microsoft.AspNetCore.Html.IHtmlContent"/>值。
            </summary>
            <param name="builder">The <see cref="T:Microsoft.AspNetCore.Html.IHtmlContentBuilder"/>.</param>
            <param name="content">The <see cref="T:Microsoft.AspNetCore.Html.IHtmlContent"/> to append.</param>
            <returns>The <see cref="T:Microsoft.AspNetCore.Html.IHtmlContentBuilder"/>.</returns>
        </member>
        <member name="M:Microsoft.AspNetCore.Html.HtmlContentBuilderExtensions.AppendHtmlLine(Microsoft.AspNetCore.Html.IHtmlContentBuilder,System.String)">
            <summary>
            Appends an <see cref="P:System.Environment.NewLine"/> after appending the <see cref="T:System.String"/> value.
            The value is treated as HTML encoded as-provided, and no further encoding will be performed.
             | 百度译文：附加一个<see cref="P:System.Environment.NewLine"/>在附加<see cref="T:系统字符串"/>值。该值被视为所提供的HTML编码，不会执行进一步的编码。
            </summary>
            <param name="builder">The <see cref="T:Microsoft.AspNetCore.Html.IHtmlContentBuilder"/>.</param>
            <param name="encoded">The HTML encoded <see cref="T:System.String"/> to append.</param>
            <returns>The <see cref="T:Microsoft.AspNetCore.Html.IHtmlContentBuilder"/>.</returns>
        </member>
        <member name="M:Microsoft.AspNetCore.Html.HtmlContentBuilderExtensions.SetContent(Microsoft.AspNetCore.Html.IHtmlContentBuilder,System.String)">
            <summary>
            Sets the content to the <see cref="T:System.String"/> value. The value is treated as unencoded as-provided,
            and will be HTML encoded before writing to output.
             | 百度译文：将内容设置为<see cref="T:系统字符串"/>值。该值被视为未编码的，在写入输出之前将被HTML编码。
            </summary>
            <param name="builder">The <see cref="T:Microsoft.AspNetCore.Html.IHtmlContentBuilder"/>.</param>
            <param name="unencoded">The <see cref="T:System.String"/> value that replaces the content.</param>
            <returns>The <see cref="T:Microsoft.AspNetCore.Html.IHtmlContentBuilder"/>.</returns>
        </member>
        <member name="M:Microsoft.AspNetCore.Html.HtmlContentBuilderExtensions.SetHtmlContent(Microsoft.AspNetCore.Html.IHtmlContentBuilder,Microsoft.AspNetCore.Html.IHtmlContent)">
            <summary>
            Sets the content to the <see cref="T:Microsoft.AspNetCore.Html.IHtmlContent"/> value.
             | 百度译文：将内容设置为<see cref="T:Microsoft.AspNetCore.Html.IHtmlContent"/>值。
            </summary>
            <param name="builder">The <see cref="T:Microsoft.AspNetCore.Html.IHtmlContentBuilder"/>.</param>
            <param name="content">The <see cref="T:Microsoft.AspNetCore.Html.IHtmlContent"/> value that replaces the content.</param>
            <returns>The <see cref="T:Microsoft.AspNetCore.Html.IHtmlContentBuilder"/>.</returns>
        </member>
        <member name="M:Microsoft.AspNetCore.Html.HtmlContentBuilderExtensions.SetHtmlContent(Microsoft.AspNetCore.Html.IHtmlContentBuilder,System.String)">
            <summary>
            Sets the content to the <see cref="T:System.String"/> value. The value is treated as HTML encoded as-provided, and
            no further encoding will be performed.
             | 百度译文：将内容设置为<see cref="T:系统字符串"/>值。该值被视为所提供的HTML编码，不会执行进一步的编码。
            </summary>
            <param name="builder">The <see cref="T:Microsoft.AspNetCore.Html.IHtmlContentBuilder"/>.</param>
            <param name="encoded">The HTML encoded <see cref="T:System.String"/> that replaces the content.</param>
            <returns>The <see cref="T:Microsoft.AspNetCore.Html.IHtmlContentBuilder"/>.</returns>
        </member>
        <member name="T:Microsoft.AspNetCore.Html.HtmlFormattableString">
            <summary>
            An <see cref="T:Microsoft.AspNetCore.Html.IHtmlContent"/> implementation of composite string formatting
            (see https://msdn.microsoft.com/en-us/library/txafckwd(v=vs.110).aspx) which HTML encodes
            formatted arguments.
             | 百度译文：一个<see cref="T:Microsoft.AspNetCore.Html.IHtmlContent"/>复合字符串格式的实现（请参见https://msdn.microsoft.com/en-us/library/txafckwd（v=vs.110）.aspx）HTML对格式化参数进行编码。
            </summary>
        </member>
        <member name="M:Microsoft.AspNetCore.Html.HtmlFormattableString.#ctor(System.String,System.Object[])">
            <summary>
            Creates a new <see cref="T:Microsoft.AspNetCore.Html.HtmlFormattableString"/> with the given <paramref name="format"/> and
            <paramref name="args"/>.
             | 百度译文：创建一个新的<see cref="T:Microsoft.AspNetCore.Html.HtmlFormattableString"/>，具有给定的<paramref name="format"/>和<paramref name="args"/>。
            </summary>
            <param name="format">A composite format string.</param>
            <param name="args">An array that contains objects to format.</param>
        </member>
        <member name="M:Microsoft.AspNetCore.Html.HtmlFormattableString.#ctor(System.IFormatProvider,System.String,System.Object[])">
            <summary>
            Creates a new <see cref="T:Microsoft.AspNetCore.Html.HtmlFormattableString"/> with the given <paramref name="formatProvider"/>,
            <paramref name="format"/> and <paramref name="args"/>.
             | 百度译文：创建一个新的<see cref="T:Microsoft.AspNetCore.Html.HtmlFormattableString"/>，具有给定的<paramref name="formatProvider"/>、<paramref name="format"/>和<paramref name="args"/>。
            </summary>
            <param name="formatProvider">An object that provides culture-specific formatting information.</param>
            <param name="format">A composite format string.</param>
            <param name="args">An array that contains objects to format.</param>
        </member>
        <member name="M:Microsoft.AspNetCore.Html.HtmlFormattableString.WriteTo(System.IO.TextWriter,System.Text.Encodings.Web.HtmlEncoder)">
            <inheritdoc />
        </member>
        <member name="T:Microsoft.AspNetCore.Html.HtmlString">
            <summary>
            An <see cref="T:Microsoft.AspNetCore.Html.IHtmlContent"/> implementation that wraps an HTML encoded <see cref="T:System.String"/>.
             | 百度译文：一个<see cref="T:Microsoft.AspNetCore.Html.IHtmlContent"/>包装HTML编码的实现<see cref="T:系统字符串"/>.
            </summary>
        </member>
        <member name="F:Microsoft.AspNetCore.Html.HtmlString.NewLine">
            <summary>
            An <see cref="T:Microsoft.AspNetCore.Html.HtmlString"/> instance for <see cref="P:System.Environment.NewLine"/>.
             | 百度译文：一个<see cref="T:Microsoft.AspNetCore.Html.HtmlString"/>实例System.Environment.NewLine"/>.
            </summary>
        </member>
        <member name="F:Microsoft.AspNetCore.Html.HtmlString.Empty">
            <summary>
            An <see cref="T:Microsoft.AspNetCore.Html.HtmlString"/> instance for <see cref="F:System.String.Empty"/>.
             | 百度译文：一个<see cref="T:Microsoft.AspNetCore.Html.HtmlString"/>实例System.String.Empty"/>.
            </summary>
        </member>
        <member name="M:Microsoft.AspNetCore.Html.HtmlString.#ctor(System.String)">
            <summary>
            Creates a new <see cref="T:Microsoft.AspNetCore.Html.HtmlString"/>.
             | 百度译文：创建一个新的<see cref="T:Microsoft.AspNetCore.Html.HtmlString"/>。
            </summary>
            <param name="value">The HTML encoded value.</param>
        </member>
        <member name="P:Microsoft.AspNetCore.Html.HtmlString.Value">
            <summary>
            Gets the HTML encoded value.
             | 百度译文：获取HTML编码值。
            </summary>
        </member>
        <member name="M:Microsoft.AspNetCore.Html.HtmlString.WriteTo(System.IO.TextWriter,System.Text.Encodings.Web.HtmlEncoder)">
            <inheritdoc />
        </member>
        <member name="M:Microsoft.AspNetCore.Html.HtmlString.ToString">
            <inheritdoc />
        </member>
        <member name="T:Microsoft.AspNetCore.Html.IHtmlContent">
            <summary>
            HTML content which can be written to a TextWriter.
             | 百度译文：可写入文本编写器的HTML内容。
            </summary>
        </member>
        <member name="M:Microsoft.AspNetCore.Html.IHtmlContent.WriteTo(System.IO.TextWriter,System.Text.Encodings.Web.HtmlEncoder)">
            <summary>
            Writes the content by encoding it with the specified <paramref name="encoder"/>
            to the specified <paramref name="writer"/>.
             | 百度译文：通过使用指定的<paramref name="encoder"/>将内容编码到指定的<paramref name="writer"/>来写入内容。
            </summary>
            <param name="writer">The <see cref="T:System.IO.TextWriter"/> to which the content is written.</param>
            <param name="encoder">The <see cref="T:System.Text.Encodings.Web.HtmlEncoder"/> which encodes the content to be written.</param>
        </member>
        <member name="T:Microsoft.AspNetCore.Html.IHtmlContentBuilder">
            <summary>
            A builder for HTML content.
             | 百度译文：HTML内容的生成器。
            </summary>
        </member>
        <member name="M:Microsoft.AspNetCore.Html.IHtmlContentBuilder.AppendHtml(Microsoft.AspNetCore.Html.IHtmlContent)">
            <summary>
            Appends an <see cref="T:Microsoft.AspNetCore.Html.IHtmlContent"/> instance.
             | 百度译文：附加一个<see cref="T:Microsoft.AspNetCore.Html.IHtmlContent"/>实例。
            </summary>
            <param name="content">The <see cref="T:Microsoft.AspNetCore.Html.IHtmlContent"/> to append.</param>
            <returns>The <see cref="T:Microsoft.AspNetCore.Html.IHtmlContentBuilder"/>.</returns>
        </member>
        <member name="M:Microsoft.AspNetCore.Html.IHtmlContentBuilder.Append(System.String)">
            <summary>
            Appends a <see cref="T:System.String"/> value. The value is treated as unencoded as-provided, and will be HTML
            encoded before writing to output.
             | 百度译文：附录a<see cref="T:系统字符串"/>值。该值被视为未编码的，在写入输出之前将被HTML编码。
            </summary>
            <param name="unencoded">The <see cref="T:System.String"/> to append.</param>
            <returns>The <see cref="T:Microsoft.AspNetCore.Html.IHtmlContentBuilder"/>.</returns>
        </member>
        <member name="M:Microsoft.AspNetCore.Html.IHtmlContentBuilder.AppendHtml(System.String)">
            <summary>
            Appends an HTML encoded <see cref="T:System.String"/> value. The value is treated as HTML encoded as-provided, and
            no further encoding will be performed.
             | 百度译文：附加一个HTML编码<see cref="T:系统字符串"/>值。该值被视为所提供的HTML编码，不会执行进一步的编码。
            </summary>
            <param name="encoded">The HTML encoded <see cref="T:System.String"/> to append.</param>
            <returns>The <see cref="T:Microsoft.AspNetCore.Html.IHtmlContentBuilder"/>.</returns>
        </member>
        <member name="M:Microsoft.AspNetCore.Html.IHtmlContentBuilder.Clear">
            <summary>
            Clears the content.
             | 百度译文：清除内容。
            </summary>
            <returns>The <see cref="T:Microsoft.AspNetCore.Html.IHtmlContentBuilder"/>.</returns>
        </member>
        <member name="T:Microsoft.AspNetCore.Html.IHtmlContentContainer">
            <summary>
            Defines a contract for <see cref="T:Microsoft.AspNetCore.Html.IHtmlContent"/> instances made up of several components which
            can be copied into an <see cref="T:Microsoft.AspNetCore.Html.IHtmlContentBuilder"/>.
             | 百度译文：为<see cref="T:Microsoft.AspNetCore.Html.IHtmlContent"/>由几个组件组成的实例，这些组件可以复制到<see cref="T:Microsoft.AspNetCore.Html.IHtmlContentBuilder"/>。
            </summary>
        </member>
        <member name="M:Microsoft.AspNetCore.Html.IHtmlContentContainer.CopyTo(Microsoft.AspNetCore.Html.IHtmlContentBuilder)">
            <summary>
            Copies the contained content of this <see cref="T:Microsoft.AspNetCore.Html.IHtmlContentContainer"/> into <paramref name="builder"/>.
             | 百度译文：复制包含的内容<see cref="T:Microsoft.AspNetCore.Html.IHtmlContentContainer"/>进入<paramref name="builder"/>。
            </summary>
            <param name="builder">The <see cref="T:Microsoft.AspNetCore.Html.IHtmlContentBuilder"/>.</param>
        </member>
        <member name="M:Microsoft.AspNetCore.Html.IHtmlContentContainer.MoveTo(Microsoft.AspNetCore.Html.IHtmlContentBuilder)">
            <summary>
            <para>
            Moves the contained content of this <see cref="T:Microsoft.AspNetCore.Html.IHtmlContentContainer"/> into <paramref name="builder"/>.
            </para>
            <para>
            After <see cref="M:Microsoft.AspNetCore.Html.IHtmlContentContainer.MoveTo(Microsoft.AspNetCore.Html.IHtmlContentBuilder)"/> is called, this <see cref="T:Microsoft.AspNetCore.Html.IHtmlContentContainer"/> instance should be left
            in an empty state.
            </para>
             | 百度译文：<para>移动包含的内容<see cref="T:Microsoft.AspNetCore.Html.IHtmlContentContainer"/>进入<paramref name="builder"/>。</para><para>之后<see cref="M:Microsoft.AspNetCore.Html.1HtmlContentContainer.MoveTo(Microsoft.AspNetCore.Html调用.IHtmlContentBuilder）/>，这<see cref="T:Microsoft.AspNetCore.Html.IHtmlContentContainer"/>实例应保持为空状态。</para>
            </summary>
            <param name="builder">The <see cref="T:Microsoft.AspNetCore.Html.IHtmlContentBuilder"/>.</param>
        </member>
    </members>
</doc>