<?xml version="1.0"?>
<doc>
    <assembly>
        <name>Microsoft.AspNetCore.Http</name>
    </assembly>
    <members>
        <member name="T:Microsoft.AspNetCore.Http.DefaultHttpContext">
            <summary>
            Represents an implementation of the HTTP Context class. 
             | 百度译文：表示HTTP上下文类的实现。
            </summary>
        </member>
        <member name="M:Microsoft.AspNetCore.Http.DefaultHttpContext.#ctor">
            <summary>
            Initializes a new instance of the <see cref="T:Microsoft.AspNetCore.Http.DefaultHttpContext"/> class.
             | 百度译文：初始化的新实例<see cref="T:Microsoft.AspNetCore.Http.DefaultHttpContext"/>类。
            </summary>
        </member>
        <member name="M:Microsoft.AspNetCore.Http.DefaultHttpContext.#ctor(Microsoft.AspNetCore.Http.Features.IFeatureCollection)">
            <summary>
            Initializes a new instance of the <see cref="T:Microsoft.AspNetCore.Http.DefaultHttpContext"/> class with provided features.
             | 百度译文：初始化的新实例<see cref="T:Microsoft.AspNetCore.Http.DefaultHttpContext"/>类提供的功能。
            </summary>
            <param name="features">Initial set of features for the <see cref="T:Microsoft.AspNetCore.Http.DefaultHttpContext"/>.</param>
        </member>
        <member name="M:Microsoft.AspNetCore.Http.DefaultHttpContext.Initialize(Microsoft.AspNetCore.Http.Features.IFeatureCollection)">
            <summary>
            Reinitialize  the current instant of the class with features passed in.
             | 百度译文：使用传入的功能重新初始化类的当前瞬间。
            </summary>
            <remarks>
            This method allows the consumer to re-use the <see cref="T:Microsoft.AspNetCore.Http.DefaultHttpContext" /> for another request, rather than having to allocate a new instance.
            </remarks>
            <param name="features">The new set of features for the <see cref="T:Microsoft.AspNetCore.Http.DefaultHttpContext" />.</param>
        </member>
        <member name="M:Microsoft.AspNetCore.Http.DefaultHttpContext.Uninitialize">
            <summary>
            Uninitialize all the features in the <see cref="T:Microsoft.AspNetCore.Http.DefaultHttpContext" />.
             | 百度译文：取消初始化中的所有功能<see cref="T:Microsoft.AspNetCore.Http.DefaultHttpContext"/>。
            </summary>
        </member>
        <member name="P:Microsoft.AspNetCore.Http.DefaultHttpContext.FormOptions">
            <summary>
            Gets or set the <see cref="P:Microsoft.AspNetCore.Http.DefaultHttpContext.FormOptions" /> for this instance.
             | 百度译文：获取或设置<see cref="P:Microsoft.AspNetCore.Http.DefaultHttpContext.FormOptions"/>对于此实例。
            </summary>
            <returns>
            <see cref="P:Microsoft.AspNetCore.Http.DefaultHttpContext.FormOptions"/>        
            </returns>
        </member>
        <member name="P:Microsoft.AspNetCore.Http.DefaultHttpContext.ServiceScopeFactory">
            <summary>
            Gets or sets the <see cref="T:Microsoft.Extensions.DependencyInjection.IServiceScopeFactory" /> for this instance.
             | 百度译文：获取或设置<see cref="T:Microsoft.Extensions.DependencyInjection.IServiceScopeFactory"/>用于此实例。
            </summary>
            <returns>   
            <see cref="T:Microsoft.Extensions.DependencyInjection.IServiceScopeFactory"/>      
            </returns>
        </member>
        <member name="P:Microsoft.AspNetCore.Http.DefaultHttpContext.Features">
            <inheritdoc/>
        </member>
        <member name="P:Microsoft.AspNetCore.Http.DefaultHttpContext.Request">
            <inheritdoc/>
        </member>
        <member name="P:Microsoft.AspNetCore.Http.DefaultHttpContext.Response">
            <inheritdoc/>
        </member>
        <member name="P:Microsoft.AspNetCore.Http.DefaultHttpContext.Connection">
            <inheritdoc/>
        </member>
        <member name="P:Microsoft.AspNetCore.Http.DefaultHttpContext.WebSockets">
            <inheritdoc/>
        </member>
        <member name="P:Microsoft.AspNetCore.Http.DefaultHttpContext.User">
            <inheritdoc/>
        </member>
        <member name="P:Microsoft.AspNetCore.Http.DefaultHttpContext.Items">
            <inheritdoc/>
        </member>
        <member name="P:Microsoft.AspNetCore.Http.DefaultHttpContext.RequestServices">
            <inheritdoc/>
        </member>
        <member name="P:Microsoft.AspNetCore.Http.DefaultHttpContext.RequestAborted">
            <inheritdoc/>
        </member>
        <member name="P:Microsoft.AspNetCore.Http.DefaultHttpContext.TraceIdentifier">
            <inheritdoc/>
        </member>
        <member name="P:Microsoft.AspNetCore.Http.DefaultHttpContext.Session">
            <inheritdoc/>
        </member>
        <member name="M:Microsoft.AspNetCore.Http.DefaultHttpContext.Abort">
            <inheritdoc/>
        </member>
        <member name="T:Microsoft.AspNetCore.Http.HttpRequestRewindExtensions">
            <summary>
            Extension methods for enabling buffering in an <see cref="T:Microsoft.AspNetCore.Http.HttpRequest"/>.
             | 百度译文：在<see cref="T:Microsoft.AspNetCore.Http.HttpRequest"/>。
            </summary>
        </member>
        <member name="M:Microsoft.AspNetCore.Http.HttpRequestRewindExtensions.EnableBuffering(Microsoft.AspNetCore.Http.HttpRequest)">
            <summary>
            Ensure the <paramref name="request"/> <see cref="P:Microsoft.AspNetCore.Http.HttpRequest.Body"/> can be read multiple times. Normally
            buffers request bodies in memory; writes requests larger than 30K bytes to disk.
             | 百度译文：确保<paramref name="request"/><see cref="P:Microsoft.AspNetCore.Http.HttpRequest.主体"/>可以多次读取。通常在内存中缓冲请求体；将大于30K字节的请求写入磁盘。
            </summary>
            <param name="request">The <see cref="T:Microsoft.AspNetCore.Http.HttpRequest"/> to prepare.</param>
            <remarks>
            Temporary files for larger requests are written to the location named in the <c>ASPNETCORE_TEMP</c>
            environment variable, if any. If that environment variable is not defined, these files are written to the
            current user's temporary folder. Files are automatically deleted at the end of their associated requests.
            </remarks>
        </member>
        <member name="M:Microsoft.AspNetCore.Http.HttpRequestRewindExtensions.EnableBuffering(Microsoft.AspNetCore.Http.HttpRequest,System.Int32)">
            <summary>
            Ensure the <paramref name="request"/> <see cref="P:Microsoft.AspNetCore.Http.HttpRequest.Body"/> can be read multiple times. Normally
            buffers request bodies in memory; writes requests larger than <paramref name="bufferThreshold"/> bytes to
            disk.
             | 百度译文：确保<paramref name="request"/><see cref="P:Microsoft.AspNetCore.Http.HttpRequest.主体"/>可以多次读取。通常在内存中缓冲请求体；将大于<paramref name="bufferThreshold"/>字节的请求写入磁盘。
            </summary>
            <param name="request">The <see cref="T:Microsoft.AspNetCore.Http.HttpRequest"/> to prepare.</param>
            <param name="bufferThreshold">
            The maximum size in bytes of the in-memory <see cref="T:System.Buffers.ArrayPool`1"/> used to buffer the
            stream. Larger request bodies are written to disk.
            </param>
            <remarks>
            Temporary files for larger requests are written to the location named in the <c>ASPNETCORE_TEMP</c>
            environment variable, if any. If that environment variable is not defined, these files are written to the
            current user's temporary folder. Files are automatically deleted at the end of their associated requests.
            </remarks>
        </member>
        <member name="M:Microsoft.AspNetCore.Http.HttpRequestRewindExtensions.EnableBuffering(Microsoft.AspNetCore.Http.HttpRequest,System.Int64)">
            <summary>
            Ensure the <paramref name="request"/> <see cref="P:Microsoft.AspNetCore.Http.HttpRequest.Body"/> can be read multiple times. Normally
            buffers request bodies in memory; writes requests larger than 30K bytes to disk.
             | 百度译文：确保<paramref name="request"/><see cref="P:Microsoft.AspNetCore.Http.HttpRequest.主体"/>可以多次读取。通常在内存中缓冲请求体；将大于30K字节的请求写入磁盘。
            </summary>
            <param name="request">The <see cref="T:Microsoft.AspNetCore.Http.HttpRequest"/> to prepare.</param>
            <param name="bufferLimit">
            The maximum size in bytes of the request body. An attempt to read beyond this limit will cause an
            <see cref="T:System.IO.IOException"/>.
            </param>
            <remarks>
            Temporary files for larger requests are written to the location named in the <c>ASPNETCORE_TEMP</c>
            environment variable, if any. If that environment variable is not defined, these files are written to the
            current user's temporary folder. Files are automatically deleted at the end of their associated requests.
            </remarks>
        </member>
        <member name="M:Microsoft.AspNetCore.Http.HttpRequestRewindExtensions.EnableBuffering(Microsoft.AspNetCore.Http.HttpRequest,System.Int32,System.Int64)">
            <summary>
            Ensure the <paramref name="request"/> <see cref="P:Microsoft.AspNetCore.Http.HttpRequest.Body"/> can be read multiple times. Normally
            buffers request bodies in memory; writes requests larger than <paramref name="bufferThreshold"/> bytes to
            disk.
             | 百度译文：确保<paramref name="request"/><see cref="P:Microsoft.AspNetCore.Http.HttpRequest.主体"/>可以多次读取。通常在内存中缓冲请求体；将大于<paramref name="bufferThreshold"/>字节的请求写入磁盘。
            </summary>
            <param name="request">The <see cref="T:Microsoft.AspNetCore.Http.HttpRequest"/> to prepare.</param>
            <param name="bufferThreshold">
            The maximum size in bytes of the in-memory <see cref="T:System.Buffers.ArrayPool`1"/> used to buffer the
            stream. Larger request bodies are written to disk.
            </param>
            <param name="bufferLimit">
            The maximum size in bytes of the request body. An attempt to read beyond this limit will cause an
            <see cref="T:System.IO.IOException"/>.
            </param>
            <remarks>
            Temporary files for larger requests are written to the location named in the <c>ASPNETCORE_TEMP</c>
            environment variable, if any. If that environment variable is not defined, these files are written to the
            current user's temporary folder. Files are automatically deleted at the end of their associated requests.
            </remarks>
        </member>
        <member name="T:Microsoft.AspNetCore.Http.Features.DefaultSessionFeature">
            <summary>
            This type exists only for the purpose of unit testing where the user can directly set the
            <see cref="P:Microsoft.AspNetCore.Http.HttpContext.Session"/> property without the need for creating a <see cref="T:Microsoft.AspNetCore.Http.Features.ISessionFeature"/>.
             | 百度译文：此类型仅用于单元测试，用户可以直接设置<see cref="P:Microsoft.AspNetCore.Http.HttpContext.Session"/>不需要创建<see cref="T:Microsoft.AspNetCore.Http.功能.ISessionFeature"/>.
            </summary>
        </member>
        <member name="P:Microsoft.AspNetCore.Http.Features.FormOptions.BufferBody">
            <summary>
            Enables full request body buffering. Use this if multiple components need to read the raw stream.
            The default value is false.
             | 百度译文：启用完整请求正文缓冲。如果多个组件需要读取原始流，请使用此选项。默认值为false。
            </summary>
        </member>
        <member name="P:Microsoft.AspNetCore.Http.Features.FormOptions.MemoryBufferThreshold">
            <summary>
            If <see cref="P:Microsoft.AspNetCore.Http.Features.FormOptions.BufferBody"/> is enabled, this many bytes of the body will be buffered in memory.
            If this threshold is exceeded then the buffer will be moved to a temp file on disk instead.
            This also applies when buffering individual multipart section bodies.
             | 百度译文：如果<see cref="P:Microsoft.AspNetCore.Http.Features.FormOptions.BufferBody"/>启用后，正文的这许多字节将被缓冲在内存中。如果超过此阈值，则缓冲区将被移到磁盘上的临时文件中。这也适用于缓冲单个多部分节体。
            </summary>
        </member>
        <member name="P:Microsoft.AspNetCore.Http.Features.FormOptions.BufferBodyLengthLimit">
            <summary>
            If <see cref="P:Microsoft.AspNetCore.Http.Features.FormOptions.BufferBody"/> is enabled, this is the limit for the total number of bytes that will
            be buffered. Forms that exceed this limit will throw an <see cref="T:System.IO.InvalidDataException"/> when parsed.
             | 百度译文：如果<see cref="P:Microsoft.AspNetCore.Http.Features.FormOptions.BufferBody"/>已启用，这是将缓冲的总字节数的限制。超过此限制的表单将抛出<see cref="T:System.IO.InvalidDataException"/>解析时。
            </summary>
        </member>
        <member name="P:Microsoft.AspNetCore.Http.Features.FormOptions.ValueCountLimit">
            <summary>
            A limit for the number of form entries to allow.
            Forms that exceed this limit will throw an <see cref="T:System.IO.InvalidDataException"/> when parsed.
             | 百度译文：允许的窗体条目数的限制。超过此限制的表单将抛出<see cref="T:System.IO.InvalidDataException"/>解析时。
            </summary>
        </member>
        <member name="P:Microsoft.AspNetCore.Http.Features.FormOptions.KeyLengthLimit">
            <summary>
            A limit on the length of individual keys. Forms containing keys that exceed this limit will
            throw an <see cref="T:System.IO.InvalidDataException"/> when parsed.
             | 百度译文：对单个键长度的限制。包含超过此限制的键的窗体将抛出<see cref="T:System.IO.InvalidDataException"/>解析时。
            </summary>
        </member>
        <member name="P:Microsoft.AspNetCore.Http.Features.FormOptions.ValueLengthLimit">
            <summary>
            A limit on the length of individual form values. Forms containing values that exceed this
            limit will throw an <see cref="T:System.IO.InvalidDataException"/> when parsed.
             | 百度译文：对单个表单值长度的限制。包含超过此限制的值的表单将抛出<see cref="T:System.IO.InvalidDataException"/>解析时。
            </summary>
        </member>
        <member name="P:Microsoft.AspNetCore.Http.Features.FormOptions.MultipartBoundaryLengthLimit">
            <summary>
            A limit for the length of the boundary identifier. Forms with boundaries that exceed this
            limit will throw an <see cref="T:System.IO.InvalidDataException"/> when parsed.
             | 百度译文：边界标识符长度的限制。边界超过此限制的窗体将抛出<see cref="T:System.IO.InvalidDataException"/>解析时。
            </summary>
        </member>
        <member name="P:Microsoft.AspNetCore.Http.Features.FormOptions.MultipartHeadersCountLimit">
            <summary>
            A limit for the number of headers to allow in each multipart section. Headers with the same name will
            be combined. Form sections that exceed this limit will throw an <see cref="T:System.IO.InvalidDataException"/>
            when parsed.
             | 百度译文：对每个多部分节中允许的标头数的限制。将合并具有相同名称的标头。超过此限制的窗体节将抛出一个<see cref="T:System.IO.InvalidDataException"/>解析时。
            </summary>
        </member>
        <member name="P:Microsoft.AspNetCore.Http.Features.FormOptions.MultipartHeadersLengthLimit">
            <summary>
            A limit for the total length of the header keys and values in each multipart section.
            Form sections that exceed this limit will throw an <see cref="T:System.IO.InvalidDataException"/> when parsed.
             | 百度译文：对每个多部分节中的头键和值的总长度的限制。超过此限制的窗体节将抛出一个<see cref="T:System.IO.InvalidDataException"/>解析时。
            </summary>
        </member>
        <member name="P:Microsoft.AspNetCore.Http.Features.FormOptions.MultipartBodyLengthLimit">
            <summary>
            A limit for the length of each multipart body. Forms sections that exceed this limit will throw an
            <see cref="T:System.IO.InvalidDataException"/> when parsed.
             | 百度译文：每个多部分体长度的限制。超过此限制的窗体节将引发一个<see cref="T:System.IO.InvalidDataException"/>解析时。
            </summary>
        </member>
        <member name="T:Microsoft.AspNetCore.Http.Features.ResponseCookiesFeature">
            <summary>
            Default implementation of <see cref="T:Microsoft.AspNetCore.Http.Features.IResponseCookiesFeature"/>.
             | 百度译文：cret="执行默认值：Microsoft.AspNetCore.Http.Features.iResponseCookies功能"/>.
            </summary>
        </member>
        <member name="M:Microsoft.AspNetCore.Http.Features.ResponseCookiesFeature.#ctor(Microsoft.AspNetCore.Http.Features.IFeatureCollection)">
            <summary>
            Initializes a new <see cref="T:Microsoft.AspNetCore.Http.Features.ResponseCookiesFeature"/> instance.
             | 百度译文：初始化一个新的<see cref="T:Microsoft.AspNetCore.Http.Features.ResponseCookies功能"/>实例。
            </summary>
            <param name="features">
            <see cref="T:Microsoft.AspNetCore.Http.Features.IFeatureCollection"/> containing all defined features, including this
            <see cref="T:Microsoft.AspNetCore.Http.Features.IResponseCookiesFeature"/> and the <see cref="T:Microsoft.AspNetCore.Http.Features.IHttpResponseFeature"/>.
            </param>
        </member>
        <member name="M:Microsoft.AspNetCore.Http.Features.ResponseCookiesFeature.#ctor(Microsoft.AspNetCore.Http.Features.IFeatureCollection,Microsoft.Extensions.ObjectPool.ObjectPool{System.Text.StringBuilder})">
            <summary>
            Initializes a new <see cref="T:Microsoft.AspNetCore.Http.Features.ResponseCookiesFeature"/> instance.
             | 百度译文：初始化一个新的<see cref="T:Microsoft.AspNetCore.Http.Features.ResponseCookies功能"/>实例。
            </summary>
            <param name="features">
            <see cref="T:Microsoft.AspNetCore.Http.Features.IFeatureCollection"/> containing all defined features, including this
            <see cref="T:Microsoft.AspNetCore.Http.Features.IResponseCookiesFeature"/> and the <see cref="T:Microsoft.AspNetCore.Http.Features.IHttpResponseFeature"/>.
            </param>
            <param name="builderPool">The <see cref="T:Microsoft.Extensions.ObjectPool.ObjectPool`1"/>, if available.</param>
        </member>
        <member name="P:Microsoft.AspNetCore.Http.Features.ResponseCookiesFeature.Cookies">
            <inheritdoc />
        </member>
        <member name="T:Microsoft.AspNetCore.Http.Features.RouteValuesFeature">
            <summary>
            A feature for routing values. Use <see cref="P:Microsoft.AspNetCore.Http.HttpContext.Features"/>
            to access the values associated with the current request.
             | 百度译文：用于路由值的功能。使用<see cref="P:Microsoft.AspNetCore.Http.HttpContext.特性"/>以访问与当前请求关联的值。
            </summary>
        </member>
        <member name="P:Microsoft.AspNetCore.Http.Features.RouteValuesFeature.RouteValues">
            <summary>
            Gets or sets the <see cref="T:Microsoft.AspNetCore.Routing.RouteValueDictionary"/> associated with the currrent
            request.
             | 百度译文：获取或设置<see cref="T:Microsoft.AspNetCore.Routing.RouteValueDictionary"/>与当前请求关联。
            </summary>
        </member>
        <member name="T:Microsoft.AspNetCore.Http.FormCollection">
            <summary>
            Contains the parsed form values.
             | 百度译文：包含已分析的表单值。
            </summary>
        </member>
        <member name="P:Microsoft.AspNetCore.Http.FormCollection.Item(System.String)">
            <summary>
            Get or sets the associated value from the collection as a single string.
             | 百度译文：从集合中获取或设置作为单个字符串的关联值。
            </summary>
            <param name="key">The header name.</param>
            <returns>the associated value from the collection as a StringValues or StringValues.Empty if the key is not present.</returns>
        </member>
        <member name="P:Microsoft.AspNetCore.Http.FormCollection.Count">
            <summary>
            Gets the number of elements contained in the <see cref="T:Microsoft.AspNetCore.Http.HeaderDictionary" />;.
             | 百度译文：获取包含在<see cref="T:Microsoft.AspNetCore.Http.HeaderDictionary"/>；。
            </summary>
            <returns>The number of elements contained in the <see cref="T:Microsoft.AspNetCore.Http.HeaderDictionary" />.</returns>
        </member>
        <member name="M:Microsoft.AspNetCore.Http.FormCollection.ContainsKey(System.String)">
            <summary>
            Determines whether the <see cref="T:Microsoft.AspNetCore.Http.HeaderDictionary" /> contains a specific key.
             | 百度译文：确定是否<see cref="T:Microsoft.AspNetCore.Http.HeaderDictionary"/>包含特定键。
            </summary>
            <param name="key">The key.</param>
            <returns>true if the <see cref="T:Microsoft.AspNetCore.Http.HeaderDictionary" /> contains a specific key; otherwise, false.</returns>
        </member>
        <member name="M:Microsoft.AspNetCore.Http.FormCollection.TryGetValue(System.String,Microsoft.Extensions.Primitives.StringValues@)">
            <summary>
            Retrieves a value from the dictionary.
             | 百度译文：从字典中检索值。
            </summary>
            <param name="key">The header name.</param>
            <param name="value">The value.</param>
            <returns>true if the <see cref="T:Microsoft.AspNetCore.Http.HeaderDictionary" /> contains the key; otherwise, false.</returns>
        </member>
        <member name="M:Microsoft.AspNetCore.Http.FormCollection.GetEnumerator">
            <summary>
            Returns an struct enumerator that iterates through a collection without boxing and is also used via the <see cref="T:Microsoft.AspNetCore.Http.IFormCollection" /> interface.
             | 百度译文：返回一个结构枚举器，该枚举器在不装箱的情况下遍历集合，并且还通过<see cref="T:Microsoft.AspNetCore.Http.IFormCollection"/>接口。
            </summary>
            <returns>An <see cref="T:Microsoft.AspNetCore.Http.FormCollection.Enumerator" /> object that can be used to iterate through the collection.</returns>
        </member>
        <member name="M:Microsoft.AspNetCore.Http.FormCollection.System#Collections#Generic#IEnumerable{System#Collections#Generic#KeyValuePair{System#String,Microsoft#Extensions#Primitives#StringValues}}#GetEnumerator">
            <summary>
            Returns an enumerator that iterates through a collection, boxes in non-empty path.
             | 百度译文：返回一个枚举器，该枚举器遍历非空路径中的集合框。
            </summary>
            <returns>An <see cref="T:System.Collections.IEnumerator" /> object that can be used to iterate through the collection.</returns>
        </member>
        <member name="M:Microsoft.AspNetCore.Http.FormCollection.System#Collections#IEnumerable#GetEnumerator">
            <summary>
            Returns an enumerator that iterates through a collection, boxes in non-empty path.
             | 百度译文：返回一个枚举器，该枚举器遍历非空路径中的集合框。
            </summary>
            <returns>An <see cref="T:System.Collections.IEnumerator" /> object that can be used to iterate through the collection.</returns>
        </member>
        <member name="T:Microsoft.AspNetCore.Http.FormFile">
            <summary>
            Default implementation of <see cref="T:Microsoft.AspNetCore.Http.IFormFile"/>.
             | 百度译文：cret="执行默认值：Microsoft.AspNetCore.Http.IFormFile"/>。
            </summary>
        </member>
        <member name="P:Microsoft.AspNetCore.Http.FormFile.ContentDisposition">
            <summary>
            Gets the raw Content-Disposition header of the uploaded file.
             | 百度译文：获取上载文件的原始内容处置标头。
            </summary>
        </member>
        <member name="P:Microsoft.AspNetCore.Http.FormFile.ContentType">
            <summary>
            Gets the raw Content-Type header of the uploaded file.
             | 百度译文：获取上载文件的原始内容类型标头。
            </summary>
        </member>
        <member name="P:Microsoft.AspNetCore.Http.FormFile.Headers">
            <summary>
            Gets the header dictionary of the uploaded file.
             | 百度译文：获取上载文件的头字典。
            </summary>
        </member>
        <member name="P:Microsoft.AspNetCore.Http.FormFile.Length">
            <summary>
            Gets the file length in bytes.
             | 百度译文：获取以字节为单位的文件长度。
            </summary>
        </member>
        <member name="P:Microsoft.AspNetCore.Http.FormFile.Name">
            <summary>
            Gets the name from the Content-Disposition header.
             | 百度译文：从内容处置标头获取名称。
            </summary>
        </member>
        <member name="P:Microsoft.AspNetCore.Http.FormFile.FileName">
            <summary>
            Gets the file name from the Content-Disposition header.
             | 百度译文：从内容处置标头获取文件名。
            </summary>
        </member>
        <member name="M:Microsoft.AspNetCore.Http.FormFile.OpenReadStream">
            <summary>
            Opens the request stream for reading the uploaded file.
             | 百度译文：打开请求流以读取上载的文件。
            </summary>
        </member>
        <member name="M:Microsoft.AspNetCore.Http.FormFile.CopyTo(System.IO.Stream)">
            <summary>
            Copies the contents of the uploaded file to the <paramref name="target"/> stream.
             | 百度译文：将上载文件的内容复制到<paramref name="target"/>流中。
            </summary>
            <param name="target">The stream to copy the file contents to.</param>
        </member>
        <member name="M:Microsoft.AspNetCore.Http.FormFile.CopyToAsync(System.IO.Stream,System.Threading.CancellationToken)">
            <summary>
            Asynchronously copies the contents of the uploaded file to the <paramref name="target"/> stream.
             | 百度译文：将上载文件的内容异步复制到<paramref name="target"/>流中。
            </summary>
            <param name="target">The stream to copy the file contents to.</param>
            <param name="cancellationToken"></param>
        </member>
        <member name="T:Microsoft.AspNetCore.Http.FormFileCollection">
            <summary>
            Default implementation of <see cref="T:Microsoft.AspNetCore.Http.IFormFileCollection"/>.
             | 百度译文：cret="执行默认值：Microsoft.AspNetCore.Http.IFormFileCollection"/>。
            </summary>
        </member>
        <member name="P:Microsoft.AspNetCore.Http.FormFileCollection.Item(System.String)">
            <inheritdoc />
        </member>
        <member name="M:Microsoft.AspNetCore.Http.FormFileCollection.GetFile(System.String)">
            <inheritdoc />
        </member>
        <member name="M:Microsoft.AspNetCore.Http.FormFileCollection.GetFiles(System.String)">
            <inheritdoc />
        </member>
        <member name="T:Microsoft.AspNetCore.Http.HeaderDictionary">
            <summary>
            Represents a wrapper for RequestHeaders and ResponseHeaders.
             | 百度译文：表示RequestHeaders和ResponseHeader的包装。
            </summary>
        </member>
        <member name="P:Microsoft.AspNetCore.Http.HeaderDictionary.Item(System.String)">
            <summary>
            Get or sets the associated value from the collection as a single string.
             | 百度译文：从集合中获取或设置作为单个字符串的关联值。
            </summary>
            <param name="key">The header name.</param>
            <returns>the associated value from the collection as a StringValues or StringValues.Empty if the key is not present.</returns>
        </member>
        <member name="P:Microsoft.AspNetCore.Http.HeaderDictionary.System#Collections#Generic#IDictionary{System#String,Microsoft#Extensions#Primitives#StringValues}#Item(System.String)">
            <summary>
            Throws KeyNotFoundException if the key is not present.
             | 百度译文：如果键不存在，则引发KeyNotFoundException。
            </summary>
            <param name="key">The header name.</param>
            <returns></returns>
        </member>
        <member name="P:Microsoft.AspNetCore.Http.HeaderDictionary.Count">
            <summary>
            Gets the number of elements contained in the <see cref="T:Microsoft.AspNetCore.Http.HeaderDictionary" />;.
             | 百度译文：获取包含在<see cref="T:Microsoft.AspNetCore.Http.HeaderDictionary"/>；。
            </summary>
            <returns>The number of elements contained in the <see cref="T:Microsoft.AspNetCore.Http.HeaderDictionary" />.</returns>
        </member>
        <member name="P:Microsoft.AspNetCore.Http.HeaderDictionary.IsReadOnly">
            <summary>
            Gets a value that indicates whether the <see cref="T:Microsoft.AspNetCore.Http.HeaderDictionary" /> is in read-only mode.
             | 百度译文：获取一个值，该值指示Microsoft.AspNetCore.Http.HeaderDictionary"/>处于只读模式。
            </summary>
            <returns>true if the <see cref="T:Microsoft.AspNetCore.Http.HeaderDictionary" /> is in read-only mode; otherwise, false.</returns>
        </member>
        <member name="M:Microsoft.AspNetCore.Http.HeaderDictionary.Add(System.Collections.Generic.KeyValuePair{System.String,Microsoft.Extensions.Primitives.StringValues})">
            <summary>
            Adds a new list of items to the collection.
             | 百度译文：向集合中添加新的项列表。
            </summary>
            <param name="item">The item to add.</param>
        </member>
        <member name="M:Microsoft.AspNetCore.Http.HeaderDictionary.Add(System.String,Microsoft.Extensions.Primitives.StringValues)">
            <summary>
            Adds the given header and values to the collection.
             | 百度译文：将给定的标头和值添加到集合中。
            </summary>
            <param name="key">The header name.</param>
            <param name="value">The header values.</param>
        </member>
        <member name="M:Microsoft.AspNetCore.Http.HeaderDictionary.Clear">
            <summary>
            Clears the entire list of objects.
             | 百度译文：清除整个对象列表。
            </summary>
        </member>
        <member name="M:Microsoft.AspNetCore.Http.HeaderDictionary.Contains(System.Collections.Generic.KeyValuePair{System.String,Microsoft.Extensions.Primitives.StringValues})">
            <summary>
            Returns a value indicating whether the specified object occurs within this collection.
             | 百度译文：返回一个值，该值指示指定的对象是否在此集合中出现。
            </summary>
            <param name="item">The item.</param>
            <returns>true if the specified object occurs within this collection; otherwise, false.</returns>
        </member>
        <member name="M:Microsoft.AspNetCore.Http.HeaderDictionary.ContainsKey(System.String)">
            <summary>
            Determines whether the <see cref="T:Microsoft.AspNetCore.Http.HeaderDictionary" /> contains a specific key.
             | 百度译文：确定是否<see cref="T:Microsoft.AspNetCore.Http.HeaderDictionary"/>包含特定键。
            </summary>
            <param name="key">The key.</param>
            <returns>true if the <see cref="T:Microsoft.AspNetCore.Http.HeaderDictionary" /> contains a specific key; otherwise, false.</returns>
        </member>
        <member name="M:Microsoft.AspNetCore.Http.HeaderDictionary.CopyTo(System.Collections.Generic.KeyValuePair{System.String,Microsoft.Extensions.Primitives.StringValues}[],System.Int32)">
            <summary>
            Copies the <see cref="T:Microsoft.AspNetCore.Http.HeaderDictionary" /> elements to a one-dimensional Array instance at the specified index.
             | 百度译文：复制<see cref="T:Microsoft.AspNetCore.Http.HeaderDictionary"/>元素到指定索引处的一维数组实例。
            </summary>
            <param name="array">The one-dimensional Array that is the destination of the specified objects copied from the <see cref="T:Microsoft.AspNetCore.Http.HeaderDictionary" />.</param>
            <param name="arrayIndex">The zero-based index in <paramref name="array" /> at which copying begins.</param>
        </member>
        <member name="M:Microsoft.AspNetCore.Http.HeaderDictionary.Remove(System.Collections.Generic.KeyValuePair{System.String,Microsoft.Extensions.Primitives.StringValues})">
            <summary>
            Removes the given item from the the collection.
             | 百度译文：从集合中移除给定项。
            </summary>
            <param name="item">The item.</param>
            <returns>true if the specified object was removed from the collection; otherwise, false.</returns>
        </member>
        <member name="M:Microsoft.AspNetCore.Http.HeaderDictionary.Remove(System.String)">
            <summary>
            Removes the given header from the collection.
             | 百度译文：从集合中移除给定的标头。
            </summary>
            <param name="key">The header name.</param>
            <returns>true if the specified object was removed from the collection; otherwise, false.</returns>
        </member>
        <member name="M:Microsoft.AspNetCore.Http.HeaderDictionary.TryGetValue(System.String,Microsoft.Extensions.Primitives.StringValues@)">
            <summary>
            Retrieves a value from the dictionary.
             | 百度译文：从字典中检索值。
            </summary>
            <param name="key">The header name.</param>
            <param name="value">The value.</param>
            <returns>true if the <see cref="T:Microsoft.AspNetCore.Http.HeaderDictionary" /> contains the key; otherwise, false.</returns>
        </member>
        <member name="M:Microsoft.AspNetCore.Http.HeaderDictionary.GetEnumerator">
            <summary>
            Returns an enumerator that iterates through a collection.
             | 百度译文：返回遍历集合的枚举数。
            </summary>
            <returns>An <see cref="T:Microsoft.AspNetCore.Http.HeaderDictionary.Enumerator" /> object that can be used to iterate through the collection.</returns>
        </member>
        <member name="M:Microsoft.AspNetCore.Http.HeaderDictionary.System#Collections#Generic#IEnumerable{System#Collections#Generic#KeyValuePair{System#String,Microsoft#Extensions#Primitives#StringValues}}#GetEnumerator">
            <summary>
            Returns an enumerator that iterates through a collection.
             | 百度译文：返回遍历集合的枚举数。
            </summary>
            <returns>An <see cref="T:System.Collections.IEnumerator" /> object that can be used to iterate through the collection.</returns>
        </member>
        <member name="M:Microsoft.AspNetCore.Http.HeaderDictionary.System#Collections#IEnumerable#GetEnumerator">
            <summary>
            Returns an enumerator that iterates through a collection.
             | 百度译文：返回遍历集合的枚举数。
            </summary>
            <returns>An <see cref="T:System.Collections.IEnumerator" /> object that can be used to iterate through the collection.</returns>
        </member>
        <member name="T:Microsoft.AspNetCore.Http.HttpContextAccessor">
            <summary>
            Provides an implementation of <see cref="T:Microsoft.AspNetCore.Http.IHttpContextAccessor" /> based on the current execution context. 
             | 百度译文：提供<see cref="T:Microsoft.AspNetCore.Http.IHttpContextAccessor"/>基于当前执行上下文。
            </summary>
        </member>
        <member name="P:Microsoft.AspNetCore.Http.HttpContextAccessor.HttpContext">
            <inheritdoc/>
        </member>
        <member name="T:Microsoft.AspNetCore.Http.HttpContextFactory">
            <summary>
            Represents methods used to create an HTTP context object. 
             | 百度译文：表示用于创建HTTP上下文对象的方法。
            </summary>
        </member>
        <member name="M:Microsoft.AspNetCore.Http.HttpContextFactory.#ctor(Microsoft.Extensions.Options.IOptions{Microsoft.AspNetCore.Http.Features.FormOptions})">
            <summary>
            Initializes a new instance of the HttpContext class with options passed in.
             | 百度译文：使用传入的选项初始化HttpContext类的新实例。
            </summary>
            <param name="formOptions">Options to set when instantianting the HTTP context object.</param>
        </member>
        <member name="M:Microsoft.AspNetCore.Http.HttpContextFactory.#ctor(Microsoft.Extensions.Options.IOptions{Microsoft.AspNetCore.Http.Features.FormOptions},Microsoft.Extensions.DependencyInjection.IServiceScopeFactory)">
            <summary>
            Initializes a new instance of the DefaultHttpContext class with options passed in.
             | 百度译文：使用传入的选项初始化DefaultHttpContext类的新实例。
            </summary>
            <param name="formOptions">Options to set when instantianting the HTTP context object.</param>
            <param name="serviceScopeFactory">Factory object used to create the service scope for the HTTP context.</param>
        </member>
        <member name="M:Microsoft.AspNetCore.Http.HttpContextFactory.#ctor(Microsoft.Extensions.Options.IOptions{Microsoft.AspNetCore.Http.Features.FormOptions},Microsoft.AspNetCore.Http.IHttpContextAccessor)">
            <summary>
            Initializes a new instance of the DefaultHttpContext class with options passed in.
             | 百度译文：使用传入的选项初始化DefaultHttpContext类的新实例。
            </summary>
            <param name="formOptions">Options to set when instantianting the HTTP context object.</param>
            <param name="httpContextAccessor">Object to be used to access the HTTP context instance.</param>
        </member>
        <member name="M:Microsoft.AspNetCore.Http.HttpContextFactory.#ctor(Microsoft.Extensions.Options.IOptions{Microsoft.AspNetCore.Http.Features.FormOptions},Microsoft.Extensions.DependencyInjection.IServiceScopeFactory,Microsoft.AspNetCore.Http.IHttpContextAccessor)">
            <summary>
            Initializes a new instance of the DefaultHttpContext class with options passed in.
             | 百度译文：使用传入的选项初始化DefaultHttpContext类的新实例。
            </summary>
            <param name="formOptions">Options to set when instantianting the HTTP context object.</param>
            <param name="serviceScopeFactory">Factory object used to create the service scope for the HTTP context.</param>
            <param name="httpContextAccessor">Options to set when instantianting the Default HTTP context object.</param>
        </member>
        <member name="M:Microsoft.AspNetCore.Http.HttpContextFactory.Create(Microsoft.AspNetCore.Http.Features.IFeatureCollection)">
            <summary>
            Initializes a new instance of the DefaultHttpContext class with options passed in.
             | 百度译文：使用传入的选项初始化DefaultHttpContext类的新实例。
            </summary>
            <param name="featureCollection">Options to set when instantianting the Default HTTP context object.</param>
        </member>
        <member name="M:Microsoft.AspNetCore.Http.HttpContextFactory.Dispose(Microsoft.AspNetCore.Http.HttpContext)">
            <summary>
            Sets the HTTP context object to null for garbage collection. 
             | 百度译文：对于垃圾回收，将HTTP上下文对象设置为null。
            </summary>
            <param name="httpContext">HTTP context to dispose.</param>
        </member>
        <member name="P:Microsoft.AspNetCore.Http.DefaultConnectionInfo.Id">
            <inheritdoc />
        </member>
        <member name="T:Microsoft.AspNetCore.Http.ReferenceReadStream">
            <summary>
            A Stream that wraps another stream starting at a certain offset and reading for the given length.
             | 百度译文：从某个偏移量开始并以给定长度读取另一个流的一种流。
            </summary>
        </member>
        <member name="M:Microsoft.AspNetCore.Http.RequestCookieCollection.GetEnumerator">
            <summary>
            Returns an struct enumerator that iterates through a collection without boxing.
             | 百度译文：返回一个结构枚举器，该枚举器在不装箱的情况下遍历集合。
            </summary>
            <returns>An <see cref="T:Microsoft.AspNetCore.Http.RequestCookieCollection.Enumerator" /> object that can be used to iterate through the collection.</returns>
        </member>
        <member name="M:Microsoft.AspNetCore.Http.RequestCookieCollection.System#Collections#Generic#IEnumerable{System#Collections#Generic#KeyValuePair{System#String,System#String}}#GetEnumerator">
            <summary>
            Returns an enumerator that iterates through a collection, boxes in non-empty path.
             | 百度译文：返回一个枚举器，该枚举器遍历非空路径中的集合框。
            </summary>
            <returns>An <see cref="T:System.Collections.Generic.IEnumerator`1" /> object that can be used to iterate through the collection.</returns>
        </member>
        <member name="M:Microsoft.AspNetCore.Http.RequestCookieCollection.System#Collections#IEnumerable#GetEnumerator">
            <summary>
            Returns an enumerator that iterates through a collection, boxes in non-empty path.
             | 百度译文：返回一个枚举器，该枚举器遍历非空路径中的集合框。
            </summary>
            <returns>An <see cref="T:System.Collections.IEnumerator" /> object that can be used to iterate through the collection.</returns>
        </member>
        <member name="T:Microsoft.AspNetCore.Http.ResponseCookies">
            <summary>
            A wrapper for the response Set-Cookie header.
             | 百度译文：响应集Cookie头的包装。
            </summary>
        </member>
        <member name="M:Microsoft.AspNetCore.Http.ResponseCookies.#ctor(Microsoft.AspNetCore.Http.Features.IFeatureCollection)">
            <summary>
            Create a new wrapper.
             | 百度译文：创建新包装。
            </summary>
        </member>
        <member name="M:Microsoft.AspNetCore.Http.ResponseCookies.Append(System.String,System.String)">
            <inheritdoc />
        </member>
        <member name="M:Microsoft.AspNetCore.Http.ResponseCookies.Append(System.String,System.String,Microsoft.AspNetCore.Http.CookieOptions)">
            <inheritdoc />
        </member>
        <member name="M:Microsoft.AspNetCore.Http.ResponseCookies.Delete(System.String)">
            <inheritdoc />
        </member>
        <member name="M:Microsoft.AspNetCore.Http.ResponseCookies.Delete(System.String,Microsoft.AspNetCore.Http.CookieOptions)">
            <inheritdoc />
        </member>
        <member name="T:Microsoft.AspNetCore.Http.QueryCollection">
            <summary>
            The HttpRequest query string collection
             | 百度译文：HttpRequest查询字符串集合
            </summary>
        </member>
        <member name="P:Microsoft.AspNetCore.Http.QueryCollection.Item(System.String)">
            <summary>
            Gets the associated set of values from the collection.
             | 百度译文：从集合中获取关联的值集。
            </summary>
            <param name="key">The key name.</param>
            <returns>the associated value from the collection as a StringValues or StringValues.Empty if the key is not present.</returns>
        </member>
        <member name="P:Microsoft.AspNetCore.Http.QueryCollection.Count">
            <summary>
            Gets the number of elements contained in the <see cref="T:Microsoft.AspNetCore.Http.QueryCollection" />;.
             | 百度译文：获取包含在<see cref="T:Microsoft.AspNetCore.Http.QueryCollection"/>；。
            </summary>
            <returns>The number of elements contained in the <see cref="T:Microsoft.AspNetCore.Http.QueryCollection" />.</returns>
        </member>
        <member name="M:Microsoft.AspNetCore.Http.QueryCollection.ContainsKey(System.String)">
            <summary>
            Determines whether the <see cref="T:Microsoft.AspNetCore.Http.QueryCollection" /> contains a specific key.
             | 百度译文：确定是否<see cref="T:Microsoft.AspNetCore.Http.QueryCollection"/>包含特定密钥。
            </summary>
            <param name="key">The key.</param>
            <returns>true if the <see cref="T:Microsoft.AspNetCore.Http.QueryCollection" /> contains a specific key; otherwise, false.</returns>
        </member>
        <member name="M:Microsoft.AspNetCore.Http.QueryCollection.TryGetValue(System.String,Microsoft.Extensions.Primitives.StringValues@)">
            <summary>
            Retrieves a value from the collection.
             | 百度译文：从集合中检索值。
            </summary>
            <param name="key">The key.</param>
            <param name="value">The value.</param>
            <returns>true if the <see cref="T:Microsoft.AspNetCore.Http.QueryCollection" /> contains the key; otherwise, false.</returns>
        </member>
        <member name="M:Microsoft.AspNetCore.Http.QueryCollection.GetEnumerator">
            <summary>
            Returns an enumerator that iterates through a collection.
             | 百度译文：返回遍历集合的枚举数。
            </summary>
            <returns>An <see cref="T:Microsoft.AspNetCore.Http.QueryCollection.Enumerator" /> object that can be used to iterate through the collection.</returns>
        </member>
        <member name="M:Microsoft.AspNetCore.Http.QueryCollection.System#Collections#Generic#IEnumerable{System#Collections#Generic#KeyValuePair{System#String,Microsoft#Extensions#Primitives#StringValues}}#GetEnumerator">
            <summary>
            Returns an enumerator that iterates through a collection.
             | 百度译文：返回遍历集合的枚举数。
            </summary>
            <returns>An <see cref="T:System.Collections.Generic.IEnumerator`1" /> object that can be used to iterate through the collection.</returns>
        </member>
        <member name="M:Microsoft.AspNetCore.Http.QueryCollection.System#Collections#IEnumerable#GetEnumerator">
            <summary>
            Returns an enumerator that iterates through a collection.
             | 百度译文：返回遍历集合的枚举数。
            </summary>
            <returns>An <see cref="T:System.Collections.IEnumerator" /> object that can be used to iterate through the collection.</returns>
        </member>
        <member name="M:Microsoft.AspNetCore.Http.RequestFormReaderExtensions.ReadFormAsync(Microsoft.AspNetCore.Http.HttpRequest,Microsoft.AspNetCore.Http.Features.FormOptions,System.Threading.CancellationToken)">
            <summary>
            Read the request body as a form with the given options. These options will only be used
            if the form has not already been read.
             | 百度译文：以带有给定选项的表单形式读取请求正文。这些选项仅在尚未读取表单时使用。
            </summary>
            <param name="request">The request.</param>
            <param name="options">Options for reading the form.</param>
            <param name="cancellationToken"></param>
            <returns>The parsed form.</returns>
        </member>
        <member name="M:Microsoft.AspNetCore.Http.SendFileFallback.SendFileAsync(System.IO.Stream,System.String,System.Int64,System.Nullable{System.Int64},System.Threading.CancellationToken)">
            <summary>
            Copies the segment of the file to the destination stream.
             | 百度译文：将文件段复制到目标流。
            </summary>
            <param name="destination">The stream to write the file segment to.</param>
            <param name="filePath">The full disk path to the file.</param>
            <param name="offset">The offset in the file to start at.</param>
            <param name="count">The number of bytes to send, or null to send the remainder of the file.</param>
            <param name="cancellationToken">A <see cref="T:System.Threading.CancellationToken"/> used to abort the transmission.</param>
            <returns></returns>
        </member>
        <member name="T:Microsoft.AspNetCore.Http.StreamResponseBodyFeature">
            <summary>
            An implementation of <see cref="T:Microsoft.AspNetCore.Http.Features.IHttpResponseBodyFeature"/> that aproximates all of the APIs over the given Stream.
             | 百度译文：实现<see cref="T:Microsoft.AspNetCore.Http.特征.IHttpResponseBodyFeature"/>对给定流上的所有API进行近似处理。
            </summary>
        </member>
        <member name="M:Microsoft.AspNetCore.Http.StreamResponseBodyFeature.#ctor(System.IO.Stream)">
            <summary>
            Wraps the given stream.
             | 百度译文：包装给定流。
            </summary>
            <param name="stream"></param>
        </member>
        <member name="M:Microsoft.AspNetCore.Http.StreamResponseBodyFeature.#ctor(System.IO.Stream,Microsoft.AspNetCore.Http.Features.IHttpResponseBodyFeature)">
            <summary>
            Wraps the given stream and tracks the prior feature instance.
             | 百度译文：包装给定的流并跟踪先前的功能实例。
            </summary>
            <param name="stream"></param>
            <param name="priorFeature"></param>
        </member>
        <member name="P:Microsoft.AspNetCore.Http.StreamResponseBodyFeature.Stream">
            <summary>
            The original response body stream.
             | 百度译文：原始响应正文流。
            </summary>
        </member>
        <member name="P:Microsoft.AspNetCore.Http.StreamResponseBodyFeature.PriorFeature">
            <summary>
            The prior feature, if any.
             | 百度译文：先前的功能，如果有的话。
            </summary>
        </member>
        <member name="P:Microsoft.AspNetCore.Http.StreamResponseBodyFeature.Writer">
            <summary>
            A PipeWriter adapted over the given stream.
             | 百度译文：在给定的流上改编的吹管器。
            </summary>
        </member>
        <member name="M:Microsoft.AspNetCore.Http.StreamResponseBodyFeature.DisableBuffering">
            <summary>
            Opts out of write buffering for the response.
             | 百度译文：为响应选择不写缓冲区。
            </summary>
        </member>
        <member name="M:Microsoft.AspNetCore.Http.StreamResponseBodyFeature.SendFileAsync(System.String,System.Int64,System.Nullable{System.Int64},System.Threading.CancellationToken)">
            <summary>
            Copies the specified file segment to the given response stream.
            This calls StartAsync if it has not previoulsy been called.
             | 百度译文：将指定的文件段复制到给定的响应流。如果之前没有调用StartAsync，则调用StartAsync。
            </summary>
            <param name="path">The full disk path to the file.</param>
            <param name="offset">The offset in the file to start at.</param>
            <param name="count">The number of bytes to send, or null to send the remainder of the file.</param>
            <param name="cancellationToken">A <see cref="T:System.Threading.CancellationToken"/> used to abort the transmission.</param>
            <returns></returns>
        </member>
        <member name="M:Microsoft.AspNetCore.Http.StreamResponseBodyFeature.StartAsync(System.Threading.CancellationToken)">
            <summary>
            Flushes the given stream if this has not previously been called.
             | 百度译文：如果以前未调用该流，则刷新该流。
            </summary>
            <param name="cancellationToken"></param>
            <returns></returns>
        </member>
        <member name="M:Microsoft.AspNetCore.Http.StreamResponseBodyFeature.CompleteAsync">
            <summary>
            This calls StartAsync if it has not previously been called.
            It will complete the adapted pipe if it exists.
             | 百度译文：如果以前没有调用StartAsync，则调用StartAsync。它将完成改装后的管道（如果存在）。
            </summary>
            <returns></returns>
        </member>
        <member name="M:Microsoft.AspNetCore.Http.StreamResponseBodyFeature.Dispose">
            <summary>
            Prevents CompleteAsync from operating.
             | 百度译文：阻止CompleteSync运行。
            </summary>
        </member>
        <member name="M:Microsoft.AspNetCore.Http.StreamCopyOperationInternal.CopyToAsync(System.IO.Stream,System.IO.Stream,System.Nullable{System.Int64},System.Threading.CancellationToken)">
            <summary>Asynchronously reads the given number of bytes from the source stream and writes them to another stream. | 百度译文：从源流异步读取给定数量的字节并将其写入另一个流。
            </summary>
            <returns>A task that represents the asynchronous copy operation.</returns>
            <param name="source">The stream from which the contents will be copied.</param>
            <param name="destination">The stream to which the contents of the current stream will be copied.</param>
            <param name="count">The count of bytes to be copied.</param>
            <param name="cancel">The token to monitor for cancellation requests. The default value is <see cref="P:System.Threading.CancellationToken.None" />.</param>
        </member>
        <member name="M:Microsoft.AspNetCore.Http.StreamCopyOperationInternal.CopyToAsync(System.IO.Stream,System.IO.Stream,System.Nullable{System.Int64},System.Int32,System.Threading.CancellationToken)">
            <summary>Asynchronously reads the given number of bytes from the source stream and writes them to another stream, using a specified buffer size. | 百度译文：使用指定的缓冲区大小，从源流异步读取给定数量的字节并将其写入另一个流。
            </summary>
            <returns>A task that represents the asynchronous copy operation.</returns>
            <param name="source">The stream from which the contents will be copied.</param>
            <param name="destination">The stream to which the contents of the current stream will be copied.</param>
            <param name="count">The count of bytes to be copied.</param>
            <param name="bufferSize">The size, in bytes, of the buffer. This value must be greater than zero. The default size is 4096.</param>
            <param name="cancel">The token to monitor for cancellation requests. The default value is <see cref="P:System.Threading.CancellationToken.None" />.</param>
        </member>
        <member name="T:Microsoft.Extensions.DependencyInjection.HttpServiceCollectionExtensions">
            <summary>
            Extension methods for configuring HttpContext services.
             | 百度译文：配置HttpContext服务的扩展方法。
            </summary>
        </member>
        <member name="M:Microsoft.Extensions.DependencyInjection.HttpServiceCollectionExtensions.AddHttpContextAccessor(Microsoft.Extensions.DependencyInjection.IServiceCollection)">
            <summary>
            Adds a default implementation for the <see cref="T:Microsoft.AspNetCore.Http.IHttpContextAccessor"/> service.
             | 百度译文：为<see cref="T:Microsoft.AspNetCore.Http.IHttpContextAccessor"/>服务。
            </summary>
            <param name="services">The <see cref="T:Microsoft.Extensions.DependencyInjection.IServiceCollection"/>.</param>
            <returns>The service collection.</returns>
        </member>
    </members>
</doc>