<?xml version="1.0"?>
<doc>
    <assembly>
        <name>Microsoft.JSInterop</name>
    </assembly>
    <members>
        <member name="T:Microsoft.JSInterop.DotNetObjectReference">
            <summary>
            Provides convenience methods to produce a <see cref="T:Microsoft.JSInterop.DotNetObjectReference`1" />.
             | 百度译文：提供方便的方法来生成<see cref="T:Microsoft.JSInterop.DotNetObjectReference`1"/>。
            </summary>
        </member>
        <member name="M:Microsoft.JSInterop.DotNetObjectReference.Create``1(``0)">
            <summary>
            Creates a new instance of <see cref="T:Microsoft.JSInterop.DotNetObjectReference`1" />.
            </summary>
            <param name="value">The reference type to track.</param>
            <returns>An instance of <see cref="T:Microsoft.JSInterop.DotNetObjectReference`1" />.</returns>
        </member>
        <member name="T:Microsoft.JSInterop.DotNetObjectReference`1">
             <summary>
             Wraps a JS interop argument, indicating that the value should not be serialized as JSON
             but instead should be passed as a reference.
            
             To avoid leaking memory, the reference must later be disposed by JS code or by .NET code.
              | 百度译文：包装JS interop参数，指示该值不应序列化为JSON，而应作为引用传递。为了避免内存泄漏，引用必须稍后由JS代码或.NET代码处理。
            </summary>
             <typeparam name="TValue">The type of the value to wrap.</typeparam>
        </member>
        <member name="M:Microsoft.JSInterop.DotNetObjectReference`1.#ctor(`0)">
            <summary>
            Initializes a new instance of <see cref="T:Microsoft.JSInterop.DotNetObjectReference`1" />.
            </summary>
            <param name="value">The value to pass by reference.</param>
        </member>
        <member name="P:Microsoft.JSInterop.DotNetObjectReference`1.Value">
            <summary>
            Gets the object instance represented by this wrapper.
             | 百度译文：获取此包装表示的对象实例。
            </summary>
        </member>
        <member name="M:Microsoft.JSInterop.DotNetObjectReference`1.Dispose">
            <summary>
            Stops tracking this object reference, allowing it to be garbage collected
            (if there are no other references to it). Once the instance is disposed, it
            can no longer be used in interop calls from JavaScript code.
             | 百度译文：停止跟踪此对象引用，允许对其进行垃圾回收（如果没有其他引用）。一旦实例被释放，它就不能再用于JavaScript代码的互操作调用。
            </summary>
        </member>
        <member name="T:Microsoft.JSInterop.IJSInProcessObjectReference">
            <summary>
            Represents a reference to a JavaScript object whose functions can be invoked synchronously.
             | 百度译文：表示对可同步调用其函数的JavaScript对象的引用。
            </summary>
        </member>
        <member name="M:Microsoft.JSInterop.IJSInProcessObjectReference.Invoke``1(System.String,System.Object[])">
            <summary>
            Invokes the specified JavaScript function synchronously.
             | 百度译文：同步调用指定的JavaScript函数。
            </summary>
            <typeparam name="TValue">The JSON-serializable return type.</typeparam>
            <param name="identifier">An identifier for the function to invoke. For example, the value <c>"someScope.someFunction"</c> will invoke the function <c>someScope.someFunction</c> on the target instance.</param>
            <param name="args">JSON-serializable arguments.</param>
            <returns>An instance of <typeparamref name="TValue"/> obtained by JSON-deserializing the return value.</returns>
        </member>
        <member name="T:Microsoft.JSInterop.IJSInProcessRuntime">
            <summary>
            Represents an instance of a JavaScript runtime to which calls may be dispatched.
            </summary>
        </member>
        <member name="M:Microsoft.JSInterop.IJSInProcessRuntime.Invoke``1(System.String,System.Object[])">
            <summary>
            Invokes the specified JavaScript function synchronously.
             | 百度译文：同步调用指定的JavaScript函数。
            </summary>
            <typeparam name="TResult">The JSON-serializable return type.</typeparam>
            <param name="identifier">An identifier for the function to invoke. For example, the value <c>"someScope.someFunction"</c> will invoke the function <c>window.someScope.someFunction</c>.</param>
            <param name="args">JSON-serializable arguments.</param>
            <returns>An instance of <typeparamref name="TResult"/> obtained by JSON-deserializing the return value.</returns>
        </member>
        <member name="T:Microsoft.JSInterop.IJSObjectReference">
            <summary>
            Represents a reference to a JavaScript object.
             | 百度译文：表示对JavaScript对象的引用。
            </summary>
        </member>
        <member name="M:Microsoft.JSInterop.IJSObjectReference.InvokeAsync``1(System.String,System.Object[])">
            <summary>
            Invokes the specified JavaScript function asynchronously.
            <para>
            <see cref="T:Microsoft.JSInterop.JSRuntime"/> will apply timeouts to this operation based on the value configured in <see cref="P:Microsoft.JSInterop.JSRuntime.DefaultAsyncTimeout"/>. To dispatch a call with a different, or no timeout,
            consider using <see cref="M:Microsoft.JSInterop.IJSObjectReference.InvokeAsync``1(System.String,System.Threading.CancellationToken,System.Object[])" />.
            </para>
            </summary>
            <typeparam name="TValue">The JSON-serializable return type.</typeparam>
            <param name="identifier">An identifier for the function to invoke. For example, the value <c>"someScope.someFunction"</c> will invoke the function <c>someScope.someFunction</c> on the target instance.</param>
            <param name="args">JSON-serializable arguments.</param>
            <returns>An instance of <typeparamref name="TValue"/> obtained by JSON-deserializing the return value.</returns>
        </member>
        <member name="M:Microsoft.JSInterop.IJSObjectReference.InvokeAsync``1(System.String,System.Threading.CancellationToken,System.Object[])">
            <summary>
            Invokes the specified JavaScript function asynchronously.
            </summary>
            <typeparam name="TValue">The JSON-serializable return type.</typeparam>
            <param name="identifier">An identifier for the function to invoke. For example, the value <c>"someScope.someFunction"</c> will invoke the function <c>someScope.someFunction</c> on the target instance.</param>
            <param name="cancellationToken">
            A cancellation token to signal the cancellation of the operation. Specifying this parameter will override any default cancellations such as due to timeouts
            (<see cref="P:Microsoft.JSInterop.JSRuntime.DefaultAsyncTimeout"/>) from being applied.
            </param>
            <param name="args">JSON-serializable arguments.</param>
            <returns>An instance of <typeparamref name="TValue"/> obtained by JSON-deserializing the return value.</returns>
        </member>
        <member name="T:Microsoft.JSInterop.IJSRuntime">
            <summary>
            Represents an instance of a JavaScript runtime to which calls may be dispatched.
            </summary>
        </member>
        <member name="M:Microsoft.JSInterop.IJSRuntime.InvokeAsync``1(System.String,System.Object[])">
            <summary>
            Invokes the specified JavaScript function asynchronously.
            <para>
            <see cref="T:Microsoft.JSInterop.JSRuntime"/> will apply timeouts to this operation based on the value configured in <see cref="P:Microsoft.JSInterop.JSRuntime.DefaultAsyncTimeout"/>. To dispatch a call with a different timeout, or no timeout,
            consider using <see cref="M:Microsoft.JSInterop.IJSRuntime.InvokeAsync``1(System.String,System.Threading.CancellationToken,System.Object[])" />.
            </para>
            </summary>
            <typeparam name="TValue">The JSON-serializable return type.</typeparam>
            <param name="identifier">An identifier for the function to invoke. For example, the value <c>"someScope.someFunction"</c> will invoke the function <c>window.someScope.someFunction</c>.</param>
            <param name="args">JSON-serializable arguments.</param>
            <returns>An instance of <typeparamref name="TValue"/> obtained by JSON-deserializing the return value.</returns>
        </member>
        <member name="M:Microsoft.JSInterop.IJSRuntime.InvokeAsync``1(System.String,System.Threading.CancellationToken,System.Object[])">
            <summary>
            Invokes the specified JavaScript function asynchronously.
            </summary>
            <typeparam name="TValue">The JSON-serializable return type.</typeparam>
            <param name="identifier">An identifier for the function to invoke. For example, the value <c>"someScope.someFunction"</c> will invoke the function <c>window.someScope.someFunction</c>.</param>
            <param name="cancellationToken">
            A cancellation token to signal the cancellation of the operation. Specifying this parameter will override any default cancellations such as due to timeouts
            (<see cref="P:Microsoft.JSInterop.JSRuntime.DefaultAsyncTimeout"/>) from being applied.
            </param>
            <param name="args">JSON-serializable arguments.</param>
            <returns>An instance of <typeparamref name="TValue"/> obtained by JSON-deserializing the return value.</returns>
        </member>
        <member name="T:Microsoft.JSInterop.IJSUnmarshalledObjectReference">
            <summary>
            Represents a reference to a JavaScript object whose functions can be invoked synchronously without JSON marshalling.
             | 百度译文：表示对JavaScript对象的引用，该对象的函数可以在不使用JSON编组的情况下同步调用。
            </summary>
        </member>
        <member name="M:Microsoft.JSInterop.IJSUnmarshalledObjectReference.InvokeUnmarshalled``1(System.String)">
            <summary>
            Invokes the JavaScript function registered with the specified identifier.
             | 百度译文：调用用指定标识符注册的JavaScript函数。
            </summary>
            <typeparam name="TResult">The .NET type corresponding to the function's return value type.</typeparam>
            <param name="identifier">The identifier used when registering the target function.</param>
            <returns>The result of the function invocation.</returns>
        </member>
        <member name="M:Microsoft.JSInterop.IJSUnmarshalledObjectReference.InvokeUnmarshalled``2(System.String,``0)">
            <summary>
            Invokes the JavaScript function registered with the specified identifier.
             | 百度译文：调用用指定标识符注册的JavaScript函数。
            </summary>
            <typeparam name="T0">The type of the first argument.</typeparam>
            <typeparam name="TResult">The .NET type corresponding to the function's return value type.</typeparam>
            <param name="identifier">The identifier used when registering the target function.</param>
            <param name="arg0">The first argument.</param>
            <returns>The result of the function invocation.</returns>
        </member>
        <member name="M:Microsoft.JSInterop.IJSUnmarshalledObjectReference.InvokeUnmarshalled``3(System.String,``0,``1)">
            <summary>
            Invokes the JavaScript function registered with the specified identifier.
             | 百度译文：调用用指定标识符注册的JavaScript函数。
            </summary>
            <typeparam name="T0">The type of the first argument.</typeparam>
            <typeparam name="T1">The type of the second argument.</typeparam>
            <typeparam name="TResult">The .NET type corresponding to the function's return value type.</typeparam>
            <param name="identifier">The identifier used when registering the target function.</param>
            <param name="arg0">The first argument.</param>
            <param name="arg1">The second argument.</param>
            <returns>The result of the function invocation.</returns>
        </member>
        <member name="M:Microsoft.JSInterop.IJSUnmarshalledObjectReference.InvokeUnmarshalled``4(System.String,``0,``1,``2)">
            <summary>
            Invokes the JavaScript function registered with the specified identifier.
             | 百度译文：调用用指定标识符注册的JavaScript函数。
            </summary>
            <typeparam name="T0">The type of the first argument.</typeparam>
            <typeparam name="T1">The type of the second argument.</typeparam>
            <typeparam name="T2">The type of the third argument.</typeparam>
            <typeparam name="TResult">The .NET type corresponding to the function's return value type.</typeparam>
            <param name="identifier">The identifier used when registering the target function.</param>
            <param name="arg0">The first argument.</param>
            <param name="arg1">The second argument.</param>
            <param name="arg2">The third argument.</param>
            <returns>The result of the function invocation.</returns>
        </member>
        <member name="T:Microsoft.JSInterop.IJSUnmarshalledRuntime">
            <summary>
            Represents an instance of a JavaScript runtime to which calls may be dispatched without JSON marshalling.
            Not all JavaScript runtimes support this capability. Currently it is only supported on WebAssembly and for
            security reasons, will never be supported for .NET code that runs on the server.
            This is an advanced mechanism that should only be used in performance-critical scenarios.
            </summary>
        </member>
        <member name="M:Microsoft.JSInterop.IJSUnmarshalledRuntime.InvokeUnmarshalled``1(System.String)">
            <summary>
            Invokes the JavaScript function registered with the specified identifier.
             | 百度译文：调用用指定标识符注册的JavaScript函数。
            </summary>
            <typeparam name="TResult">The .NET type corresponding to the function's return value type.</typeparam>
            <param name="identifier">The identifier used when registering the target function.</param>
            <returns>The result of the function invocation.</returns>
        </member>
        <member name="M:Microsoft.JSInterop.IJSUnmarshalledRuntime.InvokeUnmarshalled``2(System.String,``0)">
            <summary>
            Invokes the JavaScript function registered with the specified identifier.
             | 百度译文：调用用指定标识符注册的JavaScript函数。
            </summary>
            <typeparam name="T0">The type of the first argument.</typeparam>
            <typeparam name="TResult">The .NET type corresponding to the function's return value type.</typeparam>
            <param name="identifier">The identifier used when registering the target function.</param>
            <param name="arg0">The first argument.</param>
            <returns>The result of the function invocation.</returns>
        </member>
        <member name="M:Microsoft.JSInterop.IJSUnmarshalledRuntime.InvokeUnmarshalled``3(System.String,``0,``1)">
            <summary>
            Invokes the JavaScript function registered with the specified identifier.
             | 百度译文：调用用指定标识符注册的JavaScript函数。
            </summary>
            <typeparam name="T0">The type of the first argument.</typeparam>
            <typeparam name="T1">The type of the second argument.</typeparam>
            <typeparam name="TResult">The .NET type corresponding to the function's return value type.</typeparam>
            <param name="identifier">The identifier used when registering the target function.</param>
            <param name="arg0">The first argument.</param>
            <param name="arg1">The second argument.</param>
            <returns>The result of the function invocation.</returns>
        </member>
        <member name="M:Microsoft.JSInterop.IJSUnmarshalledRuntime.InvokeUnmarshalled``4(System.String,``0,``1,``2)">
            <summary>
            Invokes the JavaScript function registered with the specified identifier.
             | 百度译文：调用用指定标识符注册的JavaScript函数。
            </summary>
            <typeparam name="T0">The type of the first argument.</typeparam>
            <typeparam name="T1">The type of the second argument.</typeparam>
            <typeparam name="T2">The type of the third argument.</typeparam>
            <typeparam name="TResult">The .NET type corresponding to the function's return value type.</typeparam>
            <param name="identifier">The identifier used when registering the target function.</param>
            <param name="arg0">The first argument.</param>
            <param name="arg1">The second argument.</param>
            <param name="arg2">The third argument.</param>
            <returns>The result of the function invocation.</returns>
        </member>
        <member name="T:Microsoft.JSInterop.Implementation.JSInProcessObjectReference">
            <summary>
            Implements functionality for <see cref="T:Microsoft.JSInterop.IJSInProcessObjectReference"/>.
             | 百度译文：有关功能，请参阅Implements="cref:Microsoft.JSInterop.IJSInProcessObjectReference"/>.
            </summary>
        </member>
        <member name="M:Microsoft.JSInterop.Implementation.JSInProcessObjectReference.#ctor(Microsoft.JSInterop.JSInProcessRuntime,System.Int64)">
            <summary>
            Inititializes a new <see cref="T:Microsoft.JSInterop.Implementation.JSInProcessObjectReference"/> instance.
            </summary>
            <param name="jsRuntime">The <see cref="T:Microsoft.JSInterop.JSInProcessRuntime"/> used for invoking JS interop calls.</param>
            <param name="id">The unique identifier.</param>
        </member>
        <member name="M:Microsoft.JSInterop.Implementation.JSInProcessObjectReference.Invoke``1(System.String,System.Object[])">
            <inheritdoc />
        </member>
        <member name="M:Microsoft.JSInterop.Implementation.JSInProcessObjectReference.Dispose">
            <inheritdoc />
        </member>
        <member name="T:Microsoft.JSInterop.Implementation.JSObjectReference">
            <summary>
            Implements functionality for <see cref="T:Microsoft.JSInterop.IJSObjectReference"/>.
             | 百度译文：有关功能，请参阅Implements="cref:Microsoft.JSInterop.IJSObjectReference"/>.
            </summary>
        </member>
        <member name="P:Microsoft.JSInterop.Implementation.JSObjectReference.Id">
            <summary>
            The unique identifier assigned to this instance.
             | 百度译文：分配给此实例的唯一标识符。
            </summary>
        </member>
        <member name="M:Microsoft.JSInterop.Implementation.JSObjectReference.#ctor(Microsoft.JSInterop.JSRuntime,System.Int64)">
            <summary>
            Inititializes a new <see cref="T:Microsoft.JSInterop.Implementation.JSObjectReference"/> instance.
             | 百度译文：初始化一个新的<see cref="T:Microsoft.JSInterop.Implementation.实现.JSObjectReference"/>实例。
            </summary>
            <param name="jsRuntime">The <see cref="T:Microsoft.JSInterop.JSRuntime"/> used for invoking JS interop calls.</param>
            <param name="id">The unique identifier.</param>
        </member>
        <member name="M:Microsoft.JSInterop.Implementation.JSObjectReference.InvokeAsync``1(System.String,System.Object[])">
            <inheritdoc />
        </member>
        <member name="M:Microsoft.JSInterop.Implementation.JSObjectReference.InvokeAsync``1(System.String,System.Threading.CancellationToken,System.Object[])">
            <inheritdoc />
        </member>
        <member name="M:Microsoft.JSInterop.Implementation.JSObjectReference.DisposeAsync">
            <inheritdoc />
        </member>
        <member name="M:Microsoft.JSInterop.Implementation.JSObjectReference.ThrowIfDisposed">
            <inheritdoc />
        </member>
        <member name="T:Microsoft.JSInterop.Infrastructure.DotNetDispatcher">
            <summary>
            Provides methods that receive incoming calls from JS to .NET.
             | 百度译文：提供接收从JS到.NET的传入调用的方法。
            </summary>
        </member>
        <member name="M:Microsoft.JSInterop.Infrastructure.DotNetDispatcher.Invoke(Microsoft.JSInterop.JSRuntime,Microsoft.JSInterop.Infrastructure.DotNetInvocationInfo@,System.String)">
            <summary>
            Receives a call from JS to .NET, locating and invoking the specified method.
            </summary>
            <param name="jsRuntime">The <see cref="T:Microsoft.JSInterop.JSRuntime"/>.</param>
            <param name="invocationInfo">The <see cref="T:Microsoft.JSInterop.Infrastructure.DotNetInvocationInfo"/>.</param>
            <param name="argsJson">A JSON representation of the parameters.</param>
            <returns>A JSON representation of the return value, or null.</returns>
        </member>
        <member name="M:Microsoft.JSInterop.Infrastructure.DotNetDispatcher.BeginInvokeDotNet(Microsoft.JSInterop.JSRuntime,Microsoft.JSInterop.Infrastructure.DotNetInvocationInfo,System.String)">
            <summary>
            Receives a call from JS to .NET, locating and invoking the specified method asynchronously.
            </summary>
            <param name="jsRuntime">The <see cref="T:Microsoft.JSInterop.JSRuntime"/>.</param>
            <param name="invocationInfo">The <see cref="T:Microsoft.JSInterop.Infrastructure.DotNetInvocationInfo"/>.</param>
            <param name="argsJson">A JSON representation of the parameters.</param>
            <returns>A JSON representation of the return value, or null.</returns>
        </member>
        <member name="M:Microsoft.JSInterop.Infrastructure.DotNetDispatcher.EndInvokeJS(Microsoft.JSInterop.JSRuntime,System.String)">
            <summary>
            Receives notification that a call from .NET to JS has finished, marking the
            associated <see cref="T:System.Threading.Tasks.Task"/> as completed.
            </summary>
            <remarks>
            All exceptions from <see cref="M:Microsoft.JSInterop.Infrastructure.DotNetDispatcher.EndInvokeJS(Microsoft.JSInterop.JSRuntime,System.String)"/> are caught
            are delivered via JS interop to the JavaScript side when it requests confirmation, as
            the mechanism to call <see cref="M:Microsoft.JSInterop.Infrastructure.DotNetDispatcher.EndInvokeJS(Microsoft.JSInterop.JSRuntime,System.String)"/> relies on
            using JS->.NET interop. This overload is meant for directly triggering completion callbacks
            for .NET -> JS operations without going through JS interop, so the callsite for this
            method is responsible for handling any possible exception generated from the arguments
            passed in as parameters.
            </remarks>
            <param name="jsRuntime">The <see cref="T:Microsoft.JSInterop.JSRuntime"/>.</param>
            <param name="arguments">The serialized arguments for the callback completion.</param>
            <exception cref="T:System.Exception">
            This method can throw any exception either from the argument received or as a result
            of executing any callback synchronously upon completion.
            </exception>
        </member>
        <member name="T:Microsoft.JSInterop.Infrastructure.DotNetInvocationInfo">
            <summary>
            Information about a JSInterop call from JavaScript to .NET.
             | 百度译文：有关从JavaScript到.NET的JSInterop调用的信息。
            </summary>
        </member>
        <member name="M:Microsoft.JSInterop.Infrastructure.DotNetInvocationInfo.#ctor(System.String,System.String,System.Int64,System.String)">
            <summary>
            Initializes a new instance of <see cref="T:Microsoft.JSInterop.Infrastructure.DotNetInvocationInfo"/>.
            </summary>
            <param name="assemblyName">The name of the assembly containing the method.</param>
            <param name="methodIdentifier">The identifier of the method to be invoked.</param>
            <param name="dotNetObjectId">The object identifier for instance method calls.</param>
            <param name="callId">The call identifier.</param>
        </member>
        <member name="P:Microsoft.JSInterop.Infrastructure.DotNetInvocationInfo.AssemblyName">
            <summary>
            Gets the name of the assembly containing the method.
            Only one of <see cref="P:Microsoft.JSInterop.Infrastructure.DotNetInvocationInfo.DotNetObjectId"/> or <see cref="P:Microsoft.JSInterop.Infrastructure.DotNetInvocationInfo.AssemblyName"/> may be specified.
            </summary>
        </member>
        <member name="P:Microsoft.JSInterop.Infrastructure.DotNetInvocationInfo.MethodIdentifier">
            <summary>
            Gets the identifier of the method to be invoked. This is the value specified in the <see cref="T:Microsoft.JSInterop.JSInvokableAttribute"/>.
             | 百度译文：获取要调用的方法的标识符。这是<see cref="T:Microsoft.JSInterop.JSInvokableAttribute"/>.
            </summary>
        </member>
        <member name="P:Microsoft.JSInterop.Infrastructure.DotNetInvocationInfo.DotNetObjectId">
            <summary>
            Gets the object identifier for instance method calls.
            Only one of <see cref="P:Microsoft.JSInterop.Infrastructure.DotNetInvocationInfo.DotNetObjectId"/> or <see cref="P:Microsoft.JSInterop.Infrastructure.DotNetInvocationInfo.AssemblyName"/> may be specified.
            </summary>
        </member>
        <member name="P:Microsoft.JSInterop.Infrastructure.DotNetInvocationInfo.CallId">
            <summary>
            Gets the call identifier. This value is <see langword="null"/> when the client does not expect a value to be returned.
             | 百度译文：获取调用标识符。当客户端不希望返回值时，此值为<see langword="null"/>。
            </summary>
        </member>
        <member name="T:Microsoft.JSInterop.Infrastructure.DotNetInvocationResult">
            <summary>
            Result of a .NET invocation that is returned to JavaScript.
            </summary>
        </member>
        <member name="M:Microsoft.JSInterop.Infrastructure.DotNetInvocationResult.#ctor(System.Exception,System.String)">
            <summary>
            Constructor for a failed invocation.
            </summary>
            <param name="exception">The <see cref="T:System.Exception"/> that caused the failure.</param>
            <param name="errorKind">The error kind.</param>
        </member>
        <member name="M:Microsoft.JSInterop.Infrastructure.DotNetInvocationResult.#ctor(System.Object)">
            <summary>
            Constructor for a successful invocation.
             | 百度译文：成功调用的构造函数。
            </summary>
            <param name="result">The result.</param>
        </member>
        <member name="P:Microsoft.JSInterop.Infrastructure.DotNetInvocationResult.Exception">
            <summary>
            Gets the <see cref="T:System.Exception"/> that caused the failure.
            </summary>
        </member>
        <member name="P:Microsoft.JSInterop.Infrastructure.DotNetInvocationResult.ErrorKind">
            <summary>
            Gets the error kind.
             | 百度译文：获取错误类型。
            </summary>
        </member>
        <member name="P:Microsoft.JSInterop.Infrastructure.DotNetInvocationResult.Result">
            <summary>
            Gets the result of a successful invocation.
            </summary>
        </member>
        <member name="P:Microsoft.JSInterop.Infrastructure.DotNetInvocationResult.Success">
            <summary>
            <see langword="true"/> if the invocation succeeded, otherwise <see langword="false"/>.
            </summary>
        </member>
        <member name="T:Microsoft.JSInterop.JSCallResultType">
            <summary>
            Describes the type of result expected from a JS interop call.
             | 百度译文：描述JS互操作调用所需的结果类型。
            </summary>
        </member>
        <member name="F:Microsoft.JSInterop.JSCallResultType.Default">
            <summary>
            Indicates that the returned value is not treated in a special way.
            </summary>
        </member>
        <member name="F:Microsoft.JSInterop.JSCallResultType.JSObjectReference">
            <summary>
            Indicates that the returned value is to be treated as a JS object reference.
             | 百度译文：指示返回值将被视为JS对象引用。
            </summary>
        </member>
        <member name="T:Microsoft.JSInterop.JSException">
            <summary>
            Represents errors that occur during an interop call from .NET to JavaScript.
            </summary>
        </member>
        <member name="M:Microsoft.JSInterop.JSException.#ctor(System.String)">
            <summary>
            Constructs an instance of <see cref="T:Microsoft.JSInterop.JSException"/>.
             | 百度译文：构造<see cref="T:Microsoft.JSInterop.JSException"/>.
            </summary>
            <param name="message">The exception message.</param>
        </member>
        <member name="M:Microsoft.JSInterop.JSException.#ctor(System.String,System.Exception)">
            <summary>
            Constructs an instance of <see cref="T:Microsoft.JSInterop.JSException"/>.
             | 百度译文：构造<see cref="T:Microsoft.JSInterop.JSException"/>.
            </summary>
            <param name="message">The exception message.</param>
            <param name="innerException">The inner exception.</param>
        </member>
        <member name="M:Microsoft.JSInterop.JSInProcessObjectReferenceExtensions.InvokeVoid(Microsoft.JSInterop.IJSInProcessObjectReference,System.String,System.Object[])">
            <summary>
            Invokes the specified JavaScript function synchronously.
             | 百度译文：同步调用指定的JavaScript函数。
            </summary>
            <param name="jsObjectReference">The <see cref="T:Microsoft.JSInterop.IJSInProcessObjectReference"/>.</param>
            <param name="identifier">An identifier for the function to invoke. For example, the value <c>"someScope.someFunction"</c> will invoke the function <c>someScope.someFunction</c> on the target instance.</param>
            <param name="args">JSON-serializable arguments.</param>
        </member>
        <member name="T:Microsoft.JSInterop.JSInProcessRuntime">
            <summary>
            Abstract base class for an in-process JavaScript runtime.
             | 百度译文：进程内JavaScript运行时的抽象基类。
            </summary>
        </member>
        <member name="M:Microsoft.JSInterop.JSInProcessRuntime.#ctor">
            <summary>
            Initializes a new instance of <see cref="T:Microsoft.JSInterop.JSInProcessRuntime"/>.
            </summary>
        </member>
        <member name="M:Microsoft.JSInterop.JSInProcessRuntime.Invoke``1(System.String,System.Object[])">
            <summary>
            Invokes the specified JavaScript function synchronously.
             | 百度译文：同步调用指定的JavaScript函数。
            </summary>
            <typeparam name="TValue">The JSON-serializable return type.</typeparam>
            <param name="identifier">An identifier for the function to invoke. For example, the value <c>"someScope.someFunction"</c> will invoke the function <c>window.someScope.someFunction</c>.</param>
            <param name="args">JSON-serializable arguments.</param>
            <returns>An instance of <typeparamref name="TValue"/> obtained by JSON-deserializing the return value.</returns>
        </member>
        <member name="M:Microsoft.JSInterop.JSInProcessRuntime.InvokeJS(System.String,System.String)">
            <summary>
            Performs a synchronous function invocation.
             | 百度译文：执行同步函数调用。
            </summary>
            <param name="identifier">The identifier for the function to invoke.</param>
            <param name="argsJson">A JSON representation of the arguments.</param>
            <returns>A JSON representation of the result.</returns>
        </member>
        <member name="M:Microsoft.JSInterop.JSInProcessRuntime.InvokeJS(System.String,System.String,Microsoft.JSInterop.JSCallResultType,System.Int64)">
            <summary>
            Performs a synchronous function invocation.
             | 百度译文：执行同步函数调用。
            </summary>
            <param name="identifier">The identifier for the function to invoke.</param>
            <param name="argsJson">A JSON representation of the arguments.</param>
            <param name="resultType">The type of result expected from the invocation.</param>
            <param name="targetInstanceId">The instance ID of the target JS object.</param>
            <returns>A JSON representation of the result.</returns>
        </member>
        <member name="T:Microsoft.JSInterop.JSInProcessRuntimeExtensions">
            <summary>
            Extensions for <see cref="T:Microsoft.JSInterop.IJSInProcessRuntime"/>.
            </summary>
        </member>
        <member name="M:Microsoft.JSInterop.JSInProcessRuntimeExtensions.InvokeVoid(Microsoft.JSInterop.IJSInProcessRuntime,System.String,System.Object[])">
            <summary>
            Invokes the specified JavaScript function synchronously.
             | 百度译文：同步调用指定的JavaScript函数。
            </summary>
            <param name="jsRuntime">The <see cref="T:Microsoft.JSInterop.IJSInProcessRuntime"/>.</param>
            <param name="identifier">An identifier for the function to invoke. For example, the value <c>"someScope.someFunction"</c> will invoke the function <c>window.someScope.someFunction</c>.</param>
            <param name="args">JSON-serializable arguments.</param>
        </member>
        <member name="T:Microsoft.JSInterop.JSInvokableAttribute">
            <summary>
            Identifies a .NET method as allowing invocation from JavaScript code.
            Any method marked with this attribute may receive arbitrary parameter values
            from untrusted callers. All inputs should be validated carefully.
             | 百度译文：将.NET方法标识为允许从JavaScript代码调用。任何用此属性标记的方法都可能从不受信任的调用方接收任意参数值。所有输入应仔细验证。
            </summary>
        </member>
        <member name="P:Microsoft.JSInterop.JSInvokableAttribute.Identifier">
             <summary>
             Gets the identifier for the method. The identifier must be unique within the scope
             of an assembly.
            
             If not set, the identifier is taken from the name of the method. In this case the
             method name must be unique within the assembly.
              | 百度译文：获取方法的标识符。标识符在程序集范围内必须是唯一的。如果未设置，则标识符将从方法的名称中获取。在这种情况下，方法名在程序集中必须是唯一的。
            </summary>
        </member>
        <member name="M:Microsoft.JSInterop.JSInvokableAttribute.#ctor">
            <summary>
            Constructs an instance of <see cref="T:Microsoft.JSInterop.JSInvokableAttribute"/> without setting
            an identifier for the method.
             | 百度译文：构造<see cref="T:Microsoft.JSInterop.JSInvokableAttribute"/>没有为方法设置标识符。
            </summary>
        </member>
        <member name="M:Microsoft.JSInterop.JSInvokableAttribute.#ctor(System.String)">
            <summary>
            Constructs an instance of <see cref="T:Microsoft.JSInterop.JSInvokableAttribute"/> using the specified
            identifier.
             | 百度译文：构造<see cref="T:Microsoft.JSInterop.JSInvokableAttribute"/>使用指定的标识符。
            </summary>
            <param name="identifier">An identifier for the method, which must be unique within the scope of the assembly.</param>
        </member>
        <member name="T:Microsoft.JSInterop.JSObjectReferenceExtensions">
            <summary>
            Extensions for <see cref="T:Microsoft.JSInterop.IJSObjectReference"/>.
            </summary>
        </member>
        <member name="M:Microsoft.JSInterop.JSObjectReferenceExtensions.InvokeVoidAsync(Microsoft.JSInterop.IJSObjectReference,System.String,System.Object[])">
            <summary>
            Invokes the specified JavaScript function asynchronously.
            </summary>
            <param name="jsObjectReference">The <see cref="T:Microsoft.JSInterop.IJSObjectReference"/>.</param>
            <param name="identifier">An identifier for the function to invoke. For example, the value <c>"someScope.someFunction"</c> will invoke the function <c>someScope.someFunction</c> on the target instance.</param>
            <param name="args">JSON-serializable arguments.</param>
            <returns>A <see cref="T:System.Threading.Tasks.ValueTask"/> that represents the asynchronous invocation operation.</returns>
        </member>
        <member name="M:Microsoft.JSInterop.JSObjectReferenceExtensions.InvokeAsync``1(Microsoft.JSInterop.IJSObjectReference,System.String,System.Object[])">
            <summary>
            Invokes the specified JavaScript function asynchronously.
            <para>
            <see cref="T:Microsoft.JSInterop.JSRuntime"/> will apply timeouts to this operation based on the value configured in <see cref="P:Microsoft.JSInterop.JSRuntime.DefaultAsyncTimeout"/>. To dispatch a call with a different timeout, or no timeout,
            consider using <see cref="M:Microsoft.JSInterop.IJSObjectReference.InvokeAsync``1(System.String,System.Threading.CancellationToken,System.Object[])" />.
            </para>
             | 百度译文：异步调用指定的JavaScript函数。<para>见cref="T:Microsoft.JSInterop.JSRuntime"/>将根据<see cref="P:Microsoft.JSInterop.JSRuntime.DefaultAsyncTimeout"/>。要使用不同的超时或无超时来调度呼叫，请考虑使用<see cref="M:Microsoft.JSInterop.IJSObjectReference.InvokeAsync``1(系统字符串,System.Threading.CancellationToken,系统对象[])" />.            </para>
            </summary>
            <param name="jsObjectReference">The <see cref="T:Microsoft.JSInterop.IJSObjectReference"/>.</param>
            <typeparam name="TValue">The JSON-serializable return type.</typeparam>
            <param name="identifier">An identifier for the function to invoke. For example, the value <c>"someScope.someFunction"</c> will invoke the function <c>someScope.someFunction</c> on the target instance.</param>
            <param name="args">JSON-serializable arguments.</param>
            <returns>An instance of <typeparamref name="TValue"/> obtained by JSON-deserializing the return value.</returns>
        </member>
        <member name="M:Microsoft.JSInterop.JSObjectReferenceExtensions.InvokeAsync``1(Microsoft.JSInterop.IJSObjectReference,System.String,System.Threading.CancellationToken,System.Object[])">
            <summary>
            Invokes the specified JavaScript function asynchronously.
            </summary>
            <typeparam name="TValue">The JSON-serializable return type.</typeparam>
            <param name="jsObjectReference">The <see cref="T:Microsoft.JSInterop.IJSObjectReference"/>.</param>
            <param name="identifier">An identifier for the function to invoke. For example, the value <c>"someScope.someFunction"</c> will invoke the function <c>someScope.someFunction</c> on the target instance.</param>
            <param name="cancellationToken">
            A cancellation token to signal the cancellation of the operation. Specifying this parameter will override any default cancellations such as due to timeouts
            (<see cref="P:Microsoft.JSInterop.JSRuntime.DefaultAsyncTimeout"/>) from being applied.
            </param>
            <param name="args">JSON-serializable arguments.</param>
            <returns>An instance of <typeparamref name="TValue"/> obtained by JSON-deserializing the return value.</returns>
        </member>
        <member name="M:Microsoft.JSInterop.JSObjectReferenceExtensions.InvokeVoidAsync(Microsoft.JSInterop.IJSObjectReference,System.String,System.Threading.CancellationToken,System.Object[])">
            <summary>
            Invokes the specified JavaScript function asynchronously.
            </summary>
            <param name="jsObjectReference">The <see cref="T:Microsoft.JSInterop.IJSObjectReference"/>.</param>
            <param name="identifier">An identifier for the function to invoke. For example, the value <c>"someScope.someFunction"</c> will invoke the function <c>someScope.someFunction</c> on the target instance.</param>
            <param name="cancellationToken">
            A cancellation token to signal the cancellation of the operation. Specifying this parameter will override any default cancellations such as due to timeouts
            (<see cref="P:Microsoft.JSInterop.JSRuntime.DefaultAsyncTimeout"/>) from being applied.
            </param>
            <param name="args">JSON-serializable arguments.</param>
            <returns>A <see cref="T:System.Threading.Tasks.ValueTask"/> that represents the asynchronous invocation operation.</returns>
        </member>
        <member name="M:Microsoft.JSInterop.JSObjectReferenceExtensions.InvokeAsync``1(Microsoft.JSInterop.IJSObjectReference,System.String,System.TimeSpan,System.Object[])">
            <summary>
            Invokes the specified JavaScript function asynchronously.
            </summary>
            <param name="jsObjectReference">The <see cref="T:Microsoft.JSInterop.IJSObjectReference"/>.</param>
            <param name="identifier">An identifier for the function to invoke. For example, the value <c>"someScope.someFunction"</c> will invoke the function <c>someScope.someFunction</c> on the target instance.</param>
            <param name="timeout">The duration after which to cancel the async operation. Overrides default timeouts (<see cref="P:Microsoft.JSInterop.JSRuntime.DefaultAsyncTimeout"/>).</param>
            <param name="args">JSON-serializable arguments.</param>
            <returns>A <see cref="T:System.Threading.Tasks.ValueTask"/> that represents the asynchronous invocation operation.</returns>
        </member>
        <member name="M:Microsoft.JSInterop.JSObjectReferenceExtensions.InvokeVoidAsync(Microsoft.JSInterop.IJSObjectReference,System.String,System.TimeSpan,System.Object[])">
            <summary>
            Invokes the specified JavaScript function asynchronously.
            </summary>
            <param name="jsObjectReference">The <see cref="T:Microsoft.JSInterop.IJSObjectReference"/>.</param>
            <param name="identifier">An identifier for the function to invoke. For example, the value <c>"someScope.someFunction"</c> will invoke the function <c>someScope.someFunction</c> on the target instance.</param>
            <param name="timeout">The duration after which to cancel the async operation. Overrides default timeouts (<see cref="P:Microsoft.JSInterop.JSRuntime.DefaultAsyncTimeout"/>).</param>
            <param name="args">JSON-serializable arguments.</param>
            <returns>A <see cref="T:System.Threading.Tasks.ValueTask"/> that represents the asynchronous invocation operation.</returns>
        </member>
        <member name="T:Microsoft.JSInterop.JSRuntime">
            <summary>
            Abstract base class for a JavaScript runtime.
             | 百度译文：JavaScript运行时的抽象基类。
            </summary>
        </member>
        <member name="M:Microsoft.JSInterop.JSRuntime.#ctor">
            <summary>
            Initializes a new instance of <see cref="T:Microsoft.JSInterop.JSRuntime"/>.
            </summary>
        </member>
        <member name="P:Microsoft.JSInterop.JSRuntime.JsonSerializerOptions">
            <summary>
            Gets the <see cref="T:System.Text.Json.JsonSerializerOptions"/> used to serialize and deserialize interop payloads.
             | 百度译文：获取<see cref="T:System.Text.Json文件.JsonSerializerOptions"/>用于序列化和反序列化互操作有效负载。
            </summary>
        </member>
        <member name="P:Microsoft.JSInterop.JSRuntime.DefaultAsyncTimeout">
            <summary>
            Gets or sets the default timeout for asynchronous JavaScript calls.
            </summary>
        </member>
        <member name="M:Microsoft.JSInterop.JSRuntime.InvokeAsync``1(System.String,System.Object[])">
            <summary>
            Invokes the specified JavaScript function asynchronously.
            <para>
            <see cref="T:Microsoft.JSInterop.JSRuntime"/> will apply timeouts to this operation based on the value configured in <see cref="P:Microsoft.JSInterop.JSRuntime.DefaultAsyncTimeout"/>. To dispatch a call with a different, or no timeout,
            consider using <see cref="M:Microsoft.JSInterop.JSRuntime.InvokeAsync``1(System.String,System.Threading.CancellationToken,System.Object[])" />.
            </para>
             | 百度译文：异步调用指定的JavaScript函数。<para>见cref="T:Microsoft.JSInterop.JSRuntime"/>将根据<see cref="P:Microsoft.JSInterop.JSRuntime.DefaultAsyncTimeout"/>。要使用不同的或没有超时的呼叫，请考虑使用<see cref="M:Microsoft.JSInterop.JSRuntime.InvokeAsync``1(系统字符串,System.Threading.CancellationToken,系统对象[])" />.            </para>
            </summary>
            <typeparam name="TValue">The JSON-serializable return type.</typeparam>
            <param name="identifier">An identifier for the function to invoke. For example, the value <c>"someScope.someFunction"</c> will invoke the function <c>window.someScope.someFunction</c>.</param>
            <param name="args">JSON-serializable arguments.</param>
            <returns>An instance of <typeparamref name="TValue"/> obtained by JSON-deserializing the return value.</returns>
        </member>
        <member name="M:Microsoft.JSInterop.JSRuntime.InvokeAsync``1(System.String,System.Threading.CancellationToken,System.Object[])">
            <summary>
            Invokes the specified JavaScript function asynchronously.
            </summary>
            <typeparam name="TValue">The JSON-serializable return type.</typeparam>
            <param name="identifier">An identifier for the function to invoke. For example, the value <c>"someScope.someFunction"</c> will invoke the function <c>window.someScope.someFunction</c>.</param>
            <param name="cancellationToken">
            A cancellation token to signal the cancellation of the operation. Specifying this parameter will override any default cancellations such as due to timeouts
            (<see cref="P:Microsoft.JSInterop.JSRuntime.DefaultAsyncTimeout"/>) from being applied.
            </param>
            <param name="args">JSON-serializable arguments.</param>
            <returns>An instance of <typeparamref name="TValue"/> obtained by JSON-deserializing the return value.</returns>
        </member>
        <member name="M:Microsoft.JSInterop.JSRuntime.BeginInvokeJS(System.Int64,System.String,System.String)">
            <summary>
            Begins an asynchronous function invocation.
            </summary>
            <param name="taskId">The identifier for the function invocation, or zero if no async callback is required.</param>
            <param name="identifier">The identifier for the function to invoke.</param>
            <param name="argsJson">A JSON representation of the arguments.</param>
        </member>
        <member name="M:Microsoft.JSInterop.JSRuntime.BeginInvokeJS(System.Int64,System.String,System.String,Microsoft.JSInterop.JSCallResultType,System.Int64)">
            <summary>
            Begins an asynchronous function invocation.
            </summary>
            <param name="taskId">The identifier for the function invocation, or zero if no async callback is required.</param>
            <param name="identifier">The identifier for the function to invoke.</param>
            <param name="argsJson">A JSON representation of the arguments.</param>
            <param name="resultType">The type of result expected from the invocation.</param>
            <param name="targetInstanceId">The instance ID of the target JS object.</param>
        </member>
        <member name="M:Microsoft.JSInterop.JSRuntime.EndInvokeDotNet(Microsoft.JSInterop.Infrastructure.DotNetInvocationInfo,Microsoft.JSInterop.Infrastructure.DotNetInvocationResult@)">
            <summary>
            Completes an async JS interop call from JavaScript to .NET
             | 百度译文：完成从JavaScript到.NET的异步JS互操作调用
            </summary>
            <param name="invocationInfo">The <see cref="T:Microsoft.JSInterop.Infrastructure.DotNetInvocationInfo"/>.</param>
            <param name="invocationResult">The <see cref="T:Microsoft.JSInterop.Infrastructure.DotNetInvocationResult"/>.</param>
        </member>
        <member name="M:Microsoft.JSInterop.JSRuntime.ReleaseObjectReference(System.Int64)">
            <summary>
            Stops tracking the specified .NET object reference.
            This may be invoked either by disposing a DotNetObjectRef in .NET code, or via JS interop by calling "dispose" on the corresponding instance in JavaScript code
            </summary>
            <param name="dotNetObjectId">The ID of the <see cref="T:Microsoft.JSInterop.DotNetObjectReference`1"/>.</param>
        </member>
        <member name="T:Microsoft.JSInterop.JSRuntimeExtensions">
            <summary>
            Extensions for <see cref="T:Microsoft.JSInterop.IJSRuntime"/>.
             | 百度译文：扩展<see cref="T:Microsoft.JSInterop.IJSRuntime"/>.
            </summary>
        </member>
        <member name="M:Microsoft.JSInterop.JSRuntimeExtensions.InvokeVoidAsync(Microsoft.JSInterop.IJSRuntime,System.String,System.Object[])">
            <summary>
            Invokes the specified JavaScript function asynchronously.
            </summary>
            <param name="jsRuntime">The <see cref="T:Microsoft.JSInterop.IJSRuntime"/>.</param>
            <param name="identifier">An identifier for the function to invoke. For example, the value <c>"someScope.someFunction"</c> will invoke the function <c>window.someScope.someFunction</c>.</param>
            <param name="args">JSON-serializable arguments.</param>
            <returns>A <see cref="T:System.Threading.Tasks.ValueTask"/> that represents the asynchronous invocation operation.</returns>
        </member>
        <member name="M:Microsoft.JSInterop.JSRuntimeExtensions.InvokeAsync``1(Microsoft.JSInterop.IJSRuntime,System.String,System.Object[])">
            <summary>
            Invokes the specified JavaScript function asynchronously.
            <para>
            <see cref="T:Microsoft.JSInterop.JSRuntime"/> will apply timeouts to this operation based on the value configured in <see cref="P:Microsoft.JSInterop.JSRuntime.DefaultAsyncTimeout"/>. To dispatch a call with a different timeout, or no timeout,
            consider using <see cref="M:Microsoft.JSInterop.IJSRuntime.InvokeAsync``1(System.String,System.Threading.CancellationToken,System.Object[])" />.
            </para>
            </summary>
            <param name="jsRuntime">The <see cref="T:Microsoft.JSInterop.IJSRuntime"/>.</param>
            <typeparam name="TValue">The JSON-serializable return type.</typeparam>
            <param name="identifier">An identifier for the function to invoke. For example, the value <c>"someScope.someFunction"</c> will invoke the function <c>window.someScope.someFunction</c>.</param>
            <param name="args">JSON-serializable arguments.</param>
            <returns>An instance of <typeparamref name="TValue"/> obtained by JSON-deserializing the return value.</returns>
        </member>
        <member name="M:Microsoft.JSInterop.JSRuntimeExtensions.InvokeAsync``1(Microsoft.JSInterop.IJSRuntime,System.String,System.Threading.CancellationToken,System.Object[])">
            <summary>
            Invokes the specified JavaScript function asynchronously.
            </summary>
            <typeparam name="TValue">The JSON-serializable return type.</typeparam>
            <param name="jsRuntime">The <see cref="T:Microsoft.JSInterop.IJSRuntime"/>.</param>
            <param name="identifier">An identifier for the function to invoke. For example, the value <c>"someScope.someFunction"</c> will invoke the function <c>window.someScope.someFunction</c>.</param>
            <param name="cancellationToken">
            A cancellation token to signal the cancellation of the operation. Specifying this parameter will override any default cancellations such as due to timeouts
            (<see cref="P:Microsoft.JSInterop.JSRuntime.DefaultAsyncTimeout"/>) from being applied.
            </param>
            <param name="args">JSON-serializable arguments.</param>
            <returns>An instance of <typeparamref name="TValue"/> obtained by JSON-deserializing the return value.</returns>
        </member>
        <member name="M:Microsoft.JSInterop.JSRuntimeExtensions.InvokeVoidAsync(Microsoft.JSInterop.IJSRuntime,System.String,System.Threading.CancellationToken,System.Object[])">
            <summary>
            Invokes the specified JavaScript function asynchronously.
            </summary>
            <param name="jsRuntime">The <see cref="T:Microsoft.JSInterop.IJSRuntime"/>.</param>
            <param name="identifier">An identifier for the function to invoke. For example, the value <c>"someScope.someFunction"</c> will invoke the function <c>window.someScope.someFunction</c>.</param>
            <param name="cancellationToken">
            A cancellation token to signal the cancellation of the operation. Specifying this parameter will override any default cancellations such as due to timeouts
            (<see cref="P:Microsoft.JSInterop.JSRuntime.DefaultAsyncTimeout"/>) from being applied.
            </param>
            <param name="args">JSON-serializable arguments.</param>
            <returns>A <see cref="T:System.Threading.Tasks.ValueTask"/> that represents the asynchronous invocation operation.</returns>
        </member>
        <member name="M:Microsoft.JSInterop.JSRuntimeExtensions.InvokeAsync``1(Microsoft.JSInterop.IJSRuntime,System.String,System.TimeSpan,System.Object[])">
            <summary>
            Invokes the specified JavaScript function asynchronously.
            </summary>
            <param name="jsRuntime">The <see cref="T:Microsoft.JSInterop.IJSRuntime"/>.</param>
            <param name="identifier">An identifier for the function to invoke. For example, the value <c>"someScope.someFunction"</c> will invoke the function <c>window.someScope.someFunction</c>.</param>
            <param name="timeout">The duration after which to cancel the async operation. Overrides default timeouts (<see cref="P:Microsoft.JSInterop.JSRuntime.DefaultAsyncTimeout"/>).</param>
            <param name="args">JSON-serializable arguments.</param>
            <returns>A <see cref="T:System.Threading.Tasks.ValueTask"/> that represents the asynchronous invocation operation.</returns>
        </member>
        <member name="M:Microsoft.JSInterop.JSRuntimeExtensions.InvokeVoidAsync(Microsoft.JSInterop.IJSRuntime,System.String,System.TimeSpan,System.Object[])">
            <summary>
            Invokes the specified JavaScript function asynchronously.
            </summary>
            <param name="jsRuntime">The <see cref="T:Microsoft.JSInterop.IJSRuntime"/>.</param>
            <param name="identifier">An identifier for the function to invoke. For example, the value <c>"someScope.someFunction"</c> will invoke the function <c>window.someScope.someFunction</c>.</param>
            <param name="timeout">The duration after which to cancel the async operation. Overrides default timeouts (<see cref="P:Microsoft.JSInterop.JSRuntime.DefaultAsyncTimeout"/>).</param>
            <param name="args">JSON-serializable arguments.</param>
            <returns>A <see cref="T:System.Threading.Tasks.ValueTask"/> that represents the asynchronous invocation operation.</returns>
        </member>
    </members>
</doc>