<?xml version="1.0"?>
<doc>
    <assembly>
        <name>Microsoft.AspNetCore.SignalR.Common</name>
    </assembly>
    <members>
        <member name="T:Microsoft.AspNetCore.SignalR.HubException">
            <summary>
            The exception thrown from a hub when an error occurs.
             | 百度译文：发生错误时从集线器引发的异常。
            </summary>
            <remarks>
            Exceptions often contain sensitive information, such as connection information. Because of this, SignalR does not expose the details
            of exceptions that occur on the server to the client. However, instances of <see cref="T:Microsoft.AspNetCore.SignalR.HubException"/> <b>are</b> sent to the client.
            </remarks>
        </member>
        <member name="M:Microsoft.AspNetCore.SignalR.HubException.#ctor">
            <summary>
            Initializes a new instance of the <see cref="T:Microsoft.AspNetCore.SignalR.HubException"/> class.
             | 百度译文：初始化的新实例<see cref="T:Microsoft.AspNetCore.SignalR.HubException"/>类。
            </summary>
        </member>
        <member name="M:Microsoft.AspNetCore.SignalR.HubException.#ctor(System.String)">
            <summary>
            Initializes a new instance of the <see cref="T:Microsoft.AspNetCore.SignalR.HubException"/> class
            with a specified error message.
             | 百度译文：初始化<see cref="T:Microsoft.AspNetCore.Signaler.HubException"/>类，其中包含指定的错误消息。
            </summary>
            <param name="message">The error message that explains the reason for the exception.</param>
        </member>
        <member name="M:Microsoft.AspNetCore.SignalR.HubException.#ctor(System.String,System.Exception)">
            <summary>
            Initializes a new instance of the <see cref="T:Microsoft.AspNetCore.SignalR.HubException"/> class
            with a specified error message and a reference to the inner exception that is the cause of this exception.
            </summary>
            <param name="message">The error message that explains the reason for the exception.</param>
            <param name="innerException">The exception that is the cause of the current exception, or <c>null</c> if no inner exception is specified.</param>
        </member>
        <member name="M:Microsoft.AspNetCore.SignalR.HubException.#ctor(System.Runtime.Serialization.SerializationInfo,System.Runtime.Serialization.StreamingContext)">
            <summary>
            Initializes a new instance of the <see cref="T:Microsoft.AspNetCore.SignalR.HubException"/> class.
             | 百度译文：初始化的新实例<see cref="T:Microsoft.AspNetCore.SignalR.HubException"/>类。
            </summary>
            <param name="info">The <see cref="T:System.Runtime.Serialization.SerializationInfo"/> that holds the serialized object data about the exception being thrown.</param>
            <param name="context">The <see cref="T:System.Runtime.Serialization.StreamingContext"/> that contains contextual information about the source or destination.</param>
            <exception cref="T:System.ArgumentNullException">The <paramref name="info"/> parameter is <c>null</c>.</exception>
            <exception cref="T:System.Runtime.Serialization.SerializationException">The class name is <c>null</c> or <see cref="P:System.Exception.HResult"/> is zero (0).</exception>
        </member>
        <member name="T:Microsoft.AspNetCore.SignalR.IInvocationBinder">
            <summary>
            Class used by <see cref="T:Microsoft.AspNetCore.SignalR.Protocol.IHubProtocol"/>s to get the <see cref="T:System.Type"/>(s) expected by the hub message being deserialized.
            </summary>
        </member>
        <member name="M:Microsoft.AspNetCore.SignalR.IInvocationBinder.GetReturnType(System.String)">
            <summary>
            Gets the <see cref="T:System.Type"/> the invocation represented by the <paramref name="invocationId"/> is expected to contain.
             | 百度译文：获取<see cref="T:系统类型"/>由<paramref name="invocationId"/>表示的调用应包含。
            </summary>
            <param name="invocationId">The ID of the invocation being received.</param>
            <returns>The <see cref="T:System.Type"/> the invocation is expected to contain.</returns>
        </member>
        <member name="M:Microsoft.AspNetCore.SignalR.IInvocationBinder.GetParameterTypes(System.String)">
            <summary>
            Gets the list of <see cref="T:System.Type"/>s the method represented by <paramref name="methodName"/> takes as arguments.
            </summary>
            <param name="methodName">The name of the method being called.</param>
            <returns>A list of <see cref="T:System.Type"/>s the method takes as arguments.</returns>
        </member>
        <member name="M:Microsoft.AspNetCore.SignalR.IInvocationBinder.GetStreamItemType(System.String)">
            <summary>
            Gets the <see cref="T:System.Type"/> the stream item is expected to contain.
             | 百度译文：获取<see cref="T:系统类型"/>流项应包含。
            </summary>
            <param name="streamId">The ID of the stream the stream item is a part of.</param>
            <returns>The <see cref="T:System.Type"/> of the item the stream contains.</returns>
        </member>
        <member name="T:Microsoft.AspNetCore.SignalR.ISignalRBuilder">
            <summary>
            A builder abstraction for configuring SignalR object instances.
             | 百度译文：用于配置信号器对象实例的生成器抽象。
            </summary>
        </member>
        <member name="P:Microsoft.AspNetCore.SignalR.ISignalRBuilder.Services">
            <summary>
            Gets the builder service collection.
             | 百度译文：获取生成器服务集合。
            </summary>
        </member>
        <member name="T:Microsoft.AspNetCore.SignalR.Protocol.CancelInvocationMessage">
            <summary>
            The <see cref="T:Microsoft.AspNetCore.SignalR.Protocol.CancelInvocationMessage"/> represents a cancellation of a streaming method.
            </summary>
        </member>
        <member name="M:Microsoft.AspNetCore.SignalR.Protocol.CancelInvocationMessage.#ctor(System.String)">
            <summary>
            Initializes a new instance of the <see cref="T:Microsoft.AspNetCore.SignalR.Protocol.CancelInvocationMessage"/> class.
             | 百度译文：初始化的新实例<see cref="T:Microsoft.AspNetCore.SignalR.协议.取消调用消息"/>班级。
            </summary>
            <param name="invocationId">The ID of the hub method invocation being canceled.</param>
        </member>
        <member name="T:Microsoft.AspNetCore.SignalR.Protocol.CloseMessage">
            <summary>
            The message sent when closing a connection.
            </summary>
        </member>
        <member name="F:Microsoft.AspNetCore.SignalR.Protocol.CloseMessage.Empty">
            <summary>
            An empty close message with no error and <see cref="P:Microsoft.AspNetCore.SignalR.Protocol.CloseMessage.AllowReconnect"/> set to <see langword="false"/>.
            </summary>
        </member>
        <member name="P:Microsoft.AspNetCore.SignalR.Protocol.CloseMessage.Error">
            <summary>
            Gets the optional error message.
             | 百度译文：获取可选的错误消息。
            </summary>
        </member>
        <member name="P:Microsoft.AspNetCore.SignalR.Protocol.CloseMessage.AllowReconnect">
            <summary>
            If <see langword="false"/>, clients with automatic reconnects enabled should not attempt to automatically reconnect after receiving the <see cref="T:Microsoft.AspNetCore.SignalR.Protocol.CloseMessage"/>.
             | 百度译文：如果<see langword="false"/>启用了自动重新连接的客户端在收到<see cref="T:Microsoft.AspNetCore.SignalR.协议.关闭消息"/>.
            </summary>
        </member>
        <member name="M:Microsoft.AspNetCore.SignalR.Protocol.CloseMessage.#ctor(System.String)">
            <summary>
            Initializes a new instance of the <see cref="T:Microsoft.AspNetCore.SignalR.Protocol.CloseMessage"/> class with an optional error message and <see cref="P:Microsoft.AspNetCore.SignalR.Protocol.CloseMessage.AllowReconnect"/> set to <see langword="false"/>.
            </summary>
            <param name="error">An optional error message.</param>
        </member>
        <member name="M:Microsoft.AspNetCore.SignalR.Protocol.CloseMessage.#ctor(System.String,System.Boolean)">
            <summary>
            Initializes a new instance of the <see cref="T:Microsoft.AspNetCore.SignalR.Protocol.CloseMessage"/> class with an optional error message and a <see cref="T:System.Boolean"/> indicating whether or not a client with
            automatic reconnects enabled should attempt to reconnect upon receiving the message.
             | 百度译文：初始化的新实例<see cref="T:Microsoft.AspNetCore.SignalR.协议.关闭消息"/>使用可选错误消息和<see cref="T:系统。布尔值"/>指示启用了自动重新连接的客户端是否应在收到消息时尝试重新连接。
            </summary>
            <param name="error">An optional error message.</param>
            <param name="allowReconnect">
            <see langword="true"/>, if client with automatic reconnects enabled should attempt to reconnect after receiving the <see cref="T:Microsoft.AspNetCore.SignalR.Protocol.CloseMessage"/>;
            <see langword="false"/>, if the client should not try to reconnect whether or not automatic reconnects are enabled.
            </param>
        </member>
        <member name="T:Microsoft.AspNetCore.SignalR.Protocol.CompletionMessage">
            <summary>
            Represents an invocation that has completed. If there is an error then the invocation didn't complete successfully.
             | 百度译文：表示已完成的调用。如果出现错误，则调用未成功完成。
            </summary>
        </member>
        <member name="P:Microsoft.AspNetCore.SignalR.Protocol.CompletionMessage.Error">
            <summary>
            Optional error message if the invocation wasn't completed successfully. This must be null if there is a result.
            </summary>
        </member>
        <member name="P:Microsoft.AspNetCore.SignalR.Protocol.CompletionMessage.Result">
            <summary>
            Optional result from the invocation. This must be null if there is an error.
            This can also be null if there wasn't a result from the method invocation.
             | 百度译文：调用的可选结果。如果有错误，则必须为空。如果没有方法调用的结果，也可以为null。
            </summary>
        </member>
        <member name="P:Microsoft.AspNetCore.SignalR.Protocol.CompletionMessage.HasResult">
            <summary>
            Specifies whether the completion contains a result.
             | 百度译文：指定完成是否包含结果。
            </summary>
        </member>
        <member name="M:Microsoft.AspNetCore.SignalR.Protocol.CompletionMessage.#ctor(System.String,System.String,System.Object,System.Boolean)">
            <summary>
            Constructs a <see cref="T:Microsoft.AspNetCore.SignalR.Protocol.CompletionMessage"/>.
            </summary>
            <param name="invocationId">The ID of the invocation that has completed.</param>
            <param name="error">An optional error if the invocation failed.</param>
            <param name="result">An optional result if the invocation returns a result.</param>
            <param name="hasResult">Specifies whether the completion contains a result.</param>
        </member>
        <member name="M:Microsoft.AspNetCore.SignalR.Protocol.CompletionMessage.ToString">
            <inheritdoc />
        </member>
        <member name="M:Microsoft.AspNetCore.SignalR.Protocol.CompletionMessage.WithError(System.String,System.String)">
            <summary>
            Constructs a <see cref="T:Microsoft.AspNetCore.SignalR.Protocol.CompletionMessage"/> with an error.
            </summary>
            <param name="invocationId">The ID of the invocation that is being completed.</param>
            <param name="error">The error that occurred during the invocation.</param>
            <returns>The constructed <see cref="T:Microsoft.AspNetCore.SignalR.Protocol.CompletionMessage"/>.</returns>
        </member>
        <member name="M:Microsoft.AspNetCore.SignalR.Protocol.CompletionMessage.WithResult(System.String,System.Object)">
            <summary>
            Constructs a <see cref="T:Microsoft.AspNetCore.SignalR.Protocol.CompletionMessage"/> with a result.
             | 百度译文：构造一个<see cref="T:Microsoft.AspNetCore.SignalR.协议完成消息"/>结果。
            </summary>
            <param name="invocationId">The ID of the invocation that is being completed.</param>
            <param name="payload">The result from the invocation.</param>
            <returns>The constructed <see cref="T:Microsoft.AspNetCore.SignalR.Protocol.CompletionMessage"/>.</returns>
        </member>
        <member name="M:Microsoft.AspNetCore.SignalR.Protocol.CompletionMessage.Empty(System.String)">
            <summary>
            Constructs a <see cref="T:Microsoft.AspNetCore.SignalR.Protocol.CompletionMessage"/> without an error or result.
            This means the invocation was successful but there is no return value.
            </summary>
            <param name="invocationId">The ID of the invocation that is being completed.</param>
            <returns>The constructed <see cref="T:Microsoft.AspNetCore.SignalR.Protocol.CompletionMessage"/>.</returns>
        </member>
        <member name="T:Microsoft.AspNetCore.SignalR.Protocol.HandshakeProtocol">
            <summary>
            A helper class for working with SignalR handshakes.
             | 百度译文：用于处理信号握手的助手类。
            </summary>
        </member>
        <member name="M:Microsoft.AspNetCore.SignalR.Protocol.HandshakeProtocol.GetSuccessfulHandshake(Microsoft.AspNetCore.SignalR.Protocol.IHubProtocol)">
            <summary>
            Gets the bytes of a successful handshake message.
            </summary>
            <param name="protocol">The protocol being used for the connection.</param>
            <returns>The bytes of a successful handshake message.</returns>
        </member>
        <member name="M:Microsoft.AspNetCore.SignalR.Protocol.HandshakeProtocol.WriteRequestMessage(Microsoft.AspNetCore.SignalR.Protocol.HandshakeRequestMessage,System.Buffers.IBufferWriter{System.Byte})">
            <summary>
            Writes the serialized representation of a <see cref="T:Microsoft.AspNetCore.SignalR.Protocol.HandshakeRequestMessage"/> to the specified writer.
             | 百度译文：写入的序列化表示形式<see cref="T:Microsoft.AspNetCore.SignalR.协议.握手请求消息"/>到指定的写入程序。
            </summary>
            <param name="requestMessage">The message to write.</param>
            <param name="output">The output writer.</param>
        </member>
        <member name="M:Microsoft.AspNetCore.SignalR.Protocol.HandshakeProtocol.WriteResponseMessage(Microsoft.AspNetCore.SignalR.Protocol.HandshakeResponseMessage,System.Buffers.IBufferWriter{System.Byte})">
            <summary>
            Writes the serialized representation of a <see cref="T:Microsoft.AspNetCore.SignalR.Protocol.HandshakeResponseMessage"/> to the specified writer.
            </summary>
            <param name="responseMessage">The message to write.</param>
            <param name="output">The output writer.</param>
        </member>
        <member name="M:Microsoft.AspNetCore.SignalR.Protocol.HandshakeProtocol.TryParseResponseMessage(System.Buffers.ReadOnlySequence{System.Byte}@,Microsoft.AspNetCore.SignalR.Protocol.HandshakeResponseMessage@)">
            <summary>
            Creates a new <see cref="T:Microsoft.AspNetCore.SignalR.Protocol.HandshakeResponseMessage"/> from the specified serialized representation.
             | 百度译文：创建一个新的<see cref="T:Microsoft.AspNetCore.SignalR.协议.握手响应消息"/>来自指定的序列化表示形式。
            </summary>
            <param name="buffer">The serialized representation of the message.</param>
            <param name="responseMessage">When this method returns, contains the parsed message.</param>
            <returns>A value that is <c>true</c> if the <see cref="T:Microsoft.AspNetCore.SignalR.Protocol.HandshakeResponseMessage"/> was successfully parsed; otherwise, <c>false</c>.</returns>
        </member>
        <member name="M:Microsoft.AspNetCore.SignalR.Protocol.HandshakeProtocol.TryParseRequestMessage(System.Buffers.ReadOnlySequence{System.Byte}@,Microsoft.AspNetCore.SignalR.Protocol.HandshakeRequestMessage@)">
            <summary>
            Creates a new <see cref="T:Microsoft.AspNetCore.SignalR.Protocol.HandshakeRequestMessage"/> from the specified serialized representation.
             | 百度译文：创建一个新的<see cref="T:Microsoft.AspNetCore.SignalR.协议.握手请求消息"/>来自指定的序列化表示形式。
            </summary>
            <param name="buffer">The serialized representation of the message.</param>
            <param name="requestMessage">When this method returns, contains the parsed message.</param>
            <returns>A value that is <c>true</c> if the <see cref="T:Microsoft.AspNetCore.SignalR.Protocol.HandshakeRequestMessage"/> was successfully parsed; otherwise, <c>false</c>.</returns>
        </member>
        <member name="T:Microsoft.AspNetCore.SignalR.Protocol.HandshakeRequestMessage">
            <summary>
            A handshake request message.
            </summary>
        </member>
        <member name="M:Microsoft.AspNetCore.SignalR.Protocol.HandshakeRequestMessage.#ctor(System.String,System.Int32)">
            <summary>
            Initializes a new instance of the <see cref="T:Microsoft.AspNetCore.SignalR.Protocol.HandshakeRequestMessage"/> class.
             | 百度译文：初始化的新实例<see cref="T:Microsoft.AspNetCore.SignalR.协议.握手请求消息"/>班级。
            </summary>
            <param name="protocol">The requested protocol name.</param>
            <param name="version">The requested protocol version.</param>
        </member>
        <member name="P:Microsoft.AspNetCore.SignalR.Protocol.HandshakeRequestMessage.Protocol">
            <summary>
            Gets the requested protocol name.
             | 百度译文：获取请求的协议名称。
            </summary>
        </member>
        <member name="P:Microsoft.AspNetCore.SignalR.Protocol.HandshakeRequestMessage.Version">
            <summary>
            Gets the requested protocol version.
             | 百度译文：获取请求的协议版本。
            </summary>
        </member>
        <member name="T:Microsoft.AspNetCore.SignalR.Protocol.HandshakeResponseMessage">
            <summary>
            A handshake response message.
             | 百度译文：握手响应消息。
            </summary>
        </member>
        <member name="F:Microsoft.AspNetCore.SignalR.Protocol.HandshakeResponseMessage.Empty">
            <summary>
            An empty response message with no error.
            </summary>
        </member>
        <member name="P:Microsoft.AspNetCore.SignalR.Protocol.HandshakeResponseMessage.Error">
            <summary>
            Gets the optional error message.
             | 百度译文：获取可选的错误消息。
            </summary>
        </member>
        <member name="M:Microsoft.AspNetCore.SignalR.Protocol.HandshakeResponseMessage.#ctor(System.String)">
            <summary>
            Initializes a new instance of the <see cref="T:Microsoft.AspNetCore.SignalR.Protocol.HandshakeResponseMessage"/> class.
            An error response does need a minor version. Since the handshake has failed, any extra data will be ignored.
            </summary>
            <param name="error">Error encountered by the server, indicating why the handshake has failed.</param>
        </member>
        <member name="T:Microsoft.AspNetCore.SignalR.Protocol.HubInvocationMessage">
            <summary>
            A base class for hub messages related to a specific invocation.
             | 百度译文：与特定调用相关的集线器消息的基类。
            </summary>
        </member>
        <member name="P:Microsoft.AspNetCore.SignalR.Protocol.HubInvocationMessage.Headers">
            <summary>
            Gets or sets a name/value collection of headers.
             | 百度译文：获取或设置标头的名称/值集合。
            </summary>
        </member>
        <member name="P:Microsoft.AspNetCore.SignalR.Protocol.HubInvocationMessage.InvocationId">
            <summary>
            Gets the invocation ID.
             | 百度译文：获取调用ID。
            </summary>
        </member>
        <member name="M:Microsoft.AspNetCore.SignalR.Protocol.HubInvocationMessage.#ctor(System.String)">
            <summary>
            Initializes a new instance of the <see cref="T:Microsoft.AspNetCore.SignalR.Protocol.HubInvocationMessage"/> class.
            </summary>
            <param name="invocationId">The invocation ID.</param>
        </member>
        <member name="T:Microsoft.AspNetCore.SignalR.Protocol.HubMessage">
            <summary>
            A base class for hub messages.
             | 百度译文：集线器消息的基类。
            </summary>
        </member>
        <member name="T:Microsoft.AspNetCore.SignalR.Protocol.HubMethodInvocationMessage">
            <summary>
            A base class for hub messages representing an invocation.
             | 百度译文：表示调用的集线器消息的基类。
            </summary>
        </member>
        <member name="P:Microsoft.AspNetCore.SignalR.Protocol.HubMethodInvocationMessage.Target">
            <summary>
            Gets the target method name.
            </summary>
        </member>
        <member name="P:Microsoft.AspNetCore.SignalR.Protocol.HubMethodInvocationMessage.Arguments">
            <summary>
            Gets the target method arguments.
             | 百度译文：获取目标方法参数。
            </summary>
        </member>
        <member name="P:Microsoft.AspNetCore.SignalR.Protocol.HubMethodInvocationMessage.StreamIds">
            <summary>
            The target methods stream IDs.
            </summary>
        </member>
        <member name="M:Microsoft.AspNetCore.SignalR.Protocol.HubMethodInvocationMessage.#ctor(System.String,System.String,System.Object[],System.String[])">
            <summary>
            Initializes a new instance of the <see cref="T:Microsoft.AspNetCore.SignalR.Protocol.HubMethodInvocationMessage"/> class.
             | 百度译文：初始化的新实例<see cref="T:Microsoft.AspNetCore.SignalR.协议.HubMethodInvocationMessage"/>班级。
            </summary>
            <param name="invocationId">The invocation ID.</param>
            <param name="target">The target method name.</param>
            <param name="arguments">The target method arguments.</param>
            <param name="streamIds">The target methods stream IDs.</param>
        </member>
        <member name="M:Microsoft.AspNetCore.SignalR.Protocol.HubMethodInvocationMessage.#ctor(System.String,System.String,System.Object[])">
            <summary>
            Initializes a new instance of the <see cref="T:Microsoft.AspNetCore.SignalR.Protocol.HubMethodInvocationMessage"/> class.
             | 百度译文：初始化的新实例<see cref="T:Microsoft.AspNetCore.SignalR.协议.HubMethodInvocationMessage"/>班级。
            </summary>
            <param name="invocationId">The invocation ID.</param>
            <param name="target">The target method name.</param>
            <param name="arguments">The target method arguments.</param>
        </member>
        <member name="T:Microsoft.AspNetCore.SignalR.Protocol.InvocationMessage">
            <summary>
            A hub message representing a non-streaming invocation.
            </summary>
        </member>
        <member name="M:Microsoft.AspNetCore.SignalR.Protocol.InvocationMessage.#ctor(System.String,System.Object[])">
            <summary>
            Initializes a new instance of the <see cref="T:Microsoft.AspNetCore.SignalR.Protocol.InvocationMessage"/> class.
             | 百度译文：初始化的新实例<see cref="T:Microsoft.AspNetCore.SignalR.协议.调用消息"/>班级。
            </summary>
            <param name="target">The target method name.</param>
            <param name="arguments">The target method arguments.</param>
        </member>
        <member name="M:Microsoft.AspNetCore.SignalR.Protocol.InvocationMessage.#ctor(System.String,System.String,System.Object[])">
            <summary>
            Initializes a new instance of the <see cref="T:Microsoft.AspNetCore.SignalR.Protocol.InvocationMessage"/> class.
             | 百度译文：初始化的新实例<see cref="T:Microsoft.AspNetCore.SignalR.协议.调用消息"/>班级。
            </summary>
            <param name="invocationId">The invocation ID.</param>
            <param name="target">The target method name.</param>
            <param name="arguments">The target method arguments.</param>
        </member>
        <member name="M:Microsoft.AspNetCore.SignalR.Protocol.InvocationMessage.#ctor(System.String,System.String,System.Object[],System.String[])">
            <summary>
            Initializes a new instance of the <see cref="T:Microsoft.AspNetCore.SignalR.Protocol.InvocationMessage"/> class.
             | 百度译文：初始化的新实例<see cref="T:Microsoft.AspNetCore.SignalR.协议.调用消息"/>班级。
            </summary>
            <param name="invocationId">The invocation ID.</param>
            <param name="target">The target method name.</param>
            <param name="arguments">The target method arguments.</param>
            <param name="streamIds">The target methods stream IDs.</param>
        </member>
        <member name="M:Microsoft.AspNetCore.SignalR.Protocol.InvocationMessage.ToString">
            <inheritdoc />
        </member>
        <member name="T:Microsoft.AspNetCore.SignalR.Protocol.StreamInvocationMessage">
            <summary>
            A hub message representing a streaming invocation.
            </summary>
        </member>
        <member name="M:Microsoft.AspNetCore.SignalR.Protocol.StreamInvocationMessage.#ctor(System.String,System.String,System.Object[])">
            <summary>
            Initializes a new instance of the <see cref="T:Microsoft.AspNetCore.SignalR.Protocol.StreamInvocationMessage"/> class.
             | 百度译文：初始化的新实例<see cref="T:Microsoft.AspNetCore.SignalR.协议流调用消息"/>班级。
            </summary>
            <param name="invocationId">The invocation ID.</param>
            <param name="target">The target method name.</param>
            <param name="arguments">The target method arguments.</param>
        </member>
        <member name="M:Microsoft.AspNetCore.SignalR.Protocol.StreamInvocationMessage.#ctor(System.String,System.String,System.Object[],System.String[])">
            <summary>
            Initializes a new instance of the <see cref="T:Microsoft.AspNetCore.SignalR.Protocol.StreamInvocationMessage"/> class.
             | 百度译文：初始化的新实例<see cref="T:Microsoft.AspNetCore.SignalR.协议流调用消息"/>班级。
            </summary>
            <param name="invocationId">The invocation ID.</param>
            <param name="target">The target method name.</param>
            <param name="arguments">The target method arguments.</param>
            <param name="streamIds">The target methods stream IDs.</param>
        </member>
        <member name="M:Microsoft.AspNetCore.SignalR.Protocol.StreamInvocationMessage.ToString">
            <inheritdoc />
        </member>
        <member name="T:Microsoft.AspNetCore.SignalR.Protocol.HubProtocolConstants">
            <summary>
            Constants related to the SignalR hub protocol.
             | 百度译文：与信号器集线器协议相关的常量。
            </summary>
        </member>
        <member name="F:Microsoft.AspNetCore.SignalR.Protocol.HubProtocolConstants.InvocationMessageType">
            <summary>
            Represents the invocation message type.
            </summary>
        </member>
        <member name="F:Microsoft.AspNetCore.SignalR.Protocol.HubProtocolConstants.StreamItemMessageType">
            <summary>
            Represents the stream item message type.
             | 百度译文：表示流项消息类型。
            </summary>
        </member>
        <member name="F:Microsoft.AspNetCore.SignalR.Protocol.HubProtocolConstants.CompletionMessageType">
            <summary>
            Represents the completion message type.
             | 百度译文：表示完成消息类型。
            </summary>
        </member>
        <member name="F:Microsoft.AspNetCore.SignalR.Protocol.HubProtocolConstants.StreamInvocationMessageType">
            <summary>
            Represents the stream invocation message type.
            </summary>
        </member>
        <member name="F:Microsoft.AspNetCore.SignalR.Protocol.HubProtocolConstants.CancelInvocationMessageType">
            <summary>
            Represents the cancel invocation message type.
             | 百度译文：表示取消调用消息类型。
            </summary>
        </member>
        <member name="F:Microsoft.AspNetCore.SignalR.Protocol.HubProtocolConstants.PingMessageType">
            <summary>
            Represents the ping message type.
            </summary>
        </member>
        <member name="F:Microsoft.AspNetCore.SignalR.Protocol.HubProtocolConstants.CloseMessageType">
            <summary>
            Represents the close message type.
            </summary>
        </member>
        <member name="T:Microsoft.AspNetCore.SignalR.Protocol.HubProtocolExtensions">
            <summary>
            Extension methods for <see cref="T:Microsoft.AspNetCore.SignalR.Protocol.IHubProtocol"/>.
             | 百度译文：扩展方法<see cref="T:Microsoft.AspNetCore.SignalR.协议.i子协议"/>.
            </summary>
        </member>
        <member name="M:Microsoft.AspNetCore.SignalR.Protocol.HubProtocolExtensions.GetMessageBytes(Microsoft.AspNetCore.SignalR.Protocol.IHubProtocol,Microsoft.AspNetCore.SignalR.Protocol.HubMessage)">
            <summary>
            Converts the specified <see cref="T:Microsoft.AspNetCore.SignalR.Protocol.HubMessage"/> to its serialized representation.
            </summary>
            <param name="hubProtocol">The hub protocol.</param>
            <param name="message">The message to convert to bytes.</param>
            <returns>The serialized representation of the specified message.</returns>
        </member>
        <member name="T:Microsoft.AspNetCore.SignalR.Protocol.IHubProtocol">
            <summary>
            A protocol abstraction for communicating with SignalR hubs.
             | 百度译文：与信号集线器通信的协议抽象。
            </summary>
        </member>
        <member name="P:Microsoft.AspNetCore.SignalR.Protocol.IHubProtocol.Name">
            <summary>
            Gets the name of the protocol. The name is used by SignalR to resolve the protocol between the client and server.
            </summary>
        </member>
        <member name="P:Microsoft.AspNetCore.SignalR.Protocol.IHubProtocol.Version">
            <summary>
            Gets the major version of the protocol.
             | 百度译文：获取协议的主要版本。
            </summary>
        </member>
        <member name="P:Microsoft.AspNetCore.SignalR.Protocol.IHubProtocol.TransferFormat">
            <summary>
            Gets the transfer format of the protocol.
            </summary>
        </member>
        <member name="M:Microsoft.AspNetCore.SignalR.Protocol.IHubProtocol.TryParseMessage(System.Buffers.ReadOnlySequence{System.Byte}@,Microsoft.AspNetCore.SignalR.IInvocationBinder,Microsoft.AspNetCore.SignalR.Protocol.HubMessage@)">
            <summary>
            Creates a new <see cref="T:Microsoft.AspNetCore.SignalR.Protocol.HubMessage"/> from the specified serialized representation, and using the specified binder.
             | 百度译文：创建一个新的<see cref="T:Microsoft.AspNetCore.SignalR.协议.HubMessage"/>来自指定的序列化表示形式，并使用指定的绑定器。
            </summary>
            <param name="input">The serialized representation of the message.</param>
            <param name="binder">The binder used to parse the message.</param>
            <param name="message">When this method returns <c>true</c>, contains the parsed message.</param>
            <returns>A value that is <c>true</c> if the <see cref="T:Microsoft.AspNetCore.SignalR.Protocol.HubMessage"/> was successfully parsed; otherwise, <c>false</c>.</returns>
        </member>
        <member name="M:Microsoft.AspNetCore.SignalR.Protocol.IHubProtocol.WriteMessage(Microsoft.AspNetCore.SignalR.Protocol.HubMessage,System.Buffers.IBufferWriter{System.Byte})">
            <summary>
            Writes the specified <see cref="T:Microsoft.AspNetCore.SignalR.Protocol.HubMessage"/> to a writer.
             | 百度译文：写入指定的<see cref="T:Microsoft.AspNetCore.SignalR.协议.HubMessage"/>对一个作家来说。
            </summary>
            <param name="message">The message to write.</param>
            <param name="output">The output writer.</param>
        </member>
        <member name="M:Microsoft.AspNetCore.SignalR.Protocol.IHubProtocol.GetMessageBytes(Microsoft.AspNetCore.SignalR.Protocol.HubMessage)">
            <summary>
            Converts the specified <see cref="T:Microsoft.AspNetCore.SignalR.Protocol.HubMessage"/> to its serialized representation.
            </summary>
            <param name="message">The message to convert.</param>
            <returns>The serialized representation of the message.</returns>
        </member>
        <member name="M:Microsoft.AspNetCore.SignalR.Protocol.IHubProtocol.IsVersionSupported(System.Int32)">
            <summary>
            Gets a value indicating whether the protocol supports the specified version.
            </summary>
            <param name="version">The version.</param>
            <returns>A value indicating whether the protocol supports the specified version.</returns>
        </member>
        <member name="T:Microsoft.AspNetCore.SignalR.Protocol.InvocationBindingFailureMessage">
            <summary>
            Represents a failure to bind arguments for an invocation. This does not represent an actual
            message that is sent on the wire, it is returned by <see cref="M:Microsoft.AspNetCore.SignalR.Protocol.IHubProtocol.TryParseMessage(System.Buffers.ReadOnlySequence{System.Byte}@,Microsoft.AspNetCore.SignalR.IInvocationBinder,Microsoft.AspNetCore.SignalR.Protocol.HubMessage@)"/>
            to indicate that a binding failure occurred when parsing an invocation. The invocation ID is associated
            so that the error can be sent back to the client, associated with the appropriate invocation ID.
            </summary>
        </member>
        <member name="P:Microsoft.AspNetCore.SignalR.Protocol.InvocationBindingFailureMessage.BindingFailure">
            <summary>
            Gets the exception thrown during binding.
             | 百度译文：获取绑定期间引发的异常。
            </summary>
        </member>
        <member name="P:Microsoft.AspNetCore.SignalR.Protocol.InvocationBindingFailureMessage.Target">
            <summary>
            Gets the target method name.
            </summary>
        </member>
        <member name="M:Microsoft.AspNetCore.SignalR.Protocol.InvocationBindingFailureMessage.#ctor(System.String,System.String,System.Runtime.ExceptionServices.ExceptionDispatchInfo)">
            <summary>
            Initializes a new instance of the <see cref="T:Microsoft.AspNetCore.SignalR.Protocol.InvocationBindingFailureMessage"/> class.
             | 百度译文：初始化的新实例<see cref="T:Microsoft.AspNetCore.SignalR.协议.InvocationBindingFailureMessage"/>班级。
            </summary>
            <param name="invocationId">The invocation ID.</param>
            <param name="target">The target method name.</param>
            <param name="bindingFailure">The exception thrown during binding.</param>
        </member>
        <member name="T:Microsoft.AspNetCore.SignalR.Protocol.PingMessage">
            <summary>
            A keep-alive message to let the other side of the connection know that the connection is still alive.
            </summary>
        </member>
        <member name="F:Microsoft.AspNetCore.SignalR.Protocol.PingMessage.Instance">
            <summary>
            A static instance of the PingMessage to remove unneeded allocations.
             | 百度译文：PingMessage的静态实例，用于删除不需要的分配。
            </summary>
        </member>
        <member name="T:Microsoft.AspNetCore.SignalR.Protocol.StreamBindingFailureMessage">
            <summary>
            Represents a failure to bind arguments for a StreamDataMessage. This does not represent an actual
            message that is sent on the wire, it is returned by <see cref="M:Microsoft.AspNetCore.SignalR.Protocol.IHubProtocol.TryParseMessage(System.Buffers.ReadOnlySequence{System.Byte}@,Microsoft.AspNetCore.SignalR.IInvocationBinder,Microsoft.AspNetCore.SignalR.Protocol.HubMessage@)"/>
            to indicate that a binding failure occurred when parsing a StreamDataMessage. The stream ID is associated
            so that the error can be sent to the relevant hub method.
            </summary>
        </member>
        <member name="P:Microsoft.AspNetCore.SignalR.Protocol.StreamBindingFailureMessage.Id">
            <summary>
            Gets the id of the relevant stream
             | 百度译文：获取相关流的id
            </summary>
        </member>
        <member name="P:Microsoft.AspNetCore.SignalR.Protocol.StreamBindingFailureMessage.BindingFailure">
            <summary>
            Gets the exception thrown during binding.
             | 百度译文：获取绑定期间引发的异常。
            </summary>
        </member>
        <member name="M:Microsoft.AspNetCore.SignalR.Protocol.StreamBindingFailureMessage.#ctor(System.String,System.Runtime.ExceptionServices.ExceptionDispatchInfo)">
            <summary>
            Initializes a new instance of the <see cref="T:Microsoft.AspNetCore.SignalR.Protocol.InvocationBindingFailureMessage"/> class.
             | 百度译文：初始化的新实例<see cref="T:Microsoft.AspNetCore.SignalR.协议.InvocationBindingFailureMessage"/>班级。
            </summary>
            <param name="id">The stream ID.</param>
            <param name="bindingFailure">The exception thrown during binding.</param>
        </member>
        <member name="T:Microsoft.AspNetCore.SignalR.Protocol.StreamItemMessage">
            <summary>
            Represents a single item of an active stream.
             | 百度译文：表示活动流的单个项。
            </summary>
        </member>
        <member name="P:Microsoft.AspNetCore.SignalR.Protocol.StreamItemMessage.Item">
            <summary>
            The single item from a stream.
            </summary>
        </member>
        <member name="M:Microsoft.AspNetCore.SignalR.Protocol.StreamItemMessage.#ctor(System.String,System.Object)">
            <summary>
            Constructs a <see cref="T:Microsoft.AspNetCore.SignalR.Protocol.StreamItemMessage"/>.
             | 百度译文：构造一个<see cref="T:Microsoft.AspNetCore.SignalR.协议.StreamItemMessage"/>.
            </summary>
            <param name="invocationId">The ID of the stream.</param>
            <param name="item">An item from the stream.</param>
        </member>
        <member name="M:Microsoft.AspNetCore.SignalR.Protocol.StreamItemMessage.ToString">
            <inheritdoc />
        </member>
        <member name="T:Microsoft.AspNetCore.Internal.MemoryBufferWriter.CompletedBuffer">
            <summary>
            Holds a byte[] from the pool and a size value. Basically a Memory but guaranteed to be backed by an ArrayPool byte[], so that we know we can return it.
             | 百度译文：保存池中的字节[]和大小值。基本上是一个内存，但保证由ArrayPool byte[]支持，这样我们就可以返回它。
            </summary>
        </member>
    </members>
</doc>