<?xml version="1.0"?>
<doc>
    <assembly>
        <name>Microsoft.AspNetCore.Authentication.Abstractions</name>
    </assembly>
    <members>
        <member name="T:Microsoft.AspNetCore.Authentication.AuthenticateResult">
            <summary>
            Contains the result of an Authenticate call
             | 百度译文：包含身份验证调用的结果
            </summary>
        </member>
        <member name="M:Microsoft.AspNetCore.Authentication.AuthenticateResult.#ctor">
            <summary>
            Creates a new <see cref="T:Microsoft.AspNetCore.Authentication.AuthenticateResult"/> instance.
             | 百度译文：创建一个新的<see cref="T:Microsoft.AspNetCore.Authentication.AuthenticateResult"/>实例。
            </summary>
        </member>
        <member name="P:Microsoft.AspNetCore.Authentication.AuthenticateResult.Succeeded">
            <summary>
            If a ticket was produced, authenticate was successful.
             | 百度译文：如果生成了票证，则验证成功。
            </summary>
        </member>
        <member name="P:Microsoft.AspNetCore.Authentication.AuthenticateResult.Ticket">
            <summary>
            The authentication ticket.
             | 百度译文：验证票证。
            </summary>
        </member>
        <member name="P:Microsoft.AspNetCore.Authentication.AuthenticateResult.Principal">
            <summary>
            Gets the claims-principal with authenticated user identities.
             | 百度译文：获取具有经过身份验证的用户标识的声明主体。
            </summary>
        </member>
        <member name="P:Microsoft.AspNetCore.Authentication.AuthenticateResult.Properties">
            <summary>
            Additional state values for the authentication session.
             | 百度译文：身份验证会话的其他状态值。
            </summary>
        </member>
        <member name="P:Microsoft.AspNetCore.Authentication.AuthenticateResult.Failure">
            <summary>
            Holds failure information from the authentication.
             | 百度译文：保存来自身份验证的失败信息。
            </summary>
        </member>
        <member name="P:Microsoft.AspNetCore.Authentication.AuthenticateResult.None">
            <summary>
            Indicates that there was no information returned for this authentication scheme.
             | 百度译文：表示没有为此方案返回身份验证信息。
            </summary>
        </member>
        <member name="M:Microsoft.AspNetCore.Authentication.AuthenticateResult.Clone">
            <summary>
            Create a new deep copy of the result
             | 百度译文：创建结果的新深度副本
            </summary>
            <returns>A copy of the result</returns>
        </member>
        <member name="M:Microsoft.AspNetCore.Authentication.AuthenticateResult.Success(Microsoft.AspNetCore.Authentication.AuthenticationTicket)">
            <summary>
            Indicates that authentication was successful.
             | 百度译文：指示身份验证成功。
            </summary>
            <param name="ticket">The ticket representing the authentication result.</param>
            <returns>The result.</returns>
        </member>
        <member name="M:Microsoft.AspNetCore.Authentication.AuthenticateResult.NoResult">
            <summary>
            Indicates that there was no information returned for this authentication scheme.
             | 百度译文：表示没有为此方案返回身份验证信息。
            </summary>
            <returns>The result.</returns>
        </member>
        <member name="M:Microsoft.AspNetCore.Authentication.AuthenticateResult.Fail(System.Exception)">
            <summary>
            Indicates that there was a failure during authentication.
             | 百度译文：指示身份验证期间出现故障。
            </summary>
            <param name="failure">The failure exception.</param>
            <returns>The result.</returns>
        </member>
        <member name="M:Microsoft.AspNetCore.Authentication.AuthenticateResult.Fail(System.Exception,Microsoft.AspNetCore.Authentication.AuthenticationProperties)">
            <summary>
            Indicates that there was a failure during authentication.
             | 百度译文：指示身份验证期间出现故障。
            </summary>
            <param name="failure">The failure exception.</param>
            <param name="properties">Additional state values for the authentication session.</param>
            <returns>The result.</returns>
        </member>
        <member name="M:Microsoft.AspNetCore.Authentication.AuthenticateResult.Fail(System.String)">
            <summary>
            Indicates that there was a failure during authentication.
             | 百度译文：指示身份验证期间出现故障。
            </summary>
            <param name="failureMessage">The failure message.</param>
            <returns>The result.</returns>
        </member>
        <member name="M:Microsoft.AspNetCore.Authentication.AuthenticateResult.Fail(System.String,Microsoft.AspNetCore.Authentication.AuthenticationProperties)">
            <summary>
            Indicates that there was a failure during authentication.
             | 百度译文：指示身份验证期间出现故障。
            </summary>
            <param name="failureMessage">The failure message.</param>
            <param name="properties">Additional state values for the authentication session.</param>
            <returns>The result.</returns>
        </member>
        <member name="T:Microsoft.AspNetCore.Authentication.AuthenticationHttpContextExtensions">
            <summary>
            Extension methods to expose Authentication on HttpContext.
             | 百度译文：在HttpContext上公开身份验证的扩展方法。
            </summary>
        </member>
        <member name="M:Microsoft.AspNetCore.Authentication.AuthenticationHttpContextExtensions.AuthenticateAsync(Microsoft.AspNetCore.Http.HttpContext)">
            <summary>
            Authenticate the current request using the default authentication scheme.
            The default authentication scheme can be configured using <see cref="P:Microsoft.AspNetCore.Authentication.AuthenticationOptions.DefaultAuthenticateScheme"/>.
             | 百度译文：使用默认身份验证方案验证当前请求。可以使用<see cref="P:Microsoft.AspNetCore.Authentication.A.公司AuthenticationOptions.DefaultAuthenticateScheme"/>.
            </summary>
            <param name="context">The <see cref="T:Microsoft.AspNetCore.Http.HttpContext"/> context.</param>
            <returns>The <see cref="T:Microsoft.AspNetCore.Authentication.AuthenticateResult"/>.</returns>
        </member>
        <member name="M:Microsoft.AspNetCore.Authentication.AuthenticationHttpContextExtensions.AuthenticateAsync(Microsoft.AspNetCore.Http.HttpContext,System.String)">
            <summary>
            Authenticate the current request using the specified scheme.
             | 百度译文：使用指定的方案验证当前请求。
            </summary>
            <param name="context">The <see cref="T:Microsoft.AspNetCore.Http.HttpContext"/> context.</param>
            <param name="scheme">The name of the authentication scheme.</param>
            <returns>The <see cref="T:Microsoft.AspNetCore.Authentication.AuthenticateResult"/>.</returns>
        </member>
        <member name="M:Microsoft.AspNetCore.Authentication.AuthenticationHttpContextExtensions.ChallengeAsync(Microsoft.AspNetCore.Http.HttpContext,System.String)">
            <summary>
            Challenge the current request using the specified scheme.
            An authentication challenge can be issued when an unauthenticated user requests an endpoint that requires authentication.
             | 百度译文：使用指定的方案质询当前请求。当未经身份验证的用户请求需要身份验证的端点时，可以发出身份验证质询。
            </summary>
            <param name="context">The <see cref="T:Microsoft.AspNetCore.Http.HttpContext"/> context.</param>
            <param name="scheme">The name of the authentication scheme.</param>
            <returns>The result.</returns>
        </member>
        <member name="M:Microsoft.AspNetCore.Authentication.AuthenticationHttpContextExtensions.ChallengeAsync(Microsoft.AspNetCore.Http.HttpContext)">
            <summary>
            Challenge the current request using the default challenge scheme.
            An authentication challenge can be issued when an unauthenticated user requests an endpoint that requires authentication.
            The default challenge scheme can be configured using <see cref="P:Microsoft.AspNetCore.Authentication.AuthenticationOptions.DefaultChallengeScheme"/>.
             | 百度译文：使用默认质询方案质询当前请求。当未经身份验证的用户请求需要身份验证的端点时，可以发出身份验证质询。可以使用<see cref="P:Microsoft.AspNetCore.Authentication.A.公司AuthenticationOptions.DefaultChallengeScheme"/>.
            </summary>
            <param name="context">The <see cref="T:Microsoft.AspNetCore.Http.HttpContext"/> context.</param>
            <returns>The task.</returns>
        </member>
        <member name="M:Microsoft.AspNetCore.Authentication.AuthenticationHttpContextExtensions.ChallengeAsync(Microsoft.AspNetCore.Http.HttpContext,Microsoft.AspNetCore.Authentication.AuthenticationProperties)">
            <summary>
            Challenge the current request using the default challenge scheme.
            An authentication challenge can be issued when an unauthenticated user requests an endpoint that requires authentication.
            The default challenge scheme can be configured using <see cref="P:Microsoft.AspNetCore.Authentication.AuthenticationOptions.DefaultChallengeScheme"/>.
             | 百度译文：使用默认质询方案质询当前请求。当未经身份验证的用户请求需要身份验证的端点时，可以发出身份验证质询。可以使用<see cref="P:Microsoft.AspNetCore.Authentication.A.公司AuthenticationOptions.DefaultChallengeScheme"/>.
            </summary>
            <param name="context">The <see cref="T:Microsoft.AspNetCore.Http.HttpContext"/> context.</param>
            <param name="properties">The <see cref="T:Microsoft.AspNetCore.Authentication.AuthenticationProperties"/> properties.</param>
            <returns>The task.</returns>
        </member>
        <member name="M:Microsoft.AspNetCore.Authentication.AuthenticationHttpContextExtensions.ChallengeAsync(Microsoft.AspNetCore.Http.HttpContext,System.String,Microsoft.AspNetCore.Authentication.AuthenticationProperties)">
            <summary>
            Challenge the current request using the specified scheme.
            An authentication challenge can be issued when an unauthenticated user requests an endpoint that requires authentication.
             | 百度译文：使用指定的方案质询当前请求。当未经身份验证的用户请求需要身份验证的端点时，可以发出身份验证质询。
            </summary>
            <param name="context">The <see cref="T:Microsoft.AspNetCore.Http.HttpContext"/> context.</param>
            <param name="scheme">The name of the authentication scheme.</param>
            <param name="properties">The <see cref="T:Microsoft.AspNetCore.Authentication.AuthenticationProperties"/> properties.</param>
            <returns>The task.</returns>
        </member>
        <member name="M:Microsoft.AspNetCore.Authentication.AuthenticationHttpContextExtensions.ForbidAsync(Microsoft.AspNetCore.Http.HttpContext,System.String)">
            <summary>
            Forbid the current request using the specified scheme.
            Forbid is used when an authenticated user attempts to access a resource they are not permitted to access.
             | 百度译文：禁止使用指定方案的当前请求。当经过身份验证的用户试图访问他们不允许访问的资源时，使用Forbid。
            </summary>
            <param name="context">The <see cref="T:Microsoft.AspNetCore.Http.HttpContext"/> context.</param>
            <param name="scheme">The name of the authentication scheme.</param>
            <returns>The task.</returns>
        </member>
        <member name="M:Microsoft.AspNetCore.Authentication.AuthenticationHttpContextExtensions.ForbidAsync(Microsoft.AspNetCore.Http.HttpContext)">
            <summary>
            Forbid the current request using the default forbid scheme.
            Forbid is used when an authenticated user attempts to access a resource they are not permitted to access.
            The default forbid scheme can be configured using <see cref="P:Microsoft.AspNetCore.Authentication.AuthenticationOptions.DefaultForbidScheme"/>.
             | 百度译文：使用默认禁止方案禁止当前请求。当经过身份验证的用户试图访问他们不允许访问的资源时，使用Forbid。可以使用<see cref="P:Microsoft.AspNetCore.Authentication.A.公司AuthenticationOptions.DefaultForbidScheme"/>.
            </summary>
            <param name="context">The <see cref="T:Microsoft.AspNetCore.Http.HttpContext"/> context.</param>
            <returns>The task.</returns>
        </member>
        <member name="M:Microsoft.AspNetCore.Authentication.AuthenticationHttpContextExtensions.ForbidAsync(Microsoft.AspNetCore.Http.HttpContext,Microsoft.AspNetCore.Authentication.AuthenticationProperties)">
            <summary>
            Forbid the current request using the default forbid scheme.
            Forbid is used when an authenticated user attempts to access a resource they are not permitted to access.
            The default forbid scheme can be configured using <see cref="P:Microsoft.AspNetCore.Authentication.AuthenticationOptions.DefaultForbidScheme"/>.
             | 百度译文：使用默认禁止方案禁止当前请求。当经过身份验证的用户试图访问他们不允许访问的资源时，使用Forbid。可以使用<see cref="P:Microsoft.AspNetCore.Authentication.A.公司AuthenticationOptions.DefaultForbidScheme"/>.
            </summary>
            <param name="context">The <see cref="T:Microsoft.AspNetCore.Http.HttpContext"/> context.</param>
            <param name="properties">The <see cref="T:Microsoft.AspNetCore.Authentication.AuthenticationProperties"/> properties.</param>
            <returns>The task.</returns>
        </member>
        <member name="M:Microsoft.AspNetCore.Authentication.AuthenticationHttpContextExtensions.ForbidAsync(Microsoft.AspNetCore.Http.HttpContext,System.String,Microsoft.AspNetCore.Authentication.AuthenticationProperties)">
            <summary>
            Forbid the current request using the specified scheme.
            Forbid is used when an authenticated user attempts to access a resource they are not permitted to access.
             | 百度译文：禁止使用指定方案的当前请求。当经过身份验证的用户试图访问他们不允许访问的资源时，使用Forbid。
            </summary>
            <param name="context">The <see cref="T:Microsoft.AspNetCore.Http.HttpContext"/> context.</param>
            <param name="scheme">The name of the authentication scheme.</param>
            <param name="properties">The <see cref="T:Microsoft.AspNetCore.Authentication.AuthenticationProperties"/> properties.</param>
            <returns>The task.</returns>
        </member>
        <member name="M:Microsoft.AspNetCore.Authentication.AuthenticationHttpContextExtensions.SignInAsync(Microsoft.AspNetCore.Http.HttpContext,System.String,System.Security.Claims.ClaimsPrincipal)">
            <summary>
            Sign in a principal for the specified scheme.
             | 百度译文：登录指定方案的主体。
            </summary>
            <param name="context">The <see cref="T:Microsoft.AspNetCore.Http.HttpContext"/> context.</param>
            <param name="scheme">The name of the authentication scheme.</param>
            <param name="principal">The user.</param>
            <returns>The task.</returns>
        </member>
        <member name="M:Microsoft.AspNetCore.Authentication.AuthenticationHttpContextExtensions.SignInAsync(Microsoft.AspNetCore.Http.HttpContext,System.Security.Claims.ClaimsPrincipal)">
            <summary>
            Sign in a principal for the default authentication scheme.
            The default scheme for signing in can be configured using <see cref="P:Microsoft.AspNetCore.Authentication.AuthenticationOptions.DefaultSignInScheme"/>.
             | 百度译文：为默认身份验证方案登录主体。可以使用<see cref="P:Microsoft.AspNetCore.Authentication.A.公司AuthenticationOptions.DefaultSignInScheme"/>.
            </summary>
            <param name="context">The <see cref="T:Microsoft.AspNetCore.Http.HttpContext"/> context.</param>
            <param name="principal">The user.</param>
            <returns>The task.</returns>
        </member>
        <member name="M:Microsoft.AspNetCore.Authentication.AuthenticationHttpContextExtensions.SignInAsync(Microsoft.AspNetCore.Http.HttpContext,System.Security.Claims.ClaimsPrincipal,Microsoft.AspNetCore.Authentication.AuthenticationProperties)">
            <summary>
            Sign in a principal for the default authentication scheme.
            The default scheme for signing in can be configured using <see cref="P:Microsoft.AspNetCore.Authentication.AuthenticationOptions.DefaultForbidScheme"/>.
             | 百度译文：为默认身份验证方案登录主体。可以使用<see cref="P:Microsoft.AspNetCore.Authentication.A.公司AuthenticationOptions.DefaultForbidScheme"/>.
            </summary>
            <param name="context">The <see cref="T:Microsoft.AspNetCore.Http.HttpContext"/> context.</param>
            <param name="principal">The user.</param>
            <param name="properties">The <see cref="T:Microsoft.AspNetCore.Authentication.AuthenticationProperties"/> properties.</param>
            <returns>The task.</returns>
        </member>
        <member name="M:Microsoft.AspNetCore.Authentication.AuthenticationHttpContextExtensions.SignInAsync(Microsoft.AspNetCore.Http.HttpContext,System.String,System.Security.Claims.ClaimsPrincipal,Microsoft.AspNetCore.Authentication.AuthenticationProperties)">
            <summary>
            Sign in a principal for the specified scheme.
             | 百度译文：登录指定方案的主体。
            </summary>
            <param name="context">The <see cref="T:Microsoft.AspNetCore.Http.HttpContext"/> context.</param>
            <param name="scheme">The name of the authentication scheme.</param>
            <param name="principal">The user.</param>
            <param name="properties">The <see cref="T:Microsoft.AspNetCore.Authentication.AuthenticationProperties"/> properties.</param>
            <returns>The task.</returns>
        </member>
        <member name="M:Microsoft.AspNetCore.Authentication.AuthenticationHttpContextExtensions.SignOutAsync(Microsoft.AspNetCore.Http.HttpContext)">
            <summary>
            Sign out a principal for the default authentication scheme.
            The default scheme for signing out can be configured using <see cref="P:Microsoft.AspNetCore.Authentication.AuthenticationOptions.DefaultSignOutScheme"/>.
             | 百度译文：注销默认身份验证方案的主体。可以使用<see cref="P:Microsoft.AspNetCore.Authentication.A.公司AuthenticationOptions.DefaultSignOutScheme"/>.
            </summary>
            <param name="context">The <see cref="T:Microsoft.AspNetCore.Http.HttpContext"/> context.</param>
            <returns>The task.</returns>
        </member>
        <member name="M:Microsoft.AspNetCore.Authentication.AuthenticationHttpContextExtensions.SignOutAsync(Microsoft.AspNetCore.Http.HttpContext,Microsoft.AspNetCore.Authentication.AuthenticationProperties)">
            <summary>
            Sign out a principal for the default authentication scheme.
            The default scheme for signing out can be configured using <see cref="P:Microsoft.AspNetCore.Authentication.AuthenticationOptions.DefaultSignOutScheme"/>.
             | 百度译文：注销默认身份验证方案的主体。可以使用<see cref="P:Microsoft.AspNetCore.Authentication.A.公司AuthenticationOptions.DefaultSignOutScheme"/>.
            </summary>
            <param name="context">The <see cref="T:Microsoft.AspNetCore.Http.HttpContext"/> context.</param>
            <param name="properties">The <see cref="T:Microsoft.AspNetCore.Authentication.AuthenticationProperties"/> properties.</param>
            <returns>The task.</returns>
        </member>
        <member name="M:Microsoft.AspNetCore.Authentication.AuthenticationHttpContextExtensions.SignOutAsync(Microsoft.AspNetCore.Http.HttpContext,System.String)">
            <summary>
            Sign out a principal for the specified scheme.
             | 百度译文：签出指定计划的负责人。
            </summary>
            <param name="context">The <see cref="T:Microsoft.AspNetCore.Http.HttpContext"/> context.</param>
            <param name="scheme">The name of the authentication scheme.</param>
            <returns>The task.</returns>
        </member>
        <member name="M:Microsoft.AspNetCore.Authentication.AuthenticationHttpContextExtensions.SignOutAsync(Microsoft.AspNetCore.Http.HttpContext,System.String,Microsoft.AspNetCore.Authentication.AuthenticationProperties)">
            <summary>
            Sign out a principal for the specified scheme.
             | 百度译文：签出指定计划的负责人。
            </summary>
            <param name="context">The <see cref="T:Microsoft.AspNetCore.Http.HttpContext"/> context.</param>
            <param name="scheme">The name of the authentication scheme.</param>
            <param name="properties">The <see cref="T:Microsoft.AspNetCore.Authentication.AuthenticationProperties"/> properties.</param>
            <returns>The task.</returns>
        </member>
        <member name="M:Microsoft.AspNetCore.Authentication.AuthenticationHttpContextExtensions.GetTokenAsync(Microsoft.AspNetCore.Http.HttpContext,System.String,System.String)">
            <summary>
            Authenticates the request using the specified scheme and returns the value for the token.
             | 百度译文：使用指定的方案验证请求并返回令牌的值。
            </summary>
            <param name="context">The <see cref="T:Microsoft.AspNetCore.Http.HttpContext"/> context.</param>
            <param name="scheme">The name of the authentication scheme.</param>
            <param name="tokenName">The name of the token.</param>
            <returns>The value of the token if present.</returns>
        </member>
        <member name="M:Microsoft.AspNetCore.Authentication.AuthenticationHttpContextExtensions.GetTokenAsync(Microsoft.AspNetCore.Http.HttpContext,System.String)">
            <summary>
            Authenticates the request using the default authentication scheme and returns the value for the token.
            The default authentication scheme can be configured using <see cref="P:Microsoft.AspNetCore.Authentication.AuthenticationOptions.DefaultAuthenticateScheme"/>.
             | 百度译文：使用默认身份验证方案验证请求，并返回令牌的值。可以使用<see cref="P:Microsoft.AspNetCore.Authentication.AAuthenticationOptions.DefaultAuthenticateScheme"/>.
            </summary>
            <param name="context">The <see cref="T:Microsoft.AspNetCore.Http.HttpContext"/> context.</param>
            <param name="tokenName">The name of the token.</param>
            <returns>The value of the token if present.</returns>
        </member>
        <member name="T:Microsoft.AspNetCore.Authentication.AuthenticationOptions">
            <summary>
            Options to configure authentication.
             | 百度译文：配置身份验证的选项。
            </summary>
        </member>
        <member name="P:Microsoft.AspNetCore.Authentication.AuthenticationOptions.Schemes">
            <summary>
            Returns the schemes in the order they were added (important for request handling priority)
             | 百度译文：按添加顺序返回方案（对于请求处理优先级很重要）
            </summary>
        </member>
        <member name="P:Microsoft.AspNetCore.Authentication.AuthenticationOptions.SchemeMap">
            <summary>
            Maps schemes by name.
             | 百度译文：按名称映射方案。
            </summary>
        </member>
        <member name="M:Microsoft.AspNetCore.Authentication.AuthenticationOptions.AddScheme(System.String,System.Action{Microsoft.AspNetCore.Authentication.AuthenticationSchemeBuilder})">
            <summary>
            Adds an <see cref="T:Microsoft.AspNetCore.Authentication.AuthenticationScheme"/>.
             | 百度译文：添加<see cref="T:Microsoft.AspNetCore.Authentication.AuthenticationScheme"/>。
            </summary>
            <param name="name">The name of the scheme being added.</param>
            <param name="configureBuilder">Configures the scheme.</param>
        </member>
        <member name="M:Microsoft.AspNetCore.Authentication.AuthenticationOptions.AddScheme``1(System.String,System.String)">
            <summary>
            Adds an <see cref="T:Microsoft.AspNetCore.Authentication.AuthenticationScheme"/>.
             | 百度译文：添加<see cref="T:Microsoft.AspNetCore.Authentication.AuthenticationScheme"/>。
            </summary>
            <typeparam name="THandler">The <see cref="T:Microsoft.AspNetCore.Authentication.IAuthenticationHandler"/> responsible for the scheme.</typeparam>
            <param name="name">The name of the scheme being added.</param>
            <param name="displayName">The display name for the scheme.</param>
        </member>
        <member name="P:Microsoft.AspNetCore.Authentication.AuthenticationOptions.DefaultScheme">
            <summary>
            Used as the fallback default scheme for all the other defaults.
             | 百度译文：用作所有其他默认设置的备用默认方案。
            </summary>
        </member>
        <member name="P:Microsoft.AspNetCore.Authentication.AuthenticationOptions.DefaultAuthenticateScheme">
            <summary>
            Used as the default scheme by <see cref="M:Microsoft.AspNetCore.Authentication.IAuthenticationService.AuthenticateAsync(Microsoft.AspNetCore.Http.HttpContext,System.String)"/>.
             | 百度译文：作为默认方案由<see cref="M:Microsoft.AspNetCore.Authentication.IA公司AuthenticationService.AuthenticateSync(Microsoft.AspNetCore.Http.HttpContext，系统字符串)"/>.
            </summary>
        </member>
        <member name="P:Microsoft.AspNetCore.Authentication.AuthenticationOptions.DefaultSignInScheme">
            <summary>
            Used as the default scheme by <see cref="M:Microsoft.AspNetCore.Authentication.IAuthenticationService.SignInAsync(Microsoft.AspNetCore.Http.HttpContext,System.String,System.Security.Claims.ClaimsPrincipal,Microsoft.AspNetCore.Authentication.AuthenticationProperties)"/>.
             | 百度译文：作为默认方案由<see cref="M:Microsoft.AspNetCore.Authentication.IA公司AuthenticationService.SignInAsync(Microsoft.AspNetCore.Http.HttpContext，系统字符串,系统安全索赔.索赔精神，Microsoft.AspNetCore.Authentication.AuthenticationProperties）"/>。
            </summary>
        </member>
        <member name="P:Microsoft.AspNetCore.Authentication.AuthenticationOptions.DefaultSignOutScheme">
            <summary>
            Used as the default scheme by <see cref="M:Microsoft.AspNetCore.Authentication.IAuthenticationService.SignOutAsync(Microsoft.AspNetCore.Http.HttpContext,System.String,Microsoft.AspNetCore.Authentication.AuthenticationProperties)"/>.
             | 百度译文：作为默认方案由<see cref="M:Microsoft.AspNetCore.Authentication.IA公司AuthenticationService.SignOutAsync(Microsoft.AspNetCore.Http.HttpContext，系统字符串,Microsoft.AspNetCore.Authentication.AuthenticationProperties）"/>。
            </summary>
        </member>
        <member name="P:Microsoft.AspNetCore.Authentication.AuthenticationOptions.DefaultChallengeScheme">
            <summary>
            Used as the default scheme by <see cref="M:Microsoft.AspNetCore.Authentication.IAuthenticationService.ChallengeAsync(Microsoft.AspNetCore.Http.HttpContext,System.String,Microsoft.AspNetCore.Authentication.AuthenticationProperties)"/>.
             | 百度译文：作为默认方案由<see cref="M:Microsoft.AspNetCore.Authentication.IA公司AuthenticationService.ChallengeAsync(Microsoft.AspNetCore.Http.HttpContext，系统字符串,Microsoft.AspNetCore.Authentication.AuthenticationProperties）"/>。
            </summary>
        </member>
        <member name="P:Microsoft.AspNetCore.Authentication.AuthenticationOptions.DefaultForbidScheme">
            <summary>
            Used as the default scheme by <see cref="M:Microsoft.AspNetCore.Authentication.IAuthenticationService.ForbidAsync(Microsoft.AspNetCore.Http.HttpContext,System.String,Microsoft.AspNetCore.Authentication.AuthenticationProperties)"/>.
             | 百度译文：作为默认方案由<see cref="M:Microsoft.AspNetCore.Authentication.IA公司AuthenticationService.ForbidAsync(Microsoft.AspNetCore.Http.HttpContext，系统字符串,Microsoft.AspNetCore.Authentication.AuthenticationProperties）"/>。
            </summary>
        </member>
        <member name="P:Microsoft.AspNetCore.Authentication.AuthenticationOptions.RequireAuthenticatedSignIn">
            <summary>
            If true, SignIn should throw if attempted with a user is not authenticated.
            A user is considered authenticated if <see cref="P:System.Security.Claims.ClaimsIdentity.IsAuthenticated"/> returns <see langword="true" /> for the <see cref="T:System.Security.Claims.ClaimsPrincipal"/> associated with the HTTP request.
             | 百度译文：如果为true，则SignIn应在用户未通过身份验证的情况下引发。如果<see cref="P:系统安全索赔.索赔实体。已验证"/>返回<see langword="true"/>对于<see cref="T:系统安全索赔.ClaimsPrincipal"/>与HTTP请求关联。
            </summary>
        </member>
        <member name="T:Microsoft.AspNetCore.Authentication.AuthenticationProperties">
            <summary>
            Dictionary used to store state values about the authentication session.
             | 百度译文：用于存储状态字典值的身份验证字典。
            </summary>
        </member>
        <member name="M:Microsoft.AspNetCore.Authentication.AuthenticationProperties.#ctor">
            <summary>
            Initializes a new instance of the <see cref="T:Microsoft.AspNetCore.Authentication.AuthenticationProperties"/> class.
             | 百度译文：初始化的新实例<see cref="T:Microsoft.AspNetCore.Authentication.AuthenticationProperties"/>类。
            </summary>
        </member>
        <member name="M:Microsoft.AspNetCore.Authentication.AuthenticationProperties.#ctor(System.Collections.Generic.IDictionary{System.String,System.String})">
            <summary>
            Initializes a new instance of the <see cref="T:Microsoft.AspNetCore.Authentication.AuthenticationProperties"/> class.
             | 百度译文：初始化的新实例<see cref="T:Microsoft.AspNetCore.Authentication.AuthenticationProperties"/>类。
            </summary>
            <param name="items">State values dictionary to use.</param>
        </member>
        <member name="M:Microsoft.AspNetCore.Authentication.AuthenticationProperties.#ctor(System.Collections.Generic.IDictionary{System.String,System.String},System.Collections.Generic.IDictionary{System.String,System.Object})">
            <summary>
            Initializes a new instance of the <see cref="T:Microsoft.AspNetCore.Authentication.AuthenticationProperties"/> class.
             | 百度译文：初始化的新实例<see cref="T:Microsoft.AspNetCore.Authentication.AuthenticationProperties"/>类。
            </summary>
            <param name="items">State values dictionary to use.</param>
            <param name="parameters">Parameters dictionary to use.</param>
        </member>
        <member name="M:Microsoft.AspNetCore.Authentication.AuthenticationProperties.Clone">
            <summary>
            Return a copy.
             | 百度译文：返回一份副本。
            </summary>
            <returns>A copy.</returns>
        </member>
        <member name="P:Microsoft.AspNetCore.Authentication.AuthenticationProperties.Items">
            <summary>
            State values about the authentication session.
             | 百度译文：关于身份验证会话的状态值。
            </summary>
        </member>
        <member name="P:Microsoft.AspNetCore.Authentication.AuthenticationProperties.Parameters">
            <summary>
            Collection of parameters that are passed to the authentication handler. These are not intended for
            serialization or persistence, only for flowing data between call sites.
             | 百度译文：传递给身份验证处理程序的参数集合。它们不用于序列化或持久化，只用于调用站点之间的数据流。
            </summary>
        </member>
        <member name="P:Microsoft.AspNetCore.Authentication.AuthenticationProperties.IsPersistent">
            <summary>
            Gets or sets whether the authentication session is persisted across multiple requests.
             | 百度译文：获取或设置身份验证会话是否跨多个请求持久化。
            </summary>
        </member>
        <member name="P:Microsoft.AspNetCore.Authentication.AuthenticationProperties.RedirectUri">
            <summary>
            Gets or sets the full path or absolute URI to be used as an http redirect response value.
             | 百度译文：获取或设置要用作http重定向响应值的完整路径或绝对URI。
            </summary>
        </member>
        <member name="P:Microsoft.AspNetCore.Authentication.AuthenticationProperties.IssuedUtc">
            <summary>
            Gets or sets the time at which the authentication ticket was issued.
             | 百度译文：获取或设置颁发身份验证票证的时间。
            </summary>
        </member>
        <member name="P:Microsoft.AspNetCore.Authentication.AuthenticationProperties.ExpiresUtc">
            <summary>
            Gets or sets the time at which the authentication ticket expires.
             | 百度译文：获取或设置身份验证票证的过期时间。
            </summary>
        </member>
        <member name="P:Microsoft.AspNetCore.Authentication.AuthenticationProperties.AllowRefresh">
            <summary>
            Gets or sets if refreshing the authentication session should be allowed.
             | 百度译文：获取或设置是否应允许刷新身份验证会话。
            </summary>
        </member>
        <member name="M:Microsoft.AspNetCore.Authentication.AuthenticationProperties.GetString(System.String)">
            <summary>
            Get a string value from the <see cref="P:Microsoft.AspNetCore.Authentication.AuthenticationProperties.Items"/> collection.
             | 百度译文：从<see cref="P:Microsoft.AspNetCore.Authentication.认证诱惑属性。项"/>收藏。
            </summary>
            <param name="key">Property key.</param>
            <returns>Retrieved value or <c>null</c> if the property is not set.</returns>
        </member>
        <member name="M:Microsoft.AspNetCore.Authentication.AuthenticationProperties.SetString(System.String,System.String)">
            <summary>
            Set or remove a string value from the <see cref="P:Microsoft.AspNetCore.Authentication.AuthenticationProperties.Items"/> collection.
             | 百度译文：从中设置或删除字符串值<see cref="P:Microsoft.AspNetCore.Authentication.认证诱惑属性。项"/>收藏。
            </summary>
            <param name="key">Property key.</param>
            <param name="value">Value to set or <see langword="null" /> to remove the property.</param>
        </member>
        <member name="M:Microsoft.AspNetCore.Authentication.AuthenticationProperties.GetParameter``1(System.String)">
            <summary>
            Get a parameter from the <see cref="P:Microsoft.AspNetCore.Authentication.AuthenticationProperties.Parameters"/> collection.
             | 百度译文：从<see cref="P:Microsoft.AspNetCore.Authentication.认证诱惑属性。参数"/>收藏。
            </summary>
            <typeparam name="T">Parameter type.</typeparam>
            <param name="key">Parameter key.</param>
            <returns>Retrieved value or the default value if the property is not set.</returns>
        </member>
        <member name="M:Microsoft.AspNetCore.Authentication.AuthenticationProperties.SetParameter``1(System.String,``0)">
            <summary>
            Set a parameter value in the <see cref="P:Microsoft.AspNetCore.Authentication.AuthenticationProperties.Parameters"/> collection.
             | 百度译文：在<see cref="P:Microsoft.AspNetCore.Authentication.认证诱惑属性。参数"/>收藏。
            </summary>
            <typeparam name="T">Parameter type.</typeparam>
            <param name="key">Parameter key.</param>
            <param name="value">Value to set.</param>
        </member>
        <member name="M:Microsoft.AspNetCore.Authentication.AuthenticationProperties.GetBool(System.String)">
            <summary>
            Get a nullable <see cref="T:System.Boolean"/> from the <see cref="P:Microsoft.AspNetCore.Authentication.AuthenticationProperties.Items"/> collection.
             | 百度译文：获取一个可为null的<see cref="T:系统。布尔值"/>来自<see cref="P:Microsoft.AspNetCore.Authentication.认证诱惑属性。项"/>收藏。
            </summary>
            <param name="key">Property key.</param>
            <returns>Retrieved value or <see langword="null" /> if the property is not set.</returns>
        </member>
        <member name="M:Microsoft.AspNetCore.Authentication.AuthenticationProperties.SetBool(System.String,System.Nullable{System.Boolean})">
            <summary>
            Set or remove a <see cref="T:System.Boolean"/> value in the <see cref="P:Microsoft.AspNetCore.Authentication.AuthenticationProperties.Items"/> collection.
             | 百度译文：设置或删除系统。布尔值"/>中的值<see cref="P:Microsoft.AspNetCore.Authentication.认证诱惑属性。项"/>收藏。
            </summary>
            <param name="key">Property key.</param>
            <param name="value">Value to set or <see langword="null" /> to remove the property.</param>
        </member>
        <member name="M:Microsoft.AspNetCore.Authentication.AuthenticationProperties.GetDateTimeOffset(System.String)">
            <summary>
            Get a nullable <see cref="T:System.DateTimeOffset"/> value from the <see cref="P:Microsoft.AspNetCore.Authentication.AuthenticationProperties.Items"/> collection.
             | 百度译文：获取一个可为null的<see cref="T:System.DateTimeOffset"/>值来自<see cref="P:Microsoft.AspNetCore.Authentication.认证诱惑属性。项"/>收藏。
            </summary>
            <param name="key">Property key.</param>
            <returns>Retrieved value or <see langword="null" /> if the property is not set.</returns>
        </member>
        <member name="M:Microsoft.AspNetCore.Authentication.AuthenticationProperties.SetDateTimeOffset(System.String,System.Nullable{System.DateTimeOffset})">
            <summary>
            Sets or removes a <see cref="T:System.DateTimeOffset" /> value in the <see cref="P:Microsoft.AspNetCore.Authentication.AuthenticationProperties.Items"/> collection.
             | 百度译文：设置或删除System.DateTimeOffset"/>中的值<see cref="P:Microsoft.AspNetCore.Authentication.认证诱惑属性。项"/>收藏。
            </summary>
            <param name="key">Property key.</param>
            <param name="value">Value to set or <see langword="null" /> to remove the property.</param>
        </member>
        <member name="T:Microsoft.AspNetCore.Authentication.AuthenticationScheme">
            <summary>
            AuthenticationSchemes assign a name to a specific <see cref="T:Microsoft.AspNetCore.Authentication.IAuthenticationHandler"/>
            handlerType.
             | 百度译文：AuthenticationSchemes为特定的Microsoft.AspNetCore.Authentication.iaAuthenticationHandler"/>handlerType。
            </summary>
        </member>
        <member name="M:Microsoft.AspNetCore.Authentication.AuthenticationScheme.#ctor(System.String,System.String,System.Type)">
            <summary>
            Initializes a new instance of <see cref="T:Microsoft.AspNetCore.Authentication.AuthenticationScheme"/>.
             | 百度译文：初始化的新实例<see cref="T:Microsoft.AspNetCore.Authentication.AuthenticationScheme"/>。
            </summary>
            <param name="name">The name for the authentication scheme.</param>
            <param name="displayName">The display name for the authentication scheme.</param>
            <param name="handlerType">The <see cref="T:Microsoft.AspNetCore.Authentication.IAuthenticationHandler"/> type that handles this scheme.</param>
        </member>
        <member name="P:Microsoft.AspNetCore.Authentication.AuthenticationScheme.Name">
            <summary>
            The name of the authentication scheme.
             | 百度译文：身份验证方案的名称。
            </summary>
        </member>
        <member name="P:Microsoft.AspNetCore.Authentication.AuthenticationScheme.DisplayName">
            <summary>
            The display name for the scheme. Null is valid and used for non user facing schemes.
             | 百度译文：方案的显示名称。Null有效，用于非面向用户的方案。
            </summary>
        </member>
        <member name="P:Microsoft.AspNetCore.Authentication.AuthenticationScheme.HandlerType">
            <summary>
            The <see cref="T:Microsoft.AspNetCore.Authentication.IAuthenticationHandler"/> type that handles this scheme.
             | 百度译文：<see cref="T:Microsoft.AspNetCore.Authentication.iaAuthenticationHandler"/>处理此方案的类型。
            </summary>
        </member>
        <member name="T:Microsoft.AspNetCore.Authentication.AuthenticationSchemeBuilder">
            <summary>
            Used to build <see cref="T:Microsoft.AspNetCore.Authentication.AuthenticationScheme"/>s.
             | 百度译文：用于构建<see cref="T:Microsoft.AspNetCore.Authentication.AuthenticationScheme"/>s。
            </summary>
        </member>
        <member name="M:Microsoft.AspNetCore.Authentication.AuthenticationSchemeBuilder.#ctor(System.String)">
            <summary>
            Constructor.
             | 百度译文：建造师。
            </summary>
            <param name="name">The name of the scheme being built.</param>
        </member>
        <member name="P:Microsoft.AspNetCore.Authentication.AuthenticationSchemeBuilder.Name">
            <summary>
            Gets the name of the scheme being built.
             | 百度译文：获取正在生成的方案的名称。
            </summary>
        </member>
        <member name="P:Microsoft.AspNetCore.Authentication.AuthenticationSchemeBuilder.DisplayName">
            <summary>
            Gets or sets the display name for the scheme being built.
             | 百度译文：获取或设置正在生成的方案的显示名称。
            </summary>
        </member>
        <member name="P:Microsoft.AspNetCore.Authentication.AuthenticationSchemeBuilder.HandlerType">
            <summary>
            Gets or sets the <see cref="T:Microsoft.AspNetCore.Authentication.IAuthenticationHandler"/> type responsible for this scheme.
             | 百度译文：获取或设置<see cref="T:Microsoft.AspNetCore.Authentication负责此身份验证方案"/>。
            </summary>
        </member>
        <member name="M:Microsoft.AspNetCore.Authentication.AuthenticationSchemeBuilder.Build">
            <summary>
            Builds the <see cref="T:Microsoft.AspNetCore.Authentication.AuthenticationScheme"/> instance.
             | 百度译文：构建<see cref="T:Microsoft.AspNetCore.Authentication.AuthenticationScheme"/>实例。
            </summary>
            <returns>The <see cref="T:Microsoft.AspNetCore.Authentication.AuthenticationScheme"/>.</returns>
        </member>
        <member name="T:Microsoft.AspNetCore.Authentication.AuthenticationTicket">
            <summary>
            Contains user identity information as well as additional authentication state.
             | 百度译文：包含用户身份信息以及其他身份验证状态。
            </summary>
        </member>
        <member name="M:Microsoft.AspNetCore.Authentication.AuthenticationTicket.#ctor(System.Security.Claims.ClaimsPrincipal,Microsoft.AspNetCore.Authentication.AuthenticationProperties,System.String)">
            <summary>
            Initializes a new instance of the <see cref="T:Microsoft.AspNetCore.Authentication.AuthenticationTicket"/> class
             | 百度译文：初始化的新实例<see cref="T:Microsoft.AspNetCore.Authentication.AuthenticationTicket"/>类
            </summary>
            <param name="principal">the <see cref="T:System.Security.Claims.ClaimsPrincipal"/> that represents the authenticated user.</param>
            <param name="properties">additional properties that can be consumed by the user or runtime.</param>
            <param name="authenticationScheme">the authentication scheme that was responsible for this ticket.</param>
        </member>
        <member name="M:Microsoft.AspNetCore.Authentication.AuthenticationTicket.#ctor(System.Security.Claims.ClaimsPrincipal,System.String)">
            <summary>
            Initializes a new instance of the <see cref="T:Microsoft.AspNetCore.Authentication.AuthenticationTicket"/> class
             | 百度译文：初始化的新实例<see cref="T:Microsoft.AspNetCore.Authentication.AuthenticationTicket"/>类
            </summary>
            <param name="principal">the <see cref="T:System.Security.Claims.ClaimsPrincipal"/> that represents the authenticated user.</param>
            <param name="authenticationScheme">the authentication scheme that was responsible for this ticket.</param>
        </member>
        <member name="P:Microsoft.AspNetCore.Authentication.AuthenticationTicket.AuthenticationScheme">
            <summary>
            Gets the authentication scheme that was responsible for this ticket.
             | 百度译文：获取负责此票证的身份验证方案。
            </summary>
        </member>
        <member name="P:Microsoft.AspNetCore.Authentication.AuthenticationTicket.Principal">
            <summary>
            Gets the claims-principal with authenticated user identities.
             | 百度译文：获取具有经过身份验证的用户标识的声明主体。
            </summary>
        </member>
        <member name="P:Microsoft.AspNetCore.Authentication.AuthenticationTicket.Properties">
            <summary>
            Additional state values for the authentication session.
             | 百度译文：身份验证会话的其他状态值。
            </summary>
        </member>
        <member name="M:Microsoft.AspNetCore.Authentication.AuthenticationTicket.Clone">
            <summary>
            Returns a copy of the ticket.
             | 百度译文：返回票证的副本。
            </summary>
            <remarks>
            The method clones the <see cref="P:Microsoft.AspNetCore.Authentication.AuthenticationTicket.Principal"/> by calling <see cref="M:System.Security.Claims.ClaimsIdentity.Clone"/> on each of the <see cref="P:System.Security.Claims.ClaimsPrincipal.Identities"/>.
            </remarks>
            <returns>A copy of the ticket</returns>
        </member>
        <member name="T:Microsoft.AspNetCore.Authentication.AuthenticationToken">
            <summary>
            Name/Value representing a token.
             | 百度译文：表示令牌的名称/值。
            </summary>
        </member>
        <member name="P:Microsoft.AspNetCore.Authentication.AuthenticationToken.Name">
            <summary>
            Name.
             | 百度译文：姓名。
            </summary>
        </member>
        <member name="P:Microsoft.AspNetCore.Authentication.AuthenticationToken.Value">
            <summary>
            Value.
             | 百度译文：价值观。
            </summary>
        </member>
        <member name="T:Microsoft.AspNetCore.Authentication.IAuthenticationFeature">
            <summary>
            Used to capture path info so redirects can be computed properly within an app.Map().
             | 百度译文：用于捕获路径信息，以便可以在应用地图().
            </summary>
        </member>
        <member name="P:Microsoft.AspNetCore.Authentication.IAuthenticationFeature.OriginalPathBase">
            <summary>
            The original path base.
             | 百度译文：原始路径基。
            </summary>
        </member>
        <member name="P:Microsoft.AspNetCore.Authentication.IAuthenticationFeature.OriginalPath">
            <summary>
            The original path.
             | 百度译文：原始路径。
            </summary>
        </member>
        <member name="T:Microsoft.AspNetCore.Authentication.IAuthenticationHandler">
            <summary>
            Created per request to handle authentication for to a particular scheme.
             | 百度译文：根据请求创建，以处理对特定方案的身份验证。
            </summary>
        </member>
        <member name="M:Microsoft.AspNetCore.Authentication.IAuthenticationHandler.InitializeAsync(Microsoft.AspNetCore.Authentication.AuthenticationScheme,Microsoft.AspNetCore.Http.HttpContext)">
            <summary>
            Initialize the authentication handler. The handler should initialize anything it needs from the request and scheme as part of this method.
             | 百度译文：初始化身份验证处理程序。作为此方法的一部分，处理程序应该从请求和方案中初始化所需的任何内容。
            </summary>
            <param name="scheme">The <see cref="T:Microsoft.AspNetCore.Authentication.AuthenticationScheme"/> scheme.</param>
            <param name="context">The <see cref="T:Microsoft.AspNetCore.Http.HttpContext"/> context.</param>
        </member>
        <member name="M:Microsoft.AspNetCore.Authentication.IAuthenticationHandler.AuthenticateAsync">
            <summary>
            Authenticate the current request.
             | 百度译文：验证当前请求。
            </summary>
            <returns>The <see cref="T:Microsoft.AspNetCore.Authentication.AuthenticateResult"/> result.</returns>
        </member>
        <member name="M:Microsoft.AspNetCore.Authentication.IAuthenticationHandler.ChallengeAsync(Microsoft.AspNetCore.Authentication.AuthenticationProperties)">
            <summary>
            Challenge the current request.
             | 百度译文：质疑当前请求。
            </summary>
            <param name="properties">The <see cref="T:Microsoft.AspNetCore.Authentication.AuthenticationProperties"/> that contains the extra meta-data arriving with the authentication.</param>
        </member>
        <member name="M:Microsoft.AspNetCore.Authentication.IAuthenticationHandler.ForbidAsync(Microsoft.AspNetCore.Authentication.AuthenticationProperties)">
            <summary>
            Forbid the current request.
             | 百度译文：禁止当前请求。
            </summary>
            <param name="properties">The <see cref="T:Microsoft.AspNetCore.Authentication.AuthenticationProperties"/> that contains the extra meta-data arriving with the authentication.</param>
        </member>
        <member name="T:Microsoft.AspNetCore.Authentication.IAuthenticationHandlerProvider">
            <summary>
            Provides the appropriate IAuthenticationHandler instance for the authenticationScheme and request.
             | 百度译文：为authenticationScheme和请求提供适当的IAAuthenticationHandler实例。
            </summary>
        </member>
        <member name="M:Microsoft.AspNetCore.Authentication.IAuthenticationHandlerProvider.GetHandlerAsync(Microsoft.AspNetCore.Http.HttpContext,System.String)">
            <summary>
            Returns the handler instance that will be used.
             | 百度译文：返回将要使用的处理程序实例。
            </summary>
            <param name="context">The <see cref="T:Microsoft.AspNetCore.Http.HttpContext"/>.</param>
            <param name="authenticationScheme">The name of the authentication scheme being handled.</param>
            <returns>The handler instance.</returns>
        </member>
        <member name="T:Microsoft.AspNetCore.Authentication.IAuthenticationRequestHandler">
            <summary>
            Used to determine if a handler wants to participate in request processing.
             | 百度译文：用于确定处理程序是否要参与请求处理。
            </summary>
        </member>
        <member name="M:Microsoft.AspNetCore.Authentication.IAuthenticationRequestHandler.HandleRequestAsync">
            <summary>
            Gets a value that determines if the request should stop being processed.
            <para>
            This feature is supported by the Authentication middleware
            which does not invoke any subsequent <see cref="T:Microsoft.AspNetCore.Authentication.IAuthenticationHandler"/> or middleware configured in the request pipeline
            if the handler returns <see langword="true" />.
            </para>
             | 百度译文：获取一个值，该值确定是否应停止处理请求。<para>认证中间件支持此功能，它不会调用任何后续<see cref="T:Microsoft.AspNetCore.Authentication.IAuthenticationHandler"/>或请求管道中配置的中间件（如果处理程序返回<see langword="true"/>）。</para>
            </summary>
            <returns><see langword="true" /> if request processing should stop.</returns>
        </member>
        <member name="T:Microsoft.AspNetCore.Authentication.IAuthenticationSchemeProvider">
            <summary>
            Responsible for managing what authenticationSchemes are supported.
             | 百度译文：负责管理支持哪些身份验证方案。
            </summary>
        </member>
        <member name="M:Microsoft.AspNetCore.Authentication.IAuthenticationSchemeProvider.GetAllSchemesAsync">
            <summary>
            Returns all currently registered <see cref="T:Microsoft.AspNetCore.Authentication.AuthenticationScheme"/>s.
             | 百度译文：返回所有当前注册的<see cref="T:Microsoft.AspNetCore.Authentication.AuthenticationScheme"/>s。
            </summary>
            <returns>All currently registered <see cref="T:Microsoft.AspNetCore.Authentication.AuthenticationScheme"/>s.</returns>
        </member>
        <member name="M:Microsoft.AspNetCore.Authentication.IAuthenticationSchemeProvider.GetSchemeAsync(System.String)">
            <summary>
            Returns the <see cref="T:Microsoft.AspNetCore.Authentication.AuthenticationScheme"/> matching the name, or null.
             | 百度译文：返回<see cref="T:Microsoft.AspNetCore.Authentication.AuthenticationScheme"/>与名称匹配，或为空。
            </summary>
            <param name="name">The name of the authenticationScheme.</param>
            <returns>The scheme or null if not found.</returns>
        </member>
        <member name="M:Microsoft.AspNetCore.Authentication.IAuthenticationSchemeProvider.GetDefaultAuthenticateSchemeAsync">
            <summary>
            Returns the scheme that will be used by default for <see cref="M:Microsoft.AspNetCore.Authentication.IAuthenticationService.AuthenticateAsync(Microsoft.AspNetCore.Http.HttpContext,System.String)"/>.
            This is typically specified via <see cref="P:Microsoft.AspNetCore.Authentication.AuthenticationOptions.DefaultAuthenticateScheme"/>.
            Otherwise, this will fallback to <see cref="P:Microsoft.AspNetCore.Authentication.AuthenticationOptions.DefaultScheme"/>.
             | 百度译文：返回默认情况下将用于<see cref="M:Microsoft.AspNetCore.Authentication.IA公司AuthenticationService.AuthenticateSync(Microsoft.AspNetCore.Http.HttpContext，系统字符串)"/>.            这通常通过<see cref="P:Microsoft.AspNetCore.Authentication.A.公司AuthenticationOptions.DefaultAuthenticateScheme"/>.            否则，这将回退到<see cref="P:Microsoft.AspNetCore.Authentication.A.公司AuthenticationOptions.DefaultScheme"/>.
            </summary>
            <returns>The scheme that will be used by default for <see cref="M:Microsoft.AspNetCore.Authentication.IAuthenticationService.AuthenticateAsync(Microsoft.AspNetCore.Http.HttpContext,System.String)"/>.</returns>
        </member>
        <member name="M:Microsoft.AspNetCore.Authentication.IAuthenticationSchemeProvider.GetDefaultChallengeSchemeAsync">
            <summary>
            Returns the scheme that will be used by default for <see cref="M:Microsoft.AspNetCore.Authentication.IAuthenticationService.ChallengeAsync(Microsoft.AspNetCore.Http.HttpContext,System.String,Microsoft.AspNetCore.Authentication.AuthenticationProperties)"/>.
            This is typically specified via <see cref="P:Microsoft.AspNetCore.Authentication.AuthenticationOptions.DefaultChallengeScheme"/>.
            Otherwise, this will fallback to <see cref="P:Microsoft.AspNetCore.Authentication.AuthenticationOptions.DefaultScheme"/>.
             | 百度译文：返回默认情况下将用于<see cref="M:Microsoft.AspNetCore.Authentication.IA公司AuthenticationService.ChallengeAsync(Microsoft.AspNetCore.Http.HttpContext，系统字符串,Microsoft.AspNetCore.Authentication.AuthenticationProperties）"/>。这通常通过<see cref="P:Microsoft.AspNetCore.Authentication.A.公司AuthenticationOptions.DefaultChallengeScheme"/>.            否则，这将回退到<see cref="P:Microsoft.AspNetCore.Authentication.A.公司AuthenticationOptions.DefaultScheme"/>.
            </summary>
            <returns>The scheme that will be used by default for <see cref="M:Microsoft.AspNetCore.Authentication.IAuthenticationService.ChallengeAsync(Microsoft.AspNetCore.Http.HttpContext,System.String,Microsoft.AspNetCore.Authentication.AuthenticationProperties)"/>.</returns>
        </member>
        <member name="M:Microsoft.AspNetCore.Authentication.IAuthenticationSchemeProvider.GetDefaultForbidSchemeAsync">
            <summary>
            Returns the scheme that will be used by default for <see cref="M:Microsoft.AspNetCore.Authentication.IAuthenticationService.ForbidAsync(Microsoft.AspNetCore.Http.HttpContext,System.String,Microsoft.AspNetCore.Authentication.AuthenticationProperties)"/>.
            This is typically specified via <see cref="P:Microsoft.AspNetCore.Authentication.AuthenticationOptions.DefaultForbidScheme"/>.
            Otherwise, this will fallback to <see cref="M:Microsoft.AspNetCore.Authentication.IAuthenticationSchemeProvider.GetDefaultChallengeSchemeAsync"/> .
             | 百度译文：返回默认情况下将用于<see cref="M:Microsoft.AspNetCore.Authentication.IA公司AuthenticationService.ForbidAsync(Microsoft.AspNetCore.Http.HttpContext，系统字符串,Microsoft.AspNetCore.Authentication.AuthenticationProperties）"/>。这通常通过<see cref="P:Microsoft.AspNetCore.Authentication.A.公司AuthenticationOptions.DefaultForbidScheme"/>.            否则，这将回退到<see cref="M:Microsoft.AspNetCore.Authentication.IAuthenti公司cationSchemeProvider.GetDefaultChallengeSchemeAsync"/> .
            </summary>
            <returns>The scheme that will be used by default for <see cref="M:Microsoft.AspNetCore.Authentication.IAuthenticationService.ForbidAsync(Microsoft.AspNetCore.Http.HttpContext,System.String,Microsoft.AspNetCore.Authentication.AuthenticationProperties)"/>.</returns>
        </member>
        <member name="M:Microsoft.AspNetCore.Authentication.IAuthenticationSchemeProvider.GetDefaultSignInSchemeAsync">
            <summary>
            Returns the scheme that will be used by default for <see cref="M:Microsoft.AspNetCore.Authentication.IAuthenticationService.SignInAsync(Microsoft.AspNetCore.Http.HttpContext,System.String,System.Security.Claims.ClaimsPrincipal,Microsoft.AspNetCore.Authentication.AuthenticationProperties)"/>.
            This is typically specified via <see cref="P:Microsoft.AspNetCore.Authentication.AuthenticationOptions.DefaultSignInScheme"/>.
            Otherwise, this will fallback to <see cref="P:Microsoft.AspNetCore.Authentication.AuthenticationOptions.DefaultScheme"/>.
             | 百度译文：返回默认情况下将用于<see cref="M:Microsoft.AspNetCore.Authentication.IA公司AuthenticationService.SignInAsync(Microsoft.AspNetCore.Http.HttpContext，系统字符串,系统安全索赔.索赔精神，Microsoft.AspNetCore.Authentication.AuthenticationProperties）"/>。这通常通过<see cref="P:Microsoft.AspNetCore.Authentication.A.公司AuthenticationOptions.DefaultSignInScheme"/>.            否则，这将回退到<see cref="P:Microsoft.AspNetCore.Authentication.A.公司AuthenticationOptions.DefaultScheme"/>.
            </summary>
            <returns>The scheme that will be used by default for <see cref="M:Microsoft.AspNetCore.Authentication.IAuthenticationService.SignInAsync(Microsoft.AspNetCore.Http.HttpContext,System.String,System.Security.Claims.ClaimsPrincipal,Microsoft.AspNetCore.Authentication.AuthenticationProperties)"/>.</returns>
        </member>
        <member name="M:Microsoft.AspNetCore.Authentication.IAuthenticationSchemeProvider.GetDefaultSignOutSchemeAsync">
            <summary>
            Returns the scheme that will be used by default for <see cref="M:Microsoft.AspNetCore.Authentication.IAuthenticationService.SignOutAsync(Microsoft.AspNetCore.Http.HttpContext,System.String,Microsoft.AspNetCore.Authentication.AuthenticationProperties)"/>.
            This is typically specified via <see cref="P:Microsoft.AspNetCore.Authentication.AuthenticationOptions.DefaultSignOutScheme"/>.
            Otherwise, this will fallback to <see cref="M:Microsoft.AspNetCore.Authentication.IAuthenticationSchemeProvider.GetDefaultSignInSchemeAsync"/> .
             | 百度译文：返回默认情况下将用于<see cref="M:Microsoft.AspNetCore.Authentication.IA公司AuthenticationService.SignOutAsync(Microsoft.AspNetCore.Http.HttpContext，系统字符串,Microsoft.AspNetCore.Authentication.AuthenticationProperties）"/>。这通常通过<see cref="P:Microsoft.AspNetCore.Authentication.A.公司AuthenticationOptions.DefaultSignOutScheme"/>.            否则，这将回退到<see cref="M:Microsoft.AspNetCore.Authentication.IAuthenti公司cationSchemeProvider.GetDefaultSignInSchemeAsync"/> .
            </summary>
            <returns>The scheme that will be used by default for <see cref="M:Microsoft.AspNetCore.Authentication.IAuthenticationService.SignOutAsync(Microsoft.AspNetCore.Http.HttpContext,System.String,Microsoft.AspNetCore.Authentication.AuthenticationProperties)"/>.</returns>
        </member>
        <member name="M:Microsoft.AspNetCore.Authentication.IAuthenticationSchemeProvider.AddScheme(Microsoft.AspNetCore.Authentication.AuthenticationScheme)">
            <summary>
            Registers a scheme for use by <see cref="T:Microsoft.AspNetCore.Authentication.IAuthenticationService"/>. 
             | 百度译文：注册一个方案供<see cref="T:Microsoft.AspNetCore.Authentication.iaAuthenticationService"/>。
            </summary>
            <param name="scheme">The scheme.</param>
        </member>
        <member name="M:Microsoft.AspNetCore.Authentication.IAuthenticationSchemeProvider.TryAddScheme(Microsoft.AspNetCore.Authentication.AuthenticationScheme)">
            <summary>
            Registers a scheme for use by <see cref="T:Microsoft.AspNetCore.Authentication.IAuthenticationService"/>. 
             | 百度译文：注册一个方案供<see cref="T:Microsoft.AspNetCore.Authentication.iaAuthenticationService"/>。
            </summary>
            <param name="scheme">The scheme.</param>
            <returns>true if the scheme was added successfully.</returns>
        </member>
        <member name="M:Microsoft.AspNetCore.Authentication.IAuthenticationSchemeProvider.RemoveScheme(System.String)">
            <summary>
            Removes a scheme, preventing it from being used by <see cref="T:Microsoft.AspNetCore.Authentication.IAuthenticationService"/>.
             | 百度译文：删除一个方案，防止其被<see cref="T:Microsoft.AspNetCore.Authentication.iaAuthenticationService"/>。
            </summary>
            <param name="name">The name of the authenticationScheme being removed.</param>
        </member>
        <member name="M:Microsoft.AspNetCore.Authentication.IAuthenticationSchemeProvider.GetRequestHandlerSchemesAsync">
            <summary>
            Returns the schemes in priority order for request handling.
             | 百度译文：按请求处理的优先级顺序返回方案。
            </summary>
            <returns>The schemes in priority order for request handling</returns>
        </member>
        <member name="T:Microsoft.AspNetCore.Authentication.IAuthenticationService">
            <summary>
            Used to provide authentication.
             | 百度译文：用于提供身份验证。
            </summary>
        </member>
        <member name="M:Microsoft.AspNetCore.Authentication.IAuthenticationService.AuthenticateAsync(Microsoft.AspNetCore.Http.HttpContext,System.String)">
            <summary>
            Authenticate for the specified authentication scheme.
             | 百度译文：对指定的身份验证方案进行身份验证。
            </summary>
            <param name="context">The <see cref="T:Microsoft.AspNetCore.Http.HttpContext"/>.</param>
            <param name="scheme">The name of the authentication scheme.</param>
            <returns>The result.</returns>
        </member>
        <member name="M:Microsoft.AspNetCore.Authentication.IAuthenticationService.ChallengeAsync(Microsoft.AspNetCore.Http.HttpContext,System.String,Microsoft.AspNetCore.Authentication.AuthenticationProperties)">
            <summary>
            Challenge the specified authentication scheme.
            An authentication challenge can be issued when an unauthenticated user requests an endpoint that requires authentication.
             | 百度译文：质询指定的身份验证方案。当未经身份验证的用户请求需要身份验证的端点时，可以发出身份验证质询。
            </summary>
            <param name="context">The <see cref="T:Microsoft.AspNetCore.Http.HttpContext"/>.</param>
            <param name="scheme">The name of the authentication scheme.</param>
            <param name="properties">The <see cref="T:Microsoft.AspNetCore.Authentication.AuthenticationProperties"/>.</param>
            <returns>A task.</returns>
        </member>
        <member name="M:Microsoft.AspNetCore.Authentication.IAuthenticationService.ForbidAsync(Microsoft.AspNetCore.Http.HttpContext,System.String,Microsoft.AspNetCore.Authentication.AuthenticationProperties)">
            <summary>
            Forbids the specified authentication scheme.
            Forbid is used when an authenticated user attempts to access a resource they are not permitted to access.
             | 百度译文：禁止指定的身份验证方案。当经过身份验证的用户试图访问他们不允许访问的资源时，使用Forbid。
            </summary>
            <param name="context">The <see cref="T:Microsoft.AspNetCore.Http.HttpContext"/>.</param>
            <param name="scheme">The name of the authentication scheme.</param>
            <param name="properties">The <see cref="T:Microsoft.AspNetCore.Authentication.AuthenticationProperties"/>.</param>
            <returns>A task.</returns>
        </member>
        <member name="M:Microsoft.AspNetCore.Authentication.IAuthenticationService.SignInAsync(Microsoft.AspNetCore.Http.HttpContext,System.String,System.Security.Claims.ClaimsPrincipal,Microsoft.AspNetCore.Authentication.AuthenticationProperties)">
            <summary>
            Sign a principal in for the specified authentication scheme.
             | 百度译文：为指定的身份验证方案登录主体。
            </summary>
            <param name="context">The <see cref="T:Microsoft.AspNetCore.Http.HttpContext"/>.</param>
            <param name="scheme">The name of the authentication scheme.</param>
            <param name="principal">The <see cref="T:System.Security.Claims.ClaimsPrincipal"/> to sign in.</param>
            <param name="properties">The <see cref="T:Microsoft.AspNetCore.Authentication.AuthenticationProperties"/>.</param>
            <returns>A task.</returns>
        </member>
        <member name="M:Microsoft.AspNetCore.Authentication.IAuthenticationService.SignOutAsync(Microsoft.AspNetCore.Http.HttpContext,System.String,Microsoft.AspNetCore.Authentication.AuthenticationProperties)">
            <summary>
            Sign out the specified authentication scheme.
             | 百度译文：注销指定的身份验证方案。
            </summary>
            <param name="context">The <see cref="T:Microsoft.AspNetCore.Http.HttpContext"/>.</param>
            <param name="scheme">The name of the authentication scheme.</param>
            <param name="properties">The <see cref="T:Microsoft.AspNetCore.Authentication.AuthenticationProperties"/>.</param>
            <returns>A task.</returns>
        </member>
        <member name="T:Microsoft.AspNetCore.Authentication.IAuthenticationSignInHandler">
            <summary>
            Used to determine if a handler supports SignIn.
             | 百度译文：用于确定处理程序是否支持SignIn。
            </summary>
        </member>
        <member name="M:Microsoft.AspNetCore.Authentication.IAuthenticationSignInHandler.SignInAsync(System.Security.Claims.ClaimsPrincipal,Microsoft.AspNetCore.Authentication.AuthenticationProperties)">
            <summary>
            Handle sign in.
             | 百度译文：处理登录。
            </summary>
            <param name="user">The <see cref="T:System.Security.Claims.ClaimsPrincipal"/> user.</param>
            <param name="properties">The <see cref="T:Microsoft.AspNetCore.Authentication.AuthenticationProperties"/> that contains the extra meta-data arriving with the authentication.</param>
            <returns>A task.</returns>
        </member>
        <member name="T:Microsoft.AspNetCore.Authentication.IAuthenticationSignOutHandler">
            <summary>
            Used to determine if a handler supports SignOut.
             | 百度译文：用于确定处理程序是否支持注销。
            </summary>
        </member>
        <member name="M:Microsoft.AspNetCore.Authentication.IAuthenticationSignOutHandler.SignOutAsync(Microsoft.AspNetCore.Authentication.AuthenticationProperties)">
            <summary>
            Signout behavior.
             | 百度译文：注销行为。
            </summary>
            <param name="properties">The <see cref="T:Microsoft.AspNetCore.Authentication.AuthenticationProperties"/> that contains the extra meta-data arriving with the authentication.</param>
            <returns>A task.</returns>
        </member>
        <member name="T:Microsoft.AspNetCore.Authentication.IClaimsTransformation">
            <summary>
            Used by the <see cref="T:Microsoft.AspNetCore.Authentication.IAuthenticationService"/> for claims transformation.
             | 百度译文：由<see cref="T:Microsoft.AspNetCore.Authentication.iaAuthenticationService"/>用于声明转换。
            </summary>
        </member>
        <member name="M:Microsoft.AspNetCore.Authentication.IClaimsTransformation.TransformAsync(System.Security.Claims.ClaimsPrincipal)">
            <summary>
            Provides a central transformation point to change the specified principal. 
            Note: this will be run on each AuthenticateAsync call, so its safer to
            return a new ClaimsPrincipal if your transformation is not idempotent.
             | 百度译文：提供中心转换点以更改指定的主体。注意：这将在每个authenticatesync调用上运行，因此如果您的转换不是幂等的，则返回新的ClaimsPrincipal更安全。
            </summary>
            <param name="principal">The <see cref="T:System.Security.Claims.ClaimsPrincipal"/> to transform.</param>
            <returns>The transformed principal.</returns>
        </member>
        <member name="T:Microsoft.AspNetCore.Authentication.AuthenticationTokenExtensions">
            <summary>
            Extension methods for storing authentication tokens in <see cref="T:Microsoft.AspNetCore.Authentication.AuthenticationProperties"/>.
             | 百度译文：用于在<see cref="T:Microsoft.AspNetCore.Authentication.AuthenticationProperties"/>。
            </summary>
        </member>
        <member name="M:Microsoft.AspNetCore.Authentication.AuthenticationTokenExtensions.StoreTokens(Microsoft.AspNetCore.Authentication.AuthenticationProperties,System.Collections.Generic.IEnumerable{Microsoft.AspNetCore.Authentication.AuthenticationToken})">
            <summary>
            Stores a set of authentication tokens, after removing any old tokens.
             | 百度译文：删除任何旧令牌后，存储一组身份验证令牌。
            </summary>
            <param name="properties">The <see cref="T:Microsoft.AspNetCore.Authentication.AuthenticationProperties"/> properties.</param>
            <param name="tokens">The tokens to store.</param>
        </member>
        <member name="M:Microsoft.AspNetCore.Authentication.AuthenticationTokenExtensions.GetTokenValue(Microsoft.AspNetCore.Authentication.AuthenticationProperties,System.String)">
            <summary>
            Returns the value of a token.
             | 百度译文：返回令牌的值。
            </summary>
            <param name="properties">The <see cref="T:Microsoft.AspNetCore.Authentication.AuthenticationProperties"/> properties.</param>
            <param name="tokenName">The token name.</param>
            <returns>The token value.</returns>
        </member>
        <member name="M:Microsoft.AspNetCore.Authentication.AuthenticationTokenExtensions.UpdateTokenValue(Microsoft.AspNetCore.Authentication.AuthenticationProperties,System.String,System.String)">
            <summary>
            Updates the value of a token if already present.
             | 百度译文：更新令牌的值（如果已存在）。
            </summary>
            <param name="properties">The <see cref="T:Microsoft.AspNetCore.Authentication.AuthenticationProperties"/> to update.</param>
            <param name="tokenName">The token name.</param>
            <param name="tokenValue">The token value.</param>
            <returns><see langword="true"/> if the token was updated, otherwise <see langword="false"/>.</returns>
        </member>
        <member name="M:Microsoft.AspNetCore.Authentication.AuthenticationTokenExtensions.GetTokens(Microsoft.AspNetCore.Authentication.AuthenticationProperties)">
            <summary>
            Returns all of the <see cref="T:Microsoft.AspNetCore.Authentication.AuthenticationToken"/> instances contained in the properties.
             | 百度译文：返回所有<see cref="T:Microsoft.AspNetCore.Authentication.AuthenticationToken"/>属性中包含的实例。
            </summary>
            <param name="properties">The <see cref="T:Microsoft.AspNetCore.Authentication.AuthenticationProperties"/> properties.</param>
            <returns>The authentication tokens.</returns>
        </member>
        <member name="M:Microsoft.AspNetCore.Authentication.AuthenticationTokenExtensions.GetTokenAsync(Microsoft.AspNetCore.Authentication.IAuthenticationService,Microsoft.AspNetCore.Http.HttpContext,System.String)">
            <summary>
            Authenticates the request using the specified authentication scheme and returns the value for the token.
             | 百度译文：使用指定的验证方案验证请求，并返回令牌的值。
            </summary>
            <param name="auth">The <see cref="T:Microsoft.AspNetCore.Authentication.IAuthenticationService"/>.</param>
            <param name="context">The <see cref="T:Microsoft.AspNetCore.Http.HttpContext"/> context.</param>
            <param name="tokenName">The name of the token.</param>
            <returns>The value of the token if present.</returns>
        </member>
        <member name="M:Microsoft.AspNetCore.Authentication.AuthenticationTokenExtensions.GetTokenAsync(Microsoft.AspNetCore.Authentication.IAuthenticationService,Microsoft.AspNetCore.Http.HttpContext,System.String,System.String)">
            <summary>
            Authenticates the request using the specified authentication scheme and returns the value for the token.
             | 百度译文：使用指定的验证方案验证请求，并返回令牌的值。
            </summary>
            <param name="auth">The <see cref="T:Microsoft.AspNetCore.Authentication.IAuthenticationService"/>.</param>
            <param name="context">The <see cref="T:Microsoft.AspNetCore.Http.HttpContext"/> context.</param>
            <param name="scheme">The name of the authentication scheme.</param>
            <param name="tokenName">The name of the token.</param>
            <returns>The value of the token if present.</returns>
        </member>
    </members>
</doc>