<?xml version="1.0"?>
<doc>
    <assembly>
        <name>Microsoft.AspNetCore.Http.Connections.Common</name>
    </assembly>
    <members>
        <member name="T:Microsoft.AspNetCore.Http.Connections.AvailableTransport">
            <summary>
            Part of the <see cref="T:Microsoft.AspNetCore.Http.Connections.NegotiationResponse"/> that represents an individual transport and the trasfer formats the transport supports.
             | 百度译文：部分<see cref="T:Microsoft.AspNetCore.Http.连接.协商响应"/>，表示单个传输和传输支持的传输格式。
            </summary>
        </member>
        <member name="P:Microsoft.AspNetCore.Http.Connections.AvailableTransport.Transport">
            <summary>
            A transport available on the server.
             | 百度译文：服务器上可用的传输。
            </summary>
        </member>
        <member name="P:Microsoft.AspNetCore.Http.Connections.AvailableTransport.TransferFormats">
            <summary>
            A list of formats supported by the transport. Examples include "Text" and "Binary".
             | 百度译文：传输支持的格式列表。例如"文本"和"二进制"。
            </summary>
        </member>
        <member name="T:Microsoft.AspNetCore.Http.Connections.HttpTransports">
            <summary>
            Constants related to HTTP transports.
             | 百度译文：与HTTP传输相关的常量。
            </summary>
        </member>
        <member name="F:Microsoft.AspNetCore.Http.Connections.HttpTransports.All">
            <summary>
            A bitmask combining all available <see cref="T:Microsoft.AspNetCore.Http.Connections.HttpTransportType"/> values.
             | 百度译文：结合所有可用的位掩码<see cref="T:Microsoft.AspNetCore.Http.Connections.HttpTransportType"/>值。
            </summary>
        </member>
        <member name="T:Microsoft.AspNetCore.Http.Connections.HttpTransportType">
            <summary>
            Specifies transports that the client can use to send HTTP requests.
             | 百度译文：指定客户端可用于发送HTTP请求的传输。
            </summary>
            <remarks>
            This enumeration has a <see cref="T:System.FlagsAttribute"/> attribute that allows a bitwise combination of its member values.
            </remarks>
        </member>
        <member name="F:Microsoft.AspNetCore.Http.Connections.HttpTransportType.None">
            <summary>
            Specifies that no transport is used.
             | 百度译文：指定不使用传输。
            </summary>
        </member>
        <member name="F:Microsoft.AspNetCore.Http.Connections.HttpTransportType.WebSockets">
            <summary>
            Specifies that the web sockets transport is used.
             | 百度译文：指定使用web套接字传输。
            </summary>
        </member>
        <member name="F:Microsoft.AspNetCore.Http.Connections.HttpTransportType.ServerSentEvents">
            <summary>
            Specifies that the server sent events transport is used.
             | 百度译文：指定使用服务器发送的事件传输。
            </summary>
        </member>
        <member name="F:Microsoft.AspNetCore.Http.Connections.HttpTransportType.LongPolling">
            <summary>
            Specifies that the long polling transport is used.
             | 百度译文：指定使用长轮询传输。
            </summary>
        </member>
        <member name="T:Microsoft.AspNetCore.Http.Connections.NegotiateProtocol">
            <summary>
            The protocol for reading and writing negotiate requests and responses.
             | 百度译文：读写协议协商请求和响应。
            </summary>
        </member>
        <member name="M:Microsoft.AspNetCore.Http.Connections.NegotiateProtocol.WriteResponse(Microsoft.AspNetCore.Http.Connections.NegotiationResponse,System.Buffers.IBufferWriter{System.Byte})">
            <summary>
            Writes the <paramref name="response"/> to the <paramref name="output"/>.
             | 百度译文：将<paramref name="response"/>写入<paramref name="output"/>。
            </summary>
            <param name="response">The negotiation response generated in response to a negotiation request.</param>
            <param name="output">Where the <paramref name="response"/> is written to as Json.</param>
        </member>
        <member name="M:Microsoft.AspNetCore.Http.Connections.NegotiateProtocol.ParseResponse(System.ReadOnlySpan{System.Byte})">
            <summary>
            Parses a <see cref="T:Microsoft.AspNetCore.Http.Connections.NegotiationResponse"/> from the <paramref name="content"/> as Json.
             | 百度译文：解析a<see cref="T:Microsoft.AspNetCore.Http.连接.协商响应"/>从<paramref name="content"/>作为Json。
            </summary>
            <param name="content">The bytes of a Json payload that represents a <see cref="T:Microsoft.AspNetCore.Http.Connections.NegotiationResponse"/>.</param>
            <returns>The parsed <see cref="T:Microsoft.AspNetCore.Http.Connections.NegotiationResponse"/>.</returns>
        </member>
        <member name="M:Microsoft.AspNetCore.Http.Connections.NegotiateProtocol.ParseResponse(System.IO.Stream)">
            <summary>
            <para>
                This method is obsolete and will be removed in a future version.
                The recommended alternative is <see cref="M:Microsoft.AspNetCore.Http.Connections.NegotiateProtocol.ParseResponse(System.ReadOnlySpan{System.Byte})" />.
            </para>
             | 百度译文：<para>此方法已过时，将在将来的版本中删除。建议的替代方案是<see cref="M:Microsoft.AspNetCore.Http.Connections.NegotiateProtocol.ParseResponse(System.ReadOnlySpan{系统字节})" />.            </para>
            </summary>
        </member>
        <member name="T:Microsoft.AspNetCore.Http.Connections.NegotiationResponse">
            <summary>
            A response to a '/negotiate' request.
             | 百度译文：对"/COUNTREATE"请求的响应。
            </summary>
        </member>
        <member name="P:Microsoft.AspNetCore.Http.Connections.NegotiationResponse.Url">
            <summary>
            An optional Url to redirect the client to another endpoint.
             | 百度译文：一个可选的Url，用于将客户端重定向到另一个端点。
            </summary>
        </member>
        <member name="P:Microsoft.AspNetCore.Http.Connections.NegotiationResponse.AccessToken">
            <summary>
            An optional access token to go along with the Url.
             | 百度译文：与Url一起使用的可选访问令牌。
            </summary>
        </member>
        <member name="P:Microsoft.AspNetCore.Http.Connections.NegotiationResponse.ConnectionId">
            <summary>
            The public ID for the connection.
             | 百度译文：连接的公共ID。
            </summary>
        </member>
        <member name="P:Microsoft.AspNetCore.Http.Connections.NegotiationResponse.ConnectionToken">
            <summary>
            The private ID for the connection.
             | 百度译文：连接的专用ID。
            </summary>
        </member>
        <member name="P:Microsoft.AspNetCore.Http.Connections.NegotiationResponse.Version">
            <summary>
            The minimum value between the version the client sends and the maximum version the server supports.
             | 百度译文：客户端发送的版本与服务器支持的最高版本之间的最小值。
            </summary>
        </member>
        <member name="P:Microsoft.AspNetCore.Http.Connections.NegotiationResponse.AvailableTransports">
            <summary>
            A list of transports the server supports.
             | 百度译文：服务器支持的传输列表。
            </summary>
        </member>
        <member name="P:Microsoft.AspNetCore.Http.Connections.NegotiationResponse.Error">
            <summary>
            An optional error during the negotiate. If this is not null the other properties on the response can be ignored.
             | 百度译文：协商过程中的可选错误。如果不为null，则可以忽略响应上的其他属性。
            </summary>
        </member>
    </members>
</doc>