<?xml version="1.0"?>
<doc>
    <assembly>
        <name>Microsoft.AspNetCore.Cryptography.KeyDerivation</name>
    </assembly>
    <members>
        <member name="T:Microsoft.AspNetCore.Cryptography.KeyDerivation.KeyDerivation">
            <summary>
            Provides algorithms for performing key derivation.
             | 百度译文：提供执行密钥派生的算法。
            </summary>
        </member>
        <member name="M:Microsoft.AspNetCore.Cryptography.KeyDerivation.KeyDerivation.Pbkdf2(System.String,System.Byte[],Microsoft.AspNetCore.Cryptography.KeyDerivation.KeyDerivationPrf,System.Int32,System.Int32)">
            <summary>
            Performs key derivation using the PBKDF2 algorithm.
             | 百度译文：使用PBKDF2算法执行密钥派生。
            </summary>
            <param name="password">The password from which to derive the key.</param>
            <param name="salt">The salt to be used during the key derivation process.</param>
            <param name="prf">The pseudo-random function to be used in the key derivation process.</param>
            <param name="iterationCount">The number of iterations of the pseudo-random function to apply
            during the key derivation process.</param>
            <param name="numBytesRequested">The desired length (in bytes) of the derived key.</param>
            <returns>The derived key.</returns>
            <remarks>
            The PBKDF2 algorithm is specified in RFC 2898.
            </remarks>
        </member>
        <member name="T:Microsoft.AspNetCore.Cryptography.KeyDerivation.KeyDerivationPrf">
            <summary>
            Specifies the PRF which should be used for the key derivation algorithm.
             | 百度译文：指定应用于密钥派生算法的PRF。
            </summary>
        </member>
        <member name="F:Microsoft.AspNetCore.Cryptography.KeyDerivation.KeyDerivationPrf.HMACSHA1">
            <summary>
            The HMAC algorithm (RFC 2104) using the SHA-1 hash function (FIPS 180-4).
             | 百度译文：使用SHA-1哈希函数（FIPS 180-4）的HMAC算法（RFC 2104）。
            </summary>
        </member>
        <member name="F:Microsoft.AspNetCore.Cryptography.KeyDerivation.KeyDerivationPrf.HMACSHA256">
            <summary>
            The HMAC algorithm (RFC 2104) using the SHA-256 hash function (FIPS 180-4).
             | 百度译文：使用散列函数（HMAC-2104）的散列函数（HMAC-2104）。
            </summary>
        </member>
        <member name="F:Microsoft.AspNetCore.Cryptography.KeyDerivation.KeyDerivationPrf.HMACSHA512">
            <summary>
            The HMAC algorithm (RFC 2104) using the SHA-512 hash function (FIPS 180-4).
             | 百度译文：使用SHA-512哈希函数（FIPS 180-4）的HMAC算法（RFC 2104）。
            </summary>
        </member>
        <member name="T:Microsoft.AspNetCore.Cryptography.KeyDerivation.PBKDF2.IPbkdf2Provider">
            <summary>
            Internal interface used for abstracting away the PBKDF2 implementation since the implementation is OS-specific.
             | 百度译文：用于抽象PBKDF2实现的内部接口，因为该实现是操作系统特有的。
            </summary>
        </member>
        <member name="T:Microsoft.AspNetCore.Cryptography.KeyDerivation.PBKDF2.ManagedPbkdf2Provider">
            <summary>
            A PBKDF2 provider which utilizes the managed hash algorithm classes as PRFs.
            This isn't the preferred provider since the implementation is slow, but it is provided as a fallback.
             | 百度译文：使用托管哈希算法类作为prf的PBKDF2提供程序。这不是首选的提供程序，因为实现速度很慢，但它是作为后备提供的。
            </summary>
        </member>
        <member name="T:Microsoft.AspNetCore.Cryptography.KeyDerivation.PBKDF2.NetCorePbkdf2Provider">
            <summary>
            Implements Pbkdf2 using <see cref="T:System.Security.Cryptography.Rfc2898DeriveBytes"/>.
             | 百度译文：使用<see cref="T:System.Security.加密.Rfc2898DeriveBytes"/>。
            </summary>
        </member>
        <member name="T:Microsoft.AspNetCore.Cryptography.KeyDerivation.PBKDF2.Pbkdf2Util">
            <summary>
            Internal base class used for abstracting away the PBKDF2 implementation since the implementation is OS-specific.
             | 百度译文：用于抽象PBKDF2实现的内部基类，因为该实现是操作系统特有的。
            </summary>
        </member>
        <member name="T:Microsoft.AspNetCore.Cryptography.KeyDerivation.PBKDF2.Win7Pbkdf2Provider">
            <summary>
            A PBKDF2 provider which utilizes the Win7 API BCryptDeriveKeyPBKDF2.
             | 百度译文：使用Win7 API BCryptDeriveKeyPBKDF2的PBKDF2提供程序。
            </summary>
        </member>
        <member name="T:Microsoft.AspNetCore.Cryptography.KeyDerivation.PBKDF2.Win8Pbkdf2Provider">
            <summary>
            A PBKDF2 provider which utilizes the Win8 API BCryptKeyDerivation.
             | 百度译文：使用Win8 API BCryptKeyDerivation的PBKDF2提供程序。
            </summary>
        </member>
    </members>
</doc>