<?xml version="1.0"?>
<doc>
    <assembly>
        <name>Microsoft.AspNetCore.Http.Features</name>
    </assembly>
    <members>
        <member name="T:Microsoft.AspNetCore.Http.Features.HttpsCompressionMode">
            <summary>
            Use to dynamically control response compression for HTTPS requests.
             | 百度译文：用于动态控制HTTPS请求的响应压缩。
            </summary>
        </member>
        <member name="F:Microsoft.AspNetCore.Http.Features.HttpsCompressionMode.Default">
            <summary>
            No value has been specified, use the configured defaults.
             | 百度译文：未指定值，请使用配置的默认值。
            </summary>
        </member>
        <member name="F:Microsoft.AspNetCore.Http.Features.HttpsCompressionMode.DoNotCompress">
            <summary>
            Opts out of compression over HTTPS. Enabling compression on HTTPS requests for remotely manipulable content
            may expose security problems.
             | 百度译文：通过HTTPS选择不压缩。对远程可操作内容的HTTPS请求启用压缩可能会暴露安全问题。
            </summary>
        </member>
        <member name="F:Microsoft.AspNetCore.Http.Features.HttpsCompressionMode.Compress">
            <summary>
            Opts into compression over HTTPS. Enabling compression on HTTPS requests for remotely manipulable content
            may expose security problems.
             | 百度译文：通过HTTPS选择压缩。对远程可操作内容的HTTPS请求启用压缩可能会暴露安全问题。
            </summary>
        </member>
        <member name="T:Microsoft.AspNetCore.Http.Features.IFeatureCollection">
            <summary>
            Represents a collection of HTTP features.
             | 百度译文：表示HTTP功能的集合。
            </summary>
        </member>
        <member name="P:Microsoft.AspNetCore.Http.Features.IFeatureCollection.IsReadOnly">
            <summary>
            Indicates if the collection can be modified.
             | 百度译文：指示是否可以修改集合。
            </summary>
        </member>
        <member name="P:Microsoft.AspNetCore.Http.Features.IFeatureCollection.Revision">
            <summary>
            Incremented for each modification and can be used to verify cached results.
             | 百度译文：每次修改都递增，可用于验证缓存的结果。
            </summary>
        </member>
        <member name="P:Microsoft.AspNetCore.Http.Features.IFeatureCollection.Item(System.Type)">
            <summary>
            Gets or sets a given feature. Setting a null value removes the feature.
             | 百度译文：获取或设置给定的功能。设置空值将删除该功能。
            </summary>
            <param name="key"></param>
            <returns>The requested feature, or null if it is not present.</returns>
        </member>
        <member name="M:Microsoft.AspNetCore.Http.Features.IFeatureCollection.Get``1">
            <summary>
            Retrieves the requested feature from the collection.
             | 百度译文：从集合中检索请求的功能。
            </summary>
            <typeparam name="TFeature">The feature key.</typeparam>
            <returns>The requested feature, or null if it is not present.</returns>
        </member>
        <member name="M:Microsoft.AspNetCore.Http.Features.IFeatureCollection.Set``1(``0)">
            <summary>
            Sets the given feature in the collection.
             | 百度译文：设置集合中的给定功能。
            </summary>
            <typeparam name="TFeature">The feature key.</typeparam>
            <param name="instance">The feature value.</param>
        </member>
        <member name="P:Microsoft.AspNetCore.Http.Features.IFormFeature.HasFormContentType">
            <summary>
            Indicates if the request has a supported form content-type.
             | 百度译文：指示请求是否具有受支持的表单内容类型。
            </summary>
        </member>
        <member name="P:Microsoft.AspNetCore.Http.Features.IFormFeature.Form">
            <summary>
            The parsed form, if any.
             | 百度译文：已解析的表单（如果有）。
            </summary>
        </member>
        <member name="M:Microsoft.AspNetCore.Http.Features.IFormFeature.ReadForm">
            <summary>
            Parses the request body as a form.
             | 百度译文：将请求正文解析为表单。
            </summary>
            <returns>The <see cref="T:Microsoft.AspNetCore.Http.IFormCollection"/>.</returns>
        </member>
        <member name="M:Microsoft.AspNetCore.Http.Features.IFormFeature.ReadFormAsync(System.Threading.CancellationToken)">
            <summary>
            Parses the request body as a form.
             | 百度译文：将请求正文解析为表单。
            </summary>
            <param name="cancellationToken"></param>
            <returns></returns>
        </member>
        <member name="T:Microsoft.AspNetCore.Http.Features.IHttpBodyControlFeature">
            <summary>
            Controls the IO behavior for the <see cref="P:Microsoft.AspNetCore.Http.Features.IHttpRequestFeature.Body"/> and <see cref="P:Microsoft.AspNetCore.Http.Features.IHttpResponseFeature.Body"/> 
             | 百度译文：控制的IO行为<see cref="P:Microsoft.AspNetCore.Http.Features.ihtprequestfeature.Body"/>和<see cref="P:Microsoft.AspNetCore.Http.Features.IHttpResponseFeature.Body"/>
            </summary>
        </member>
        <member name="P:Microsoft.AspNetCore.Http.Features.IHttpBodyControlFeature.AllowSynchronousIO">
            <summary>
            Gets or sets a value that controls whether synchronous IO is allowed for the <see cref="P:Microsoft.AspNetCore.Http.Features.IHttpRequestFeature.Body"/> and <see cref="P:Microsoft.AspNetCore.Http.Features.IHttpResponseFeature.Body"/> 
             | 百度译文：获取或设置一个值，该值控制是否允许对<see cref="P:Microsoft.AspNetCore.Http.Features.ihtprequestfeature.Body"/>和<see cref="P:Microsoft.AspNetCore.Http.Features.IHttpResponseFeature.Body"/>
            </summary>
        </member>
        <member name="T:Microsoft.AspNetCore.Http.Features.IHttpConnectionFeature">
            <summary>
            Information regarding the TCP/IP connection carrying the request.
             | 百度译文：有关承载请求的TCP/IP连接的信息。
            </summary>
        </member>
        <member name="P:Microsoft.AspNetCore.Http.Features.IHttpConnectionFeature.ConnectionId">
            <summary>
            The unique identifier for the connection the request was received on. This is primarily for diagnostic purposes.
             | 百度译文：接收请求的连接的唯一标识符。这主要用于诊断目的。
            </summary>
        </member>
        <member name="P:Microsoft.AspNetCore.Http.Features.IHttpConnectionFeature.RemoteIpAddress">
            <summary>
            The IPAddress of the client making the request. Note this may be for a proxy rather than the end user.
             | 百度译文：发出请求的客户端的IP地址。注意这可能是针对代理而不是最终用户。
            </summary>
        </member>
        <member name="P:Microsoft.AspNetCore.Http.Features.IHttpConnectionFeature.LocalIpAddress">
            <summary>
            The local IPAddress on which the request was received.
             | 百度译文：接收请求的本地IP地址。
            </summary>
        </member>
        <member name="P:Microsoft.AspNetCore.Http.Features.IHttpConnectionFeature.RemotePort">
            <summary>
            The remote port of the client making the request.
             | 百度译文：发出请求的客户端的远程端口。
            </summary>
        </member>
        <member name="P:Microsoft.AspNetCore.Http.Features.IHttpConnectionFeature.LocalPort">
            <summary>
            The local port on which the request was received.
             | 百度译文：接收请求的本地端口。
            </summary>
        </member>
        <member name="T:Microsoft.AspNetCore.Http.Features.IHttpMaxRequestBodySizeFeature">
            <summary>
            Feature to inspect and modify the maximum request body size for a single request.
             | 百度译文：用于检查和修改单个请求的最大请求正文大小的功能。
            </summary>
        </member>
        <member name="P:Microsoft.AspNetCore.Http.Features.IHttpMaxRequestBodySizeFeature.IsReadOnly">
            <summary>
            Indicates whether <see cref="P:Microsoft.AspNetCore.Http.Features.IHttpMaxRequestBodySizeFeature.MaxRequestBodySize"/> is read-only.
            If true, this could mean that the request body has already been read from
            or that <see cref="M:Microsoft.AspNetCore.Http.Features.IHttpUpgradeFeature.UpgradeAsync"/> was called.
             | 百度译文：指示是否<see cref="P:Microsoft.AspNetCore.Http.Features.IHttpMaxRequestBodySizeFeature.MaxRequestBodySize"/>为只读。如果为true，这可能意味着已经从中读取了请求正文，或者<see cref="M:Microsoft.AspNetCore.Http.Features.ihtpupgradefeature.UpgradeAsync"/>被呼叫。
            </summary>
        </member>
        <member name="P:Microsoft.AspNetCore.Http.Features.IHttpMaxRequestBodySizeFeature.MaxRequestBodySize">
            <summary>
            The maximum allowed size of the current request body in bytes.
            When set to null, the maximum request body size is unlimited.
            This cannot be modified after the reading the request body has started.
            This limit does not affect upgraded connections which are always unlimited.
             | 百度译文：当前请求正文允许的最大大小（字节）。当设置为null时，最大请求正文大小是无限的。在开始读取请求正文之后，无法修改此项。此限制不影响升级后的连接，这些连接始终是无限的。
            </summary>
            <remarks>
            Defaults to the server's global max request body size limit.
            </remarks>
        </member>
        <member name="T:Microsoft.AspNetCore.Http.Features.IHttpRequestBodyDetectionFeature">
            <summary>
            Used to indicate if the request can have a body.
             | 百度译文：用于指示请求是否可以有正文。
            </summary>
        </member>
        <member name="P:Microsoft.AspNetCore.Http.Features.IHttpRequestBodyDetectionFeature.CanHaveBody">
             <summary>
             Indicates if the request can have a body.
              | 百度译文：指示请求是否可以包含正文。
            </summary>
             <remarks>
             This returns true when:
             - It's an HTTP/1.x request with a non-zero Content-Length or a 'Transfer-Encoding: chunked' header.
             - It's an HTTP/2 request that did not set the END_STREAM flag on the initial headers frame.
             The final request body length may still be zero for the chunked or HTTP/2 scenarios.
            
             This returns false when:
             - It's an HTTP/1.x request with no Content-Length or 'Transfer-Encoding: chunked' header, or the Content-Length is 0.
             - It's an HTTP/1.x request with Connection: Upgrade (e.g. WebSockets). There is no HTTP request body for these requests and
               no data should be received until after the upgrade.
             - It's an HTTP/2 request that set END_STREAM on the initial headers frame.
             When false, the request body should never return data.
             </remarks>
        </member>
        <member name="T:Microsoft.AspNetCore.Http.Features.IHttpRequestFeature">
            <summary>
            Contains the details of a given request. These properties should all be mutable.
            None of these properties should ever be set to null.
             | 百度译文：包含给定请求的详细信息。这些属性都应该是可变的。这些属性都不应设置为null。
            </summary>
        </member>
        <member name="P:Microsoft.AspNetCore.Http.Features.IHttpRequestFeature.Protocol">
            <summary>
            The HTTP-version as defined in RFC 7230. E.g. "HTTP/1.1"
             | 百度译文：RFC 7230中定义的HTTP版本。E、 g."HTTP/1.1"
            </summary>
        </member>
        <member name="P:Microsoft.AspNetCore.Http.Features.IHttpRequestFeature.Scheme">
            <summary>
            The request uri scheme. E.g. "http" or "https". Note this value is not included
            in the original request, it is inferred by checking if the transport used a TLS
            connection or not.
             | 百度译文：请求uri方案。E、 g."http"或"https"。注意这个值不包括在原始请求中，它是通过检查传输是否使用了TLS连接来推断的。
            </summary>
        </member>
        <member name="P:Microsoft.AspNetCore.Http.Features.IHttpRequestFeature.Method">
            <summary>
            The request method as defined in RFC 7230. E.g. "GET", "HEAD", "POST", etc..
             | 百度译文：RFC 7230中定义的请求方法。E、 g."得到"，"头"，"柱子"等。。
            </summary>
        </member>
        <member name="P:Microsoft.AspNetCore.Http.Features.IHttpRequestFeature.PathBase">
            <summary>
            The first portion of the request path associated with application root. The value
            is un-escaped. The value may be string.Empty.
             | 百度译文：与应用程序根关联的请求路径的第一部分。该值未转义。值可以是字符串。空.
            </summary>
        </member>
        <member name="P:Microsoft.AspNetCore.Http.Features.IHttpRequestFeature.Path">
            <summary>
            The portion of the request path that identifies the requested resource. The value
            is un-escaped. The value may be string.Empty if <see cref="P:Microsoft.AspNetCore.Http.Features.IHttpRequestFeature.PathBase"/> contains the
            full path.
             | 百度译文：请求路径中标识所请求资源的部分。该值未转义。值可以是字符串。空如果<see cref="P:Microsoft.AspNetCore.Http.Features.ihtprequestfeature.PathBase"/>包含完整路径。
            </summary>
        </member>
        <member name="P:Microsoft.AspNetCore.Http.Features.IHttpRequestFeature.QueryString">
            <summary>
            The query portion of the request-target as defined in RFC 7230. The value
            may be string.Empty. If not empty then the leading '?' will be included. The value
            is in its original form, without un-escaping.
             | 百度译文：RFC 7230中定义的请求目标的查询部分。值可以是字符串。空. 如果不为空则前导"？"包括在内。值是原始形式，没有转义。
            </summary>
        </member>
        <member name="P:Microsoft.AspNetCore.Http.Features.IHttpRequestFeature.RawTarget">
            <summary>
            The request target as it was sent in the HTTP request. This property contains the
            raw path and full query, as well as other request targets such as * for OPTIONS
            requests (https://tools.ietf.org/html/rfc7230#section-5.3).
             | 百度译文：在HTTP请求中发送的请求目标。此属性包含原始路径和完整查询，以及选项请求的其他请求目标，如*(https://tools.ietf.org/html/rfc7230section-5.3条）。
            </summary>
            <remarks>
            This property is not used internally for routing or authorization decisions. It has not
            been UrlDecoded and care should be taken in its use.
            </remarks>
        </member>
        <member name="P:Microsoft.AspNetCore.Http.Features.IHttpRequestFeature.Headers">
            <summary>
            Headers included in the request, aggregated by header name. The values are not split
            or merged across header lines. E.g. The following headers:
            HeaderA: value1, value2
            HeaderA: value3
            Result in Headers["HeaderA"] = { "value1, value2", "value3" }
             | 百度译文：请求中包含的标头，按标头名称聚合。值不会跨标题行拆分或合并。E、 g.以下标题：HeaderA:value1，value2 HeaderA:value3结果为headers["HeaderA"]={"value1，value2"，"value3"}
            </summary>
        </member>
        <member name="P:Microsoft.AspNetCore.Http.Features.IHttpRequestFeature.Body">
            <summary>
            A <see cref="T:System.IO.Stream"/> representing the request body, if any. Stream.Null may be used
            to represent an empty request body.
             | 百度译文：A<见cref="T:系统IO流"/>表示请求主体（如果有）。流。空可用于表示空的请求正文。
            </summary>
        </member>
        <member name="T:Microsoft.AspNetCore.Http.Features.IHttpRequestIdentifierFeature">
            <summary>
            Feature to identify a request.
             | 百度译文：用于标识请求的功能。
            </summary>
        </member>
        <member name="P:Microsoft.AspNetCore.Http.Features.IHttpRequestIdentifierFeature.TraceIdentifier">
            <summary>
            Identifier to trace a request.
             | 百度译文：用于跟踪请求的标识符。
            </summary>
        </member>
        <member name="P:Microsoft.AspNetCore.Http.Features.IHttpRequestLifetimeFeature.RequestAborted">
            <summary>
            A <see cref="T:System.Threading.CancellationToken"/> that fires if the request is aborted and
            the application should cease processing. The token will not fire if the request
            completes successfully.
             | 百度译文：A<见cref="T:System.Threading.CancellationToken"/>如果请求中止且应用程序应停止处理，则激发该函数。如果请求成功完成，令牌将不会激发。
            </summary>
        </member>
        <member name="M:Microsoft.AspNetCore.Http.Features.IHttpRequestLifetimeFeature.Abort">
            <summary>
            Forcefully aborts the request if it has not already completed. This will result in
            RequestAborted being triggered.
             | 百度译文：如果请求尚未完成，则强制中止该请求。这将导致触发RequestAborted。
            </summary>
        </member>
        <member name="T:Microsoft.AspNetCore.Http.Features.IHttpRequestTrailersFeature">
            <summary>
            This feature exposes HTTP request trailer headers, either for HTTP/1.1 chunked bodies or HTTP/2 trailing headers.
             | 百度译文：此特性公开HTTP请求尾部头，无论是HTTP/1.1分块体还是HTTP/2尾部头。
            </summary>
        </member>
        <member name="P:Microsoft.AspNetCore.Http.Features.IHttpRequestTrailersFeature.Available">
            <summary>
            Indicates if the <see cref="P:Microsoft.AspNetCore.Http.Features.IHttpRequestTrailersFeature.Trailers"/> are available yet. They may not be available until the
            request body is fully read.
             | 百度译文：指示是否<see cref="P:Microsoft.AspNetCore.Http.功能.ihtprequesttrailersfeature。拖车"/>尚未提供。在完全读取请求正文之前，它们可能不可用。
            </summary>
        </member>
        <member name="P:Microsoft.AspNetCore.Http.Features.IHttpRequestTrailersFeature.Trailers">
            <summary>
            The trailing headers received. This will throw <see cref="T:System.InvalidOperationException"/> if <see cref="P:Microsoft.AspNetCore.Http.Features.IHttpRequestTrailersFeature.Available"/>
            returns false. They may not be available until the request body is fully read. If there are no trailers this will
            return an empty collection.
             | 百度译文：接收到尾随标头。这将引发<see cref="T:System.InvalidOperationException"/>如果<see cref="P:Microsoft.AspNetCore.Http.功能.ihtprequesttrailersfeature.Available"/>返回false。在完全读取请求正文之前，它们可能不可用。如果没有拖车，则返回空集合。
            </summary>
        </member>
        <member name="T:Microsoft.AspNetCore.Http.Features.IHttpResetFeature">
            <summary>
            Used to send reset messages for protocols that support them such as HTTP/2 or HTTP/3.
             | 百度译文：用于为支持它们的协议（如HTTP/2或HTTP/3）发送重置消息。
            </summary>
        </member>
        <member name="M:Microsoft.AspNetCore.Http.Features.IHttpResetFeature.Reset(System.Int32)">
            <summary>
            Send a reset message with the given error code. The request will be considered aborted.
             | 百度译文：发送带有给定错误代码的重置消息。请求将被视为已中止。
            </summary>
            <param name="errorCode">The error code to send in the reset message.</param>
        </member>
        <member name="T:Microsoft.AspNetCore.Http.Features.IHttpResponseBodyFeature">
            <summary>
            An aggregate of the different ways to interact with the response body.
             | 百度译文：和响应体交互的不同方式的集合。
            </summary>
        </member>
        <member name="P:Microsoft.AspNetCore.Http.Features.IHttpResponseBodyFeature.Stream">
            <summary>
            The <see cref="T:System.IO.Stream"/> for writing the response body.
             | 百度译文：<see cref="T:系统IO流"/>用于编写响应正文。
            </summary>
        </member>
        <member name="P:Microsoft.AspNetCore.Http.Features.IHttpResponseBodyFeature.Writer">
            <summary>
            A <see cref="T:System.IO.Pipelines.PipeWriter"/> representing the response body, if any.
             | 百度译文：A<见cref="T:系统IO管道.PipeWriter"/>表示响应主体（如果有）。
            </summary>
        </member>
        <member name="M:Microsoft.AspNetCore.Http.Features.IHttpResponseBodyFeature.DisableBuffering">
            <summary>
            Opts out of write buffering for the response.
             | 百度译文：为响应选择不写缓冲区。
            </summary>
        </member>
        <member name="M:Microsoft.AspNetCore.Http.Features.IHttpResponseBodyFeature.StartAsync(System.Threading.CancellationToken)">
            <summary>
            Starts the response by calling OnStarting() and making headers unmodifiable.
             | 百度译文：通过调用OnStarting（）并使头不可修改来启动响应。
            </summary>
        </member>
        <member name="M:Microsoft.AspNetCore.Http.Features.IHttpResponseBodyFeature.SendFileAsync(System.String,System.Int64,System.Nullable{System.Int64},System.Threading.CancellationToken)">
            <summary>
            Sends the requested file in the response body. A response may include multiple writes.
             | 百度译文：在响应正文中发送请求的文件。一个响应可以包括多个写入。
            </summary>
            <param name="path">The full disk path to the file.</param>
            <param name="offset">The offset in the file to start at.</param>
            <param name="count">The number of bytes to send, or null to send the remainder of the file.</param>
            <param name="cancellationToken">A <see cref="T:System.Threading.CancellationToken"/> used to abort the transmission.</param>
            <returns></returns>
        </member>
        <member name="M:Microsoft.AspNetCore.Http.Features.IHttpResponseBodyFeature.CompleteAsync">
            <summary>
            Flush any remaining response headers, data, or trailers.
            This may throw if the response is in an invalid state such as a Content-Length mismatch.
             | 百度译文：刷新所有剩余的响应头、数据或拖车。如果响应处于无效状态（如内容长度不匹配），则可能引发此错误。
            </summary>
            <returns></returns>
        </member>
        <member name="T:Microsoft.AspNetCore.Http.Features.IHttpResponseFeature">
            <summary>
            Represents the fields and state of an HTTP response.
             | 百度译文：表示HTTP响应的字段和状态。
            </summary>
        </member>
        <member name="P:Microsoft.AspNetCore.Http.Features.IHttpResponseFeature.StatusCode">
            <summary>
            The status-code as defined in RFC 7230. The default value is 200.
             | 百度译文：RFC 7230中定义的状态代码。默认值为200。
            </summary>
        </member>
        <member name="P:Microsoft.AspNetCore.Http.Features.IHttpResponseFeature.ReasonPhrase">
            <summary>
            The reason-phrase as defined in RFC 7230. Note this field is no longer supported by HTTP/2.
             | 百度译文：RFC 7230中定义的原因短语。注意：HTTP/2不再支持此字段。
            </summary>
        </member>
        <member name="P:Microsoft.AspNetCore.Http.Features.IHttpResponseFeature.Headers">
            <summary>
            The response headers to send. Headers with multiple values will be emitted as multiple headers.
             | 百度译文：要发送的响应标头。具有多个值的标头将作为多个标头发出。
            </summary>
        </member>
        <member name="P:Microsoft.AspNetCore.Http.Features.IHttpResponseFeature.Body">
            <summary>
            The <see cref="T:System.IO.Stream"/> for writing the response body.
             | 百度译文：<see cref="T:系统IO流"/>用于编写响应正文。
            </summary>
        </member>
        <member name="P:Microsoft.AspNetCore.Http.Features.IHttpResponseFeature.HasStarted">
            <summary>
            Indicates if the response has started. If true, the <see cref="P:Microsoft.AspNetCore.Http.Features.IHttpResponseFeature.StatusCode"/>,
            <see cref="P:Microsoft.AspNetCore.Http.Features.IHttpResponseFeature.ReasonPhrase"/>, and <see cref="P:Microsoft.AspNetCore.Http.Features.IHttpResponseFeature.Headers"/> are now immutable, and
            OnStarting should no longer be called.
             | 百度译文：指示响应是否已启动。如果为真，则<see cref="P:Microsoft.AspNetCore.Http.Features.IHttpResponseFeature.StatusCode"/>，<见cref="P:Microsoft.AspNetCore.Http.Features.IHttpResponseFeature.ReasonPhrase"/>，和<see cref="P:Microsoft.AspNetCore.Http.Features.IHttpResponseFeature.Headers"/>现在是不可变的，不应再调用OnStarting。
            </summary>
        </member>
        <member name="M:Microsoft.AspNetCore.Http.Features.IHttpResponseFeature.OnStarting(System.Func{System.Object,System.Threading.Tasks.Task},System.Object)">
            <summary>
            Registers a callback to be invoked just before the response starts. This is the
            last chance to modify the <see cref="P:Microsoft.AspNetCore.Http.Features.IHttpResponseFeature.Headers"/>, <see cref="P:Microsoft.AspNetCore.Http.Features.IHttpResponseFeature.StatusCode"/>, or
            <see cref="P:Microsoft.AspNetCore.Http.Features.IHttpResponseFeature.ReasonPhrase"/>.
             | 百度译文：在响应开始之前注册要调用的回调。这是修改<see cref="P:Microsoft.AspNetCore.Http.Features.IHttpResponseFeature.Headers"/>，<见cref="P:Microsoft.AspNetCore.Http.Features.IHttpResponseFeature.StatusCode"/>，或<see cref="P:Microsoft.AspNetCore.Http.Features.IHttpResponseFeature.ReasonPhrase"/>.
            </summary>
            <param name="callback">The callback to invoke when starting the response.</param>
            <param name="state">The state to pass into the callback.</param>
        </member>
        <member name="M:Microsoft.AspNetCore.Http.Features.IHttpResponseFeature.OnCompleted(System.Func{System.Object,System.Threading.Tasks.Task},System.Object)">
            <summary>
            Registers a callback to be invoked after a response has fully completed. This is
            intended for resource cleanup.
             | 百度译文：注册要在响应完全完成后调用的回调。这是为了清理资源。
            </summary>
            <param name="callback">The callback to invoke after the response has completed.</param>
            <param name="state">The state to pass into the callback.</param>
        </member>
        <member name="T:Microsoft.AspNetCore.Http.Features.IHttpsCompressionFeature">
            <summary>
            Configures response compression behavior for HTTPS on a per-request basis.
             | 百度译文：基于每个请求配置HTTPS的响应压缩行为。
            </summary>
        </member>
        <member name="P:Microsoft.AspNetCore.Http.Features.IHttpsCompressionFeature.Mode">
            <summary>
            The <see cref="T:Microsoft.AspNetCore.Http.Features.HttpsCompressionMode"/> to use.
             | 百度译文：<see cref="T:Microsoft.AspNetCore.Http.Features.HttpsCompressionMode"/>使用。
            </summary>
        </member>
        <member name="T:Microsoft.AspNetCore.Http.Features.IHttpSendFileFeature">
            <summary>
            Provides an efficient mechanism for transferring files from disk to the network.
             | 百度译文：提供了一种将文件从磁盘传输到网络的有效机制。
            </summary>
        </member>
        <member name="M:Microsoft.AspNetCore.Http.Features.IHttpSendFileFeature.SendFileAsync(System.String,System.Int64,System.Nullable{System.Int64},System.Threading.CancellationToken)">
            <summary>
            Sends the requested file in the response body. This may bypass the IHttpResponseFeature.Body
            <see cref="T:System.IO.Stream"/>. A response may include multiple writes.
             | 百度译文：在响应正文中发送请求的文件。这可能会绕过IHttpResponseFeature.正文<见cref="T:系统IO流"/>. 一个响应可以包括多个写入。
            </summary>
            <param name="path">The full disk path to the file.</param>
            <param name="offset">The offset in the file to start at.</param>
            <param name="count">The number of bytes to send, or null to send the remainder of the file.</param>
            <param name="cancellation">A <see cref="T:System.Threading.CancellationToken"/> used to abort the transmission.</param>
            <returns></returns>
        </member>
        <member name="P:Microsoft.AspNetCore.Http.Features.IHttpUpgradeFeature.IsUpgradableRequest">
            <summary>
            Indicates if the server can upgrade this request to an opaque, bidirectional stream.
             | 百度译文：指示服务器是否可以将此请求升级为不透明的双向流。
            </summary>
        </member>
        <member name="M:Microsoft.AspNetCore.Http.Features.IHttpUpgradeFeature.UpgradeAsync">
            <summary>
            Attempt to upgrade the request to an opaque, bidirectional stream. The response status code
            and headers need to be set before this is invoked. Check <see cref="P:Microsoft.AspNetCore.Http.Features.IHttpUpgradeFeature.IsUpgradableRequest"/>
            before invoking.
             | 百度译文：尝试将请求升级为不透明的双向流。在调用之前，需要设置响应状态代码和头。检查<see cref="P:Microsoft.AspNetCore.Http.Features.IHttpUpgradeFeature.IsUpgradableRequest"/>调用之前。
            </summary>
            <returns></returns>
        </member>
        <member name="P:Microsoft.AspNetCore.Http.Features.IHttpWebSocketFeature.IsWebSocketRequest">
            <summary>
            Indicates if this is a WebSocket upgrade request.
             | 百度译文：指示这是否是WebSocket升级请求。
            </summary>
        </member>
        <member name="M:Microsoft.AspNetCore.Http.Features.IHttpWebSocketFeature.AcceptAsync(Microsoft.AspNetCore.Http.WebSocketAcceptContext)">
            <summary>
            Attempts to upgrade the request to a <see cref="T:System.Net.WebSockets.WebSocket"/>. Check <see cref="P:Microsoft.AspNetCore.Http.Features.IHttpWebSocketFeature.IsWebSocketRequest"/>
            before invoking this.
             | 百度译文：尝试将请求升级到<see cref="T:System.Net.WebSockets.WebSocket"/>。检查<see cref="P:Microsoft.AspNetCore.Http.Features.IHttpWebSocketFeature.IsWebSocketRequest"/>调用此之前。
            </summary>
            <param name="context"></param>
            <returns></returns>
        </member>
        <member name="T:Microsoft.AspNetCore.Http.Features.IRequestBodyPipeFeature">
            <summary>
            Represents the HttpRequestBody as a PipeReader.
             | 百度译文：将HttpRequestBody表示为管道读取器。
            </summary>
        </member>
        <member name="P:Microsoft.AspNetCore.Http.Features.IRequestBodyPipeFeature.Reader">
            <summary>
            A <see cref="T:System.IO.Pipelines.PipeReader"/> representing the request body, if any.
             | 百度译文：A<见cref="T:系统IO管道.PipeReader"/>表示请求正文（如果有）。
            </summary>
        </member>
        <member name="T:Microsoft.AspNetCore.Http.Features.IResponseCookiesFeature">
            <summary>
            A helper for creating the response Set-Cookie header.
             | 百度译文：用于创建响应集Cookie标头的帮助程序。
            </summary>
        </member>
        <member name="P:Microsoft.AspNetCore.Http.Features.IResponseCookiesFeature.Cookies">
            <summary>
            Gets the wrapper for the response Set-Cookie header.
             | 百度译文：获取响应集Cookie标头的包装。
            </summary>
        </member>
        <member name="T:Microsoft.AspNetCore.Http.Features.IServerVariablesFeature">
            <summary>
            This feature provides access to request server variables set.
             | 百度译文：此功能提供对请求服务器变量集的访问。
            </summary>
        </member>
        <member name="P:Microsoft.AspNetCore.Http.Features.IServerVariablesFeature.Item(System.String)">
            <summary>
            Gets or sets the value of a server variable for the current request.
             | 百度译文：获取或设置当前请求的服务器变量的值。
            </summary>
            <param name="variableName">The variable name</param>
            <returns>May return null or empty if the variable does not exist or is not set.</returns>
        </member>
        <member name="T:Microsoft.AspNetCore.Http.Features.ISessionFeature">
            <summary>
            Provides access to the <see cref="T:Microsoft.AspNetCore.Http.ISession"/> for the current request.
             | 百度译文：提供访问<see cref="T:Microsoft.AspNetCore.Http.ISession"/>用于当前请求。
            </summary>
        </member>
        <member name="P:Microsoft.AspNetCore.Http.Features.ISessionFeature.Session">
            <summary>
            The <see cref="T:Microsoft.AspNetCore.Http.ISession"/> for the current request.
             | 百度译文：<see cref="T:Microsoft.AspNetCore.Http.ISession"/>用于当前请求。
            </summary>
        </member>
        <member name="P:Microsoft.AspNetCore.Http.Features.ITlsConnectionFeature.ClientCertificate">
            <summary>
            Synchronously retrieves the client certificate, if any.
             | 百度译文：同步检索客户端证书（如果有）。
            </summary>
        </member>
        <member name="M:Microsoft.AspNetCore.Http.Features.ITlsConnectionFeature.GetClientCertificateAsync(System.Threading.CancellationToken)">
            <summary>
            Asynchronously retrieves the client certificate, if any.
             | 百度译文：异步检索客户端证书（如果有）。
            </summary>
            <returns></returns>
        </member>
        <member name="T:Microsoft.AspNetCore.Http.Features.ITlsTokenBindingFeature">
            <summary>
            Provides information regarding TLS token binding parameters.
             | 百度译文：提供有关TLS令牌绑定参数的信息。
            </summary>
            <remarks>
            TLS token bindings help mitigate the risk of impersonation by an attacker in the
            event an authenticated client's bearer tokens are somehow exfiltrated from the
            client's machine. See https://datatracker.ietf.org/doc/draft-popov-token-binding/
            for more information.
            </remarks>
        </member>
        <member name="M:Microsoft.AspNetCore.Http.Features.ITlsTokenBindingFeature.GetProvidedTokenBindingId">
            <summary>
            Gets the 'provided' token binding identifier associated with the request.
             | 百度译文：获取与请求关联的"提供的"令牌绑定标识符。
            </summary>
            <returns>The token binding identifier, or null if the client did not
            supply a 'provided' token binding or valid proof of possession of the
            associated private key. The caller should treat this identifier as an
            opaque blob and should not try to parse it.</returns>
        </member>
        <member name="M:Microsoft.AspNetCore.Http.Features.ITlsTokenBindingFeature.GetReferredTokenBindingId">
            <summary>
            Gets the 'referred' token binding identifier associated with the request.
             | 百度译文：获取与请求关联的"引用"令牌绑定标识符。
            </summary>
            <returns>The token binding identifier, or null if the client did not
            supply a 'referred' token binding or valid proof of possession of the
            associated private key. The caller should treat this identifier as an
            opaque blob and should not try to parse it.</returns>
        </member>
        <member name="T:Microsoft.AspNetCore.Http.Features.ITrackingConsentFeature">
            <summary>
            Used to query, grant, and withdraw user consent regarding the storage of user
            information related to site activity and functionality.
             | 百度译文：用于查询、授予和撤消有关存储与站点活动和功能相关的用户信息的用户同意。
            </summary>
        </member>
        <member name="P:Microsoft.AspNetCore.Http.Features.ITrackingConsentFeature.IsConsentNeeded">
            <summary>
            Indicates if consent is required for the given request.
             | 百度译文：指示给定请求是否需要同意。
            </summary>
        </member>
        <member name="P:Microsoft.AspNetCore.Http.Features.ITrackingConsentFeature.HasConsent">
            <summary>
            Indicates if consent was given.
             | 百度译文：表示是否同意。
            </summary>
        </member>
        <member name="P:Microsoft.AspNetCore.Http.Features.ITrackingConsentFeature.CanTrack">
            <summary>
            Indicates either if consent has been given or if consent is not required.
             | 百度译文：表示是否已给予同意或不需要同意。
            </summary>
        </member>
        <member name="M:Microsoft.AspNetCore.Http.Features.ITrackingConsentFeature.GrantConsent">
            <summary>
            Grants consent for this request. If the response has not yet started then
            this will also grant consent for future requests.
             | 百度译文：同意此请求。如果响应尚未开始，则这也将授予对未来请求的同意。
            </summary>
        </member>
        <member name="M:Microsoft.AspNetCore.Http.Features.ITrackingConsentFeature.WithdrawConsent">
            <summary>
            Withdraws consent for this request. If the response has not yet started then
            this will also withdraw consent for future requests.
             | 百度译文：撤回对此请求的同意。如果响应尚未开始，则这也将撤消对未来请求的同意。
            </summary>
        </member>
        <member name="M:Microsoft.AspNetCore.Http.Features.ITrackingConsentFeature.CreateConsentCookie">
            <summary>
            Creates a consent cookie for use when granting consent from a javascript client.
             | 百度译文：创建一个同意cookie，以便在从javascript客户端授予许可时使用。
            </summary>
        </member>
        <member name="T:Microsoft.AspNetCore.Http.CookieOptions">
            <summary>
            Options used to create a new cookie.
             | 百度译文：用于创建新cookie的选项。
            </summary>
        </member>
        <member name="M:Microsoft.AspNetCore.Http.CookieOptions.#ctor">
            <summary>
            Creates a default cookie with a path of '/'.
             | 百度译文：创建路径为"/"的默认cookie。
            </summary>
        </member>
        <member name="P:Microsoft.AspNetCore.Http.CookieOptions.Domain">
            <summary>
            Gets or sets the domain to associate the cookie with.
             | 百度译文：获取或设置与cookie关联的域。
            </summary>
            <returns>The domain to associate the cookie with.</returns>
        </member>
        <member name="P:Microsoft.AspNetCore.Http.CookieOptions.Path">
            <summary>
            Gets or sets the cookie path.
             | 百度译文：获取或设置cookie路径。
            </summary>
            <returns>The cookie path.</returns>
        </member>
        <member name="P:Microsoft.AspNetCore.Http.CookieOptions.Expires">
            <summary>
            Gets or sets the expiration date and time for the cookie.
             | 百度译文：获取或设置cookie的过期日期和时间。
            </summary>
            <returns>The expiration date and time for the cookie.</returns>
        </member>
        <member name="P:Microsoft.AspNetCore.Http.CookieOptions.Secure">
            <summary>
            Gets or sets a value that indicates whether to transmit the cookie using Secure Sockets Layer (SSL)--that is, over HTTPS only.
             | 百度译文：获取或设置一个值，该值指示是否使用安全套接字层（SSL）即仅通过HTTPS传输cookie。
            </summary>
            <returns>true to transmit the cookie only over an SSL connection (HTTPS); otherwise, false.</returns>
        </member>
        <member name="P:Microsoft.AspNetCore.Http.CookieOptions.SameSite">
            <summary>
            Gets or sets the value for the SameSite attribute of the cookie. The default value is <see cref="F:Microsoft.AspNetCore.Http.SameSiteMode.Unspecified"/>
             | 百度译文：获取或设置cookie的SameSite属性的值。默认值为<see cref="F:Microsoft.AspNetCore.Http.SameSiteMode。未指定"/>
            </summary>
            <returns>The <see cref="T:Microsoft.AspNetCore.Http.SameSiteMode"/> representing the enforcement mode of the cookie.</returns>
        </member>
        <member name="P:Microsoft.AspNetCore.Http.CookieOptions.HttpOnly">
            <summary>
            Gets or sets a value that indicates whether a cookie is accessible by client-side script.
             | 百度译文：获取或设置一个值，该值指示客户端脚本是否可以访问cookie。
            </summary>
            <returns>true if a cookie must not be accessible by client-side script; otherwise, false.</returns>
        </member>
        <member name="P:Microsoft.AspNetCore.Http.CookieOptions.MaxAge">
            <summary>
            Gets or sets the max-age for the cookie.
             | 百度译文：获取或设置cookie的最长期限。
            </summary>
            <returns>The max-age date and time for the cookie.</returns>
        </member>
        <member name="P:Microsoft.AspNetCore.Http.CookieOptions.IsEssential">
            <summary>
            Indicates if this cookie is essential for the application to function correctly. If true then
            consent policy checks may be bypassed. The default value is false.
             | 百度译文：指示此cookie对于应用程序正常运行是否是必需的。如果为true，则可以绕过同意策略检查。默认值为false。
            </summary>
        </member>
        <member name="T:Microsoft.AspNetCore.Http.IFormCollection">
            <summary>
            Represents the parsed form values sent with the HttpRequest.
             | 百度译文：表示与HttpRequest一起发送的已解析表单值。
            </summary>
        </member>
        <member name="P:Microsoft.AspNetCore.Http.IFormCollection.Count">
            <summary>
                Gets the number of elements contained in the <see cref="T:Microsoft.AspNetCore.Http.IFormCollection" />.
             | 百度译文：获取包含在<see cref="T:Microsoft.AspNetCore.Http.IFormCollection"/>。
            </summary>
            <returns>
                The number of elements contained in the <see cref="T:Microsoft.AspNetCore.Http.IFormCollection" />.
            </returns>
        </member>
        <member name="P:Microsoft.AspNetCore.Http.IFormCollection.Keys">
            <summary>
                Gets an <see cref="T:System.Collections.Generic.ICollection`1" /> containing the keys of the
                <see cref="T:Microsoft.AspNetCore.Http.IFormCollection" />.
             | 百度译文：获取<see cref="T:System.Collections.Generic.ICollection`1"/>包含<see cref="T:Microsoft.AspNetCore.Http.IFormCollection"/>。
            </summary>
            <returns>
                An <see cref="T:System.Collections.Generic.ICollection`1" /> containing the keys of the object
                that implements <see cref="T:Microsoft.AspNetCore.Http.IFormCollection" />.
            </returns>
        </member>
        <member name="M:Microsoft.AspNetCore.Http.IFormCollection.ContainsKey(System.String)">
            <summary>
                Determines whether the <see cref="T:Microsoft.AspNetCore.Http.IFormCollection" /> contains an element
                with the specified key.
             | 百度译文：确定是否<see cref="T:Microsoft.AspNetCore.Http.IFormCollection"/>包含具有指定键的元素。
            </summary>
            <param name="key">
            The key to locate in the <see cref="T:Microsoft.AspNetCore.Http.IFormCollection" />.
            </param>
            <returns>
                true if the <see cref="T:Microsoft.AspNetCore.Http.IFormCollection" /> contains an element with
                the key; otherwise, false.
            </returns>
            <exception cref="T:System.ArgumentNullException">
                key is null.
            </exception>
        </member>
        <member name="M:Microsoft.AspNetCore.Http.IFormCollection.TryGetValue(System.String,Microsoft.Extensions.Primitives.StringValues@)">
            <summary>
               Gets the value associated with the specified key.
             | 百度译文：获取与指定键关联的值。
            </summary>
            <param name="key">
                The key of the value to get.
            </param>
            <param name="value">
                The key of the value to get.
                When this method returns, the value associated with the specified key, if the
                key is found; otherwise, the default value for the type of the value parameter.
                This parameter is passed uninitialized.
            </param>
            <returns>
               true if the object that implements <see cref="T:Microsoft.AspNetCore.Http.IFormCollection" /> contains
                an element with the specified key; otherwise, false.
            </returns>
            <exception cref="T:System.ArgumentNullException">
                key is null.
            </exception>
        </member>
        <member name="P:Microsoft.AspNetCore.Http.IFormCollection.Item(System.String)">
            <summary>
                Gets the value with the specified key.
             | 百度译文：获取具有指定键的值。
            </summary>
            <param name="key">
                The key of the value to get.
            </param>
            <returns>
                The element with the specified key, or <c>StringValues.Empty</c> if the key is not present.
            </returns>
            <exception cref="T:System.ArgumentNullException">
                key is null.
            </exception>
            <remarks>
                <see cref="T:Microsoft.AspNetCore.Http.IFormCollection" /> has a different indexer contract than
                <see cref="T:System.Collections.Generic.IDictionary`2" />, as it will return <c>StringValues.Empty</c> for missing entries
                rather than throwing an Exception.
            </remarks>
        </member>
        <member name="P:Microsoft.AspNetCore.Http.IFormCollection.Files">
            <summary>
            The file collection sent with the request.
             | 百度译文：随请求一起发送的文件集合。
            </summary>
            <returns>The files included with the request.</returns>
        </member>
        <member name="T:Microsoft.AspNetCore.Http.IFormFile">
            <summary>
            Represents a file sent with the HttpRequest.
             | 百度译文：表示与HttpRequest一起发送的文件。
            </summary>
        </member>
        <member name="P:Microsoft.AspNetCore.Http.IFormFile.ContentType">
            <summary>
            Gets the raw Content-Type header of the uploaded file.
             | 百度译文：获取上载文件的原始内容类型标头。
            </summary>
        </member>
        <member name="P:Microsoft.AspNetCore.Http.IFormFile.ContentDisposition">
            <summary>
            Gets the raw Content-Disposition header of the uploaded file.
             | 百度译文：获取上载文件的原始内容处置标头。
            </summary>
        </member>
        <member name="P:Microsoft.AspNetCore.Http.IFormFile.Headers">
            <summary>
            Gets the header dictionary of the uploaded file.
             | 百度译文：获取上载文件的头字典。
            </summary>
        </member>
        <member name="P:Microsoft.AspNetCore.Http.IFormFile.Length">
            <summary>
            Gets the file length in bytes.
             | 百度译文：获取以字节为单位的文件长度。
            </summary>
        </member>
        <member name="P:Microsoft.AspNetCore.Http.IFormFile.Name">
            <summary>
            Gets the form field name from the Content-Disposition header.
             | 百度译文：从内容处置标头获取表单字段名称。
            </summary>
        </member>
        <member name="P:Microsoft.AspNetCore.Http.IFormFile.FileName">
            <summary>
            Gets the file name from the Content-Disposition header.
             | 百度译文：从内容处置标头获取文件名。
            </summary>
        </member>
        <member name="M:Microsoft.AspNetCore.Http.IFormFile.OpenReadStream">
            <summary>
            Opens the request stream for reading the uploaded file.
             | 百度译文：打开请求流以读取上载的文件。
            </summary>
        </member>
        <member name="M:Microsoft.AspNetCore.Http.IFormFile.CopyTo(System.IO.Stream)">
            <summary>
            Copies the contents of the uploaded file to the <paramref name="target"/> stream.
             | 百度译文：将上载文件的内容复制到<paramref name="target"/>流中。
            </summary>
            <param name="target">The stream to copy the file contents to.</param>
        </member>
        <member name="M:Microsoft.AspNetCore.Http.IFormFile.CopyToAsync(System.IO.Stream,System.Threading.CancellationToken)">
            <summary>
            Asynchronously copies the contents of the uploaded file to the <paramref name="target"/> stream.
             | 百度译文：将上载文件的内容异步复制到<paramref name="target"/>流中。
            </summary>
            <param name="target">The stream to copy the file contents to.</param>
            <param name="cancellationToken"></param>
        </member>
        <member name="T:Microsoft.AspNetCore.Http.IFormFileCollection">
            <summary>
            Represents the collection of files sent with the HttpRequest.
             | 百度译文：表示与请求一起发送的文件集合的httprest。
            </summary>
        </member>
        <member name="P:Microsoft.AspNetCore.Http.IFormFileCollection.Item(System.String)">
            <summary>
            Gets the first file with the specified name.
             | 百度译文：获取具有指定名称的第一个文件。
            </summary>
            <param name="name">The name of the file to get.</param>
            <returns>
            The requested file, or null if it is not present.
            </returns>
        </member>
        <member name="M:Microsoft.AspNetCore.Http.IFormFileCollection.GetFile(System.String)">
            <summary>
            Gets the first file with the specified name.
             | 百度译文：获取具有指定名称的第一个文件。
            </summary>
            <param name="name">The name of the file to get.</param>
            <returns>
            The requested file, or null if it is not present.
            </returns>
        </member>
        <member name="M:Microsoft.AspNetCore.Http.IFormFileCollection.GetFiles(System.String)">
            <summary>
                Gets an <see cref="T:System.Collections.Generic.IReadOnlyList`1" /> containing the files of the
                <see cref="T:Microsoft.AspNetCore.Http.IFormFileCollection" /> with the specified name.
             | 百度译文：获取<see cref="T:System.Collections.Generic.IReadOnlyList`1"/>包含<see cref="T:Microsoft.AspNetCore.Http.IFormFileCollection"/>具有指定的名称。
            </summary>
            <param name="name">The name of the files to get.</param>
            <returns>
                An <see cref="T:System.Collections.Generic.IReadOnlyList`1" /> containing the files of the object
                that implements <see cref="T:Microsoft.AspNetCore.Http.IFormFileCollection" />.
            </returns>
        </member>
        <member name="T:Microsoft.AspNetCore.Http.IHeaderDictionary">
            <summary>
            Represents HttpRequest and HttpResponse headers
             | 百度译文：表示HttpRequest和HttpResponse标头
            </summary>
        </member>
        <member name="P:Microsoft.AspNetCore.Http.IHeaderDictionary.Item(System.String)">
            <summary>
            IHeaderDictionary has a different indexer contract than IDictionary, where it will return StringValues.Empty for missing entries.
             | 百度译文：IHeaderDictionary与IDictionary有不同的索引器契约，它将返回IDictionary字符串值。空对于丢失的条目。
            </summary>
            <param name="key"></param>
            <returns>The stored value, or StringValues.Empty if the key is not present.</returns>
        </member>
        <member name="P:Microsoft.AspNetCore.Http.IHeaderDictionary.ContentLength">
            <summary>
            Strongly typed access to the Content-Length header. Implementations must keep this in sync with the string representation.
             | 百度译文：对内容长度标头的强类型访问。实现必须使其与字符串表示保持同步。
            </summary>
        </member>
        <member name="T:Microsoft.AspNetCore.Http.IQueryCollection">
            <summary>
                Represents the HttpRequest query string collection
             | 百度译文：表示HttpRequest查询字符串集合
            </summary>
        </member>
        <member name="P:Microsoft.AspNetCore.Http.IQueryCollection.Count">
            <summary>
                Gets the number of elements contained in the <see cref="T:Microsoft.AspNetCore.Http.IQueryCollection" />.
             | 百度译文：获取包含在<see cref="T:Microsoft.AspNetCore.Http.IQueryCollection"/>。
            </summary>
            <returns>
                The number of elements contained in the <see cref="T:Microsoft.AspNetCore.Http.IQueryCollection" />.
            </returns>
        </member>
        <member name="P:Microsoft.AspNetCore.Http.IQueryCollection.Keys">
            <summary>
                Gets an <see cref="T:System.Collections.Generic.ICollection`1" /> containing the keys of the
                <see cref="T:Microsoft.AspNetCore.Http.IQueryCollection" />.
             | 百度译文：获取<see cref="T:System.Collections.Generic.ICollection`1"/>包含<see cref="T:Microsoft.AspNetCore.Http.IQueryCollection"/>。
            </summary>
            <returns>
                An <see cref="T:System.Collections.Generic.ICollection`1" /> containing the keys of the object
                that implements <see cref="T:Microsoft.AspNetCore.Http.IQueryCollection" />.
            </returns>
        </member>
        <member name="M:Microsoft.AspNetCore.Http.IQueryCollection.ContainsKey(System.String)">
            <summary>
                Determines whether the <see cref="T:Microsoft.AspNetCore.Http.IQueryCollection" /> contains an element
                with the specified key.
             | 百度译文：确定是否<see cref="T:Microsoft.AspNetCore.Http.IQueryCollection"/>包含具有指定键的元素。
            </summary>
            <param name="key">
            The key to locate in the <see cref="T:Microsoft.AspNetCore.Http.IQueryCollection" />.
            </param>
            <returns>
                true if the <see cref="T:Microsoft.AspNetCore.Http.IQueryCollection" /> contains an element with
                the key; otherwise, false.
            </returns>
            <exception cref="T:System.ArgumentNullException">
                key is null.
            </exception>
        </member>
        <member name="M:Microsoft.AspNetCore.Http.IQueryCollection.TryGetValue(System.String,Microsoft.Extensions.Primitives.StringValues@)">
            <summary>
               Gets the value associated with the specified key.
             | 百度译文：获取与指定键关联的值。
            </summary>
            <param name="key">
                The key of the value to get.
            </param>
            <param name="value">
                The key of the value to get.
                When this method returns, the value associated with the specified key, if the
                key is found; otherwise, the default value for the type of the value parameter.
                This parameter is passed uninitialized.
            </param>
            <returns>
               true if the object that implements <see cref="T:Microsoft.AspNetCore.Http.IQueryCollection" /> contains
                an element with the specified key; otherwise, false.
            </returns>
            <exception cref="T:System.ArgumentNullException">
                key is null.
            </exception>
        </member>
        <member name="P:Microsoft.AspNetCore.Http.IQueryCollection.Item(System.String)">
            <summary>
                Gets the value with the specified key.
             | 百度译文：获取具有指定键的值。
            </summary>
            <param name="key">
                The key of the value to get.
            </param>
            <returns>
                The element with the specified key, or <c>StringValues.Empty</c> if the key is not present.
            </returns>
            <exception cref="T:System.ArgumentNullException">
                key is null.
            </exception>
            <remarks>
                <see cref="T:Microsoft.AspNetCore.Http.IQueryCollection" /> has a different indexer contract than
                <see cref="T:System.Collections.Generic.IDictionary`2" />, as it will return <c>StringValues.Empty</c> for missing entries
                rather than throwing an Exception.
            </remarks>
        </member>
        <member name="T:Microsoft.AspNetCore.Http.IRequestCookieCollection">
            <summary>
            Represents the HttpRequest cookie collection
             | 百度译文：表示HttpRequest cookie集合
            </summary>
        </member>
        <member name="P:Microsoft.AspNetCore.Http.IRequestCookieCollection.Count">
            <summary>
                Gets the number of elements contained in the <see cref="T:Microsoft.AspNetCore.Http.IRequestCookieCollection" />.
             | 百度译文：获取包含在<see cref="T:Microsoft.AspNetCore.Http.IRequestCookieCollection"/>。
            </summary>
            <returns>
                The number of elements contained in the <see cref="T:Microsoft.AspNetCore.Http.IRequestCookieCollection" />.
            </returns>
        </member>
        <member name="P:Microsoft.AspNetCore.Http.IRequestCookieCollection.Keys">
            <summary>
                Gets an <see cref="T:System.Collections.Generic.ICollection`1" /> containing the keys of the
                <see cref="T:Microsoft.AspNetCore.Http.IRequestCookieCollection" />.
             | 百度译文：获取<see cref="T:System.Collections.Generic.ICollection`1"/>包含<see cref="T:Microsoft.AspNetCore.Http.IRequestCookieCollection"/>。
            </summary>
            <returns>
                An <see cref="T:System.Collections.Generic.ICollection`1" /> containing the keys of the object
                that implements <see cref="T:Microsoft.AspNetCore.Http.IRequestCookieCollection" />.
            </returns>
        </member>
        <member name="M:Microsoft.AspNetCore.Http.IRequestCookieCollection.ContainsKey(System.String)">
            <summary>
                Determines whether the <see cref="T:Microsoft.AspNetCore.Http.IRequestCookieCollection" /> contains an element
                with the specified key.
             | 百度译文：确定是否<see cref="T:Microsoft.AspNetCore.Http.IRequestCookieCollection"/>包含具有指定键的元素。
            </summary>
            <param name="key">
            The key to locate in the <see cref="T:Microsoft.AspNetCore.Http.IRequestCookieCollection" />.
            </param>
            <returns>
                true if the <see cref="T:Microsoft.AspNetCore.Http.IRequestCookieCollection" /> contains an element with
                the key; otherwise, false.
            </returns>
            <exception cref="T:System.ArgumentNullException">
                key is null.
            </exception>
        </member>
        <member name="M:Microsoft.AspNetCore.Http.IRequestCookieCollection.TryGetValue(System.String,System.String@)">
            <summary>
               Gets the value associated with the specified key.
             | 百度译文：获取与指定键关联的值。
            </summary>
            <param name="key">
                The key of the value to get.
            </param>
            <param name="value">
                The key of the value to get.
                When this method returns, the value associated with the specified key, if the
                key is found; otherwise, the default value for the type of the value parameter.
                This parameter is passed uninitialized.
            </param>
            <returns>
               true if the object that implements <see cref="T:Microsoft.AspNetCore.Http.IRequestCookieCollection" /> contains
                an element with the specified key; otherwise, false.
            </returns>
            <exception cref="T:System.ArgumentNullException">
                key is null.
            </exception>
        </member>
        <member name="P:Microsoft.AspNetCore.Http.IRequestCookieCollection.Item(System.String)">
            <summary>
                Gets the value with the specified key.
             | 百度译文：获取具有指定键的值。
            </summary>
            <param name="key">
                The key of the value to get.
            </param>
            <returns>
                The element with the specified key, or <c>null</c> if the key is not present.
            </returns>
            <exception cref="T:System.ArgumentNullException">
                key is null.
            </exception>
            <remarks>
                <see cref="T:Microsoft.AspNetCore.Http.IRequestCookieCollection" /> has a different indexer contract than
                <see cref="T:System.Collections.Generic.IDictionary`2" />, as it will return <c>null</c> for missing entries
                rather than throwing an Exception.
            </remarks>
        </member>
        <member name="T:Microsoft.AspNetCore.Http.IResponseCookies">
            <summary>
            A wrapper for the response Set-Cookie header.
             | 百度译文：响应集Cookie头的包装。
            </summary>
        </member>
        <member name="M:Microsoft.AspNetCore.Http.IResponseCookies.Append(System.String,System.String)">
            <summary>
            Add a new cookie and value.
             | 百度译文：添加新的cookie和值。
            </summary>
            <param name="key">Name of the new cookie.</param>
            <param name="value">Value of the new cookie.</param>
        </member>
        <member name="M:Microsoft.AspNetCore.Http.IResponseCookies.Append(System.String,System.String,Microsoft.AspNetCore.Http.CookieOptions)">
            <summary>
            Add a new cookie.
             | 百度译文：添加新cookie。
            </summary>
            <param name="key">Name of the new cookie.</param>
            <param name="value">Value of the new cookie.</param>
            <param name="options"><see cref="T:Microsoft.AspNetCore.Http.CookieOptions"/> included in the new cookie setting.</param>
        </member>
        <member name="M:Microsoft.AspNetCore.Http.IResponseCookies.Delete(System.String)">
            <summary>
            Sets an expired cookie.
             | 百度译文：设置过期的cookie。
            </summary>
            <param name="key">Name of the cookie to expire.</param>
        </member>
        <member name="M:Microsoft.AspNetCore.Http.IResponseCookies.Delete(System.String,Microsoft.AspNetCore.Http.CookieOptions)">
            <summary>
            Sets an expired cookie.
             | 百度译文：设置过期的cookie。
            </summary>
            <param name="key">Name of the cookie to expire.</param>
            <param name="options">
            <see cref="T:Microsoft.AspNetCore.Http.CookieOptions"/> used to discriminate the particular cookie to expire. The
            <see cref="P:Microsoft.AspNetCore.Http.CookieOptions.Domain"/> and <see cref="P:Microsoft.AspNetCore.Http.CookieOptions.Path"/> values are especially important.
            </param>
        </member>
        <member name="T:Microsoft.AspNetCore.Http.ISession">
            <summary>
            Stores user data while the user browses a web application. Session state uses a store maintained by the application
            to persist data across requests from a client. The session data is backed by a cache and considered ephemeral data.
             | 百度译文：在用户浏览web应用程序时存储用户数据。会话状态使用应用程序维护的存储区在来自客户端的请求之间持久化数据。会话数据由缓存支持，被认为是短暂的数据。
            </summary>
        </member>
        <member name="P:Microsoft.AspNetCore.Http.ISession.IsAvailable">
            <summary>
            Indicate whether the current session has loaded.
             | 百度译文：指示当前会话是否已加载。
            </summary>
        </member>
        <member name="P:Microsoft.AspNetCore.Http.ISession.Id">
            <summary>
            A unique identifier for the current session. This is not the same as the session cookie
            since the cookie lifetime may not be the same as the session entry lifetime in the data store.
             | 百度译文：当前会话的唯一标识符。这与会话cookie不同，因为cookie生存期可能与数据存储区中的会话条目生存期不同。
            </summary>
        </member>
        <member name="P:Microsoft.AspNetCore.Http.ISession.Keys">
            <summary>
            Enumerates all the keys, if any.
             | 百度译文：枚举所有键（如果有）。
            </summary>
        </member>
        <member name="M:Microsoft.AspNetCore.Http.ISession.LoadAsync(System.Threading.CancellationToken)">
            <summary>
            Load the session from the data store. This may throw if the data store is unavailable.
             | 百度译文：从数据存储加载会话。如果数据存储不可用，这可能会引发。
            </summary>
            <returns></returns>
        </member>
        <member name="M:Microsoft.AspNetCore.Http.ISession.CommitAsync(System.Threading.CancellationToken)">
            <summary>
            Store the session in the data store. This may throw if the data store is unavailable.
             | 百度译文：将会话存储在数据存储中。如果数据存储不可用，这可能会引发。
            </summary>
            <returns></returns>
        </member>
        <member name="M:Microsoft.AspNetCore.Http.ISession.TryGetValue(System.String,System.Byte[]@)">
            <summary>
            Retrieve the value of the given key, if present.
             | 百度译文：检索给定键的值（如果存在）。
            </summary>
            <param name="key"></param>
            <param name="value"></param>
            <returns></returns>
        </member>
        <member name="M:Microsoft.AspNetCore.Http.ISession.Set(System.String,System.Byte[])">
            <summary>
            Set the given key and value in the current session. This will throw if the session
            was not established prior to sending the response.
             | 百度译文：在当前会话中设置给定的键和值。如果在发送响应之前没有建立会话，则会抛出。
            </summary>
            <param name="key"></param>
            <param name="value"></param>
        </member>
        <member name="M:Microsoft.AspNetCore.Http.ISession.Remove(System.String)">
            <summary>
            Remove the given key from the session if present.
             | 百度译文：从会话中删除给定的密钥（如果存在）。
            </summary>
            <param name="key"></param>
        </member>
        <member name="M:Microsoft.AspNetCore.Http.ISession.Clear">
            <summary>
            Remove all entries from the current session, if any.
            The session cookie is not removed.
             | 百度译文：删除当前会话中的所有条目（如果有）。不会删除会话cookie。
            </summary>
        </member>
        <member name="T:Microsoft.AspNetCore.Http.SameSiteMode">
            <summary>
            Used to set the SameSite field on response cookies to indicate if those cookies should be included by the client on future "same-site" or "cross-site" requests.
            RFC Draft: https://tools.ietf.org/html/draft-ietf-httpbis-rfc6265bis-03#section-4.1.1
             | 百度译文：用于设置响应cookie上的SameSite字段，以指示客户端是否应在将来的"同一站点"或"跨站点"请求中包含这些cookie。RFC草案：https://tools.ietf.org/html/draft-ietf-httpbis-rfc6265bis-03节-4.1.1条
            </summary>
        </member>
        <member name="F:Microsoft.AspNetCore.Http.SameSiteMode.Unspecified">
            <summary>No SameSite field will be set, the client should follow its default cookie policy. | 百度译文：不会设置SameSite字段，客户端应遵循其默认的cookie策略。
            </summary>
        </member>
        <member name="F:Microsoft.AspNetCore.Http.SameSiteMode.None">
            <summary>Indicates the client should disable same-site restrictions. | 百度译文：指示客户端应禁用相同站点限制。
            </summary>
        </member>
        <member name="F:Microsoft.AspNetCore.Http.SameSiteMode.Lax">
            <summary>Indicates the client should send the cookie with "same-site" requests, and with "cross-site" top-level navigations. | 百度译文：指示客户端应使用"同一站点"请求和"跨站点"顶级导航发送cookie。
            </summary>
        </member>
        <member name="F:Microsoft.AspNetCore.Http.SameSiteMode.Strict">
            <summary>Indicates the client should only send the cookie with "same-site" requests. | 百度译文：指示客户端只应发送带有"同一站点"请求的cookie。
            </summary>
        </member>
    </members>
</doc>