<?xml version="1.0"?>
<doc>
    <assembly>
        <name>Microsoft.AspNetCore.Diagnostics</name>
    </assembly>
    <members>
        <member name="T:Microsoft.AspNetCore.Builder.DeveloperExceptionPageExtensions">
            <summary>
            <see cref="T:Microsoft.AspNetCore.Builder.IApplicationBuilder"/> extension methods for the <see cref="T:Microsoft.AspNetCore.Diagnostics.DeveloperExceptionPageMiddleware"/>.
             | 百度译文：<见cref="T:Microsoft.AspNetCore.Builder.IApplicationBuilder"/>的扩展方法<see cref="T:Microsoft.AspNetCore.Diagnostics.developerXceptionPageMiddleware"/>。
            </summary>
        </member>
        <member name="M:Microsoft.AspNetCore.Builder.DeveloperExceptionPageExtensions.UseDeveloperExceptionPage(Microsoft.AspNetCore.Builder.IApplicationBuilder)">
            <summary>
            Captures synchronous and asynchronous <see cref="T:System.Exception"/> instances from the pipeline and generates HTML error responses.
             | 百度译文：捕获同步和异步<see cref="T:System.Exception"/>实例，并生成HTML错误响应。
            </summary>
            <param name="app">The <see cref="T:Microsoft.AspNetCore.Builder.IApplicationBuilder"/>.</param>
            <returns>A reference to the <paramref name="app"/> after the operation has completed.</returns>
            <remarks>
            This should only be enabled in the Development environment. 
            </remarks>
        </member>
        <member name="M:Microsoft.AspNetCore.Builder.DeveloperExceptionPageExtensions.UseDeveloperExceptionPage(Microsoft.AspNetCore.Builder.IApplicationBuilder,Microsoft.AspNetCore.Builder.DeveloperExceptionPageOptions)">
            <summary>
            Captures synchronous and asynchronous <see cref="T:System.Exception"/> instances from the pipeline and generates HTML error responses.
             | 百度译文：捕获同步和异步<see cref="T:System.Exception"/>实例，并生成HTML错误响应。
            </summary>
            <param name="app">The <see cref="T:Microsoft.AspNetCore.Builder.IApplicationBuilder"/>.</param>
            <param name="options">A <see cref="T:Microsoft.AspNetCore.Builder.DeveloperExceptionPageOptions"/> that specifies options for the middleware.</param>
            <returns>A reference to the <paramref name="app"/> after the operation has completed.</returns>
            <remarks>
            This should only be enabled in the Development environment. 
            </remarks>
        </member>
        <member name="T:Microsoft.AspNetCore.Builder.DeveloperExceptionPageOptions">
            <summary>
            Options for the <see cref="T:Microsoft.AspNetCore.Diagnostics.DeveloperExceptionPageMiddleware"/>.
             | 百度译文：选项<see cref="T:Microsoft.AspNetCore.Diagnostics.developerXceptionPageMiddleware"/>。
            </summary>
        </member>
        <member name="M:Microsoft.AspNetCore.Builder.DeveloperExceptionPageOptions.#ctor">
            <summary>
            Create an instance with the default options settings.
             | 百度译文：使用默认选项设置创建实例。
            </summary>
        </member>
        <member name="P:Microsoft.AspNetCore.Builder.DeveloperExceptionPageOptions.SourceCodeLineCount">
            <summary>
            Determines how many lines of code to include before and after the line of code
            present in an exception's stack frame. Only applies when symbols are available and
            source code referenced by the exception stack trace is present on the server.
             | 百度译文：确定异常堆栈帧中出现的代码行之前和之后要包含的代码行数。仅当符号可用且服务器上存在异常堆栈跟踪引用的源代码时才适用。
            </summary>
        </member>
        <member name="P:Microsoft.AspNetCore.Builder.DeveloperExceptionPageOptions.FileProvider">
            <summary>
            Provides files containing source code used to display contextual information of an exception.
             | 百度译文：提供包含用于显示异常上下文信息的源代码的文件。
            </summary>
            <remarks>
            If <c>null</c> <see cref="T:Microsoft.AspNetCore.Diagnostics.DeveloperExceptionPageMiddleware" /> will use a <see cref="T:Microsoft.Extensions.FileProviders.PhysicalFileProvider"/>.
            </remarks>
        </member>
        <member name="T:Microsoft.AspNetCore.Builder.ExceptionHandlerExtensions">
            <summary>
            Extension methods for enabling <see cref="T:Microsoft.AspNetCore.Builder.ExceptionHandlerExtensions"/>.
             | 百度译文：启用扩展方法<see cref="T:Microsoft.AspNetCore.Builder.ExceptionHandlerExtensions"/>。
            </summary>
        </member>
        <member name="M:Microsoft.AspNetCore.Builder.ExceptionHandlerExtensions.UseExceptionHandler(Microsoft.AspNetCore.Builder.IApplicationBuilder)">
            <summary>
            Adds a middleware to the pipeline that will catch exceptions, log them, and re-execute the request in an alternate pipeline.
            The request will not be re-executed if the response has already started.
             | 百度译文：将异常添加到管道中，然后将异常重新添加到管道中。如果响应已经启动，则不会重新执行请求。
            </summary>
            <param name="app"></param>
            <returns></returns>
        </member>
        <member name="M:Microsoft.AspNetCore.Builder.ExceptionHandlerExtensions.UseExceptionHandler(Microsoft.AspNetCore.Builder.IApplicationBuilder,System.String)">
            <summary>
            Adds a middleware to the pipeline that will catch exceptions, log them, reset the request path, and re-execute the request.
            The request will not be re-executed if the response has already started.
             | 百度译文：向管道中添加一个中间件，该中间件将捕获异常、记录异常、重置请求路径并重新执行请求。如果响应已经启动，则不会重新执行请求。
            </summary>
            <param name="app"></param>
            <param name="errorHandlingPath | 百度译文：路径
            "></param>
            <returns></returns>
        </member>
        <member name="M:Microsoft.AspNetCore.Builder.ExceptionHandlerExtensions.UseExceptionHandler(Microsoft.AspNetCore.Builder.IApplicationBuilder,System.Action{Microsoft.AspNetCore.Builder.IApplicationBuilder})">
            <summary>
            Adds a middleware to the pipeline that will catch exceptions, log them, and re-execute the request in an alternate pipeline.
            The request will not be re-executed if the response has already started.
             | 百度译文：将异常添加到管道中，然后将异常重新添加到管道中。如果响应已经启动，则不会重新执行请求。
            </summary>
            <param name="app"></param>
            <param name="configure"></param>
            <returns></returns>
        </member>
        <member name="M:Microsoft.AspNetCore.Builder.ExceptionHandlerExtensions.UseExceptionHandler(Microsoft.AspNetCore.Builder.IApplicationBuilder,Microsoft.AspNetCore.Builder.ExceptionHandlerOptions)">
            <summary>
            Adds a middleware to the pipeline that will catch exceptions, log them, and re-execute the request in an alternate pipeline.
            The request will not be re-executed if the response has already started.
             | 百度译文：将异常添加到管道中，然后将异常重新添加到管道中。如果响应已经启动，则不会重新执行请求。
            </summary>
            <param name="app"></param>
            <param name="options"></param>
            <returns></returns>
        </member>
        <member name="T:Microsoft.AspNetCore.Builder.ExceptionHandlerOptions">
            <summary>
            Options for configuring the <see cref="T:Microsoft.AspNetCore.Diagnostics.ExceptionHandlerMiddleware"/>.
             | 百度译文：用于配置<see cref="T:Microsoft.AspNetCore.Diagnostics.ExceptionHandlerMiddleware"/>。
            </summary>
        </member>
        <member name="P:Microsoft.AspNetCore.Builder.ExceptionHandlerOptions.ExceptionHandlingPath | 百度译文：路径
            ">
            <summary>
            The path to the exception handling endpoint. This path will be used when executing
            the <see cref="P:Microsoft.AspNetCore.Builder.ExceptionHandlerOptions.ExceptionHandler"/>.
             | 百度译文：异常处理终结点的路径。执行<see cref="P:Microsoft.AspNetCore.Builder.Exc公司eptionHandlerOptions.ExceptionHandler"/>.
            </summary>
        </member>
        <member name="P:Microsoft.AspNetCore.Builder.ExceptionHandlerOptions.ExceptionHandler">
            <summary>
            The <see cref="T:Microsoft.AspNetCore.Http.RequestDelegate" /> that will handle the exception. If this is not
            explicitly provided, the subsequent middleware pipeline will be used by default.
             | 百度译文：<see cref="T:Microsoft.AspNetCore.Http.RequestDelegate"/>将处理异常。如果没有显式提供，默认情况下将使用后续的中间件管道。
            </summary>
        </member>
        <member name="P:Microsoft.AspNetCore.Builder.ExceptionHandlerOptions.AllowStatusCode404Response">
            <summary>
            This value controls whether the <see cref="T:Microsoft.AspNetCore.Diagnostics.ExceptionHandlerMiddleware" /> should
            consider a response with a 404 status code to be a valid result of executing the
            <see cref="P:Microsoft.AspNetCore.Builder.ExceptionHandlerOptions.ExceptionHandler"/>. The default value is false and the middleware will
            consider 404 status codes to be an error on the server and will therefore rethrow
            the original exception.
             | 百度译文：此值控制<see cref="T:Microsoft.AspNetCore.Diagnostics.ExceptionHandlerMiddleware"/>应将404状态代码的响应视为执行<see cref="P:Microsoft.AspNetCore.Builder.ExceptionHandlerOptions.ExceptionHandler"/>. 默认值为false，中间件将认为404状态代码在服务器上是错误，因此将重新显示原始异常。
            </summary>
        </member>
        <member name="T:Microsoft.AspNetCore.Builder.StatusCodePagesExtensions">
            <summary>
            Extension methods for enabling <see cref="T:Microsoft.AspNetCore.Diagnostics.StatusCodePagesMiddleware"/>.
             | 百度译文：启用扩展方法<see cref="T:Microsoft.AspNetCore.Diagnostics.StatusCodePagesMiddleware"/>。
            </summary>
        </member>
        <member name="M:Microsoft.AspNetCore.Builder.StatusCodePagesExtensions.UseStatusCodePages(Microsoft.AspNetCore.Builder.IApplicationBuilder,Microsoft.AspNetCore.Builder.StatusCodePagesOptions)">
            <summary>
            Adds a StatusCodePages middleware with the given options that checks for responses with status codes 
            between 400 and 599 that do not have a body.
             | 百度译文：添加带有给定选项的StatusCodePages中间件，该中间件检查状态代码介于400和599之间且没有正文的响应。
            </summary>
            <param name="app"></param>
            <param name="options"></param>
            <returns></returns>
        </member>
        <member name="M:Microsoft.AspNetCore.Builder.StatusCodePagesExtensions.UseStatusCodePages(Microsoft.AspNetCore.Builder.IApplicationBuilder)">
            <summary>
            Adds a StatusCodePages middleware with a default response handler that checks for responses with status codes 
            between 400 and 599 that do not have a body.
             | 百度译文：添加带有默认响应处理程序的StatusCodePages中间件，该处理程序检查状态代码介于400和599之间且没有正文的响应。
            </summary>
            <param name="app"></param>
            <returns></returns>
        </member>
        <member name="M:Microsoft.AspNetCore.Builder.StatusCodePagesExtensions.UseStatusCodePages(Microsoft.AspNetCore.Builder.IApplicationBuilder,System.Func{Microsoft.AspNetCore.Diagnostics.StatusCodeContext,System.Threading.Tasks.Task})">
            <summary>
            Adds a StatusCodePages middleware with the specified handler that checks for responses with status codes 
            between 400 and 599 that do not have a body.
             | 百度译文：添加带有指定处理程序的StatusCodePages中间件，该处理程序检查状态代码介于400和599之间且没有正文的响应。
            </summary>
            <param name="app"></param>
            <param name="handler"></param>
            <returns></returns>
        </member>
        <member name="M:Microsoft.AspNetCore.Builder.StatusCodePagesExtensions.UseStatusCodePages(Microsoft.AspNetCore.Builder.IApplicationBuilder,System.String,System.String)">
            <summary>
            Adds a StatusCodePages middleware with the specified response body to send. This may include a '{0}' placeholder for the status code.
            The middleware checks for responses with status codes between 400 and 599 that do not have a body.
             | 百度译文：添加具有要发送的指定响应正文的StatusCodePages中间件。这可能包括状态代码的{0}占位符。中间件检查状态代码在400和599之间的没有主体的响应。
            </summary>
            <param name="app"></param>
            <param name="contentType"></param>
            <param name="bodyFormat"></param>
            <returns></returns>
        </member>
        <member name="M:Microsoft.AspNetCore.Builder.StatusCodePagesExtensions.UseStatusCodePagesWithRedirects(Microsoft.AspNetCore.Builder.IApplicationBuilder,System.String)">
            <summary>
            Adds a StatusCodePages middleware to the pipeline. Specifies that responses should be handled by redirecting 
            with the given location URL template. This may include a '{0}' placeholder for the status code. URLs starting 
            with '~' will have Path | 百度译文：路径
            Base prepended, where any other URL will be used as is.
             | 百度译文：向管道添加StatusCodePages中间件。指定响应应通过使用给定的位置URL模板重定向来处理。这可能包括状态代码的"{0}"占位符。以"~"开头的URL将预先准备好路径基，在这里将使用其他URL。
            </summary>
            <param name="app"></param>
            <param name="locationFormat"></param>
            <returns></returns>
        </member>
        <member name="M:Microsoft.AspNetCore.Builder.StatusCodePagesExtensions.UseStatusCodePages(Microsoft.AspNetCore.Builder.IApplicationBuilder,System.Action{Microsoft.AspNetCore.Builder.IApplicationBuilder})">
            <summary>
            Adds a StatusCodePages middleware to the pipeline with the specified alternate middleware pipeline to execute 
            to generate the response body.
             | 百度译文：将StatusCodePages中间件添加到具有指定备用中间件管道的管道中，以执行以生成响应正文。
            </summary>
            <param name="app"></param>
            <param name="configuration"></param>
            <returns></returns>
        </member>
        <member name="M:Microsoft.AspNetCore.Builder.StatusCodePagesExtensions.UseStatusCodePagesWithReExecute(Microsoft.AspNetCore.Builder.IApplicationBuilder,System.String,System.String)">
            <summary>
            Adds a StatusCodePages middleware to the pipeline. Specifies that the response body should be generated by 
            re-executing the request pipeline using an alternate path. This path may contain a '{0}' placeholder of the status code.
             | 百度译文：将StatusCodePages中间件添加到管道中。指定应通过使用备用路径重新执行请求管道来生成响应正文。此路径可能包含状态代码的{0}占位符。
            </summary>
            <param name="app"></param>
            <param name="pathFormat"></param>
            <param name="queryFormat"></param>
            <returns></returns>
        </member>
        <member name="T:Microsoft.AspNetCore.Builder.StatusCodePagesOptions">
            <summary>
            Options for <see cref="T:Microsoft.AspNetCore.Diagnostics.StatusCodePagesMiddleware"/>.
             | 百度译文：选项<see cref="T:Microsoft.AspNetCore.Diagnostics.StatusCodePagesMiddleware"/>。
            </summary>
        </member>
        <member name="M:Microsoft.AspNetCore.Builder.StatusCodePagesOptions.#ctor">
            <summary>
            Creates a default <see cref="T:Microsoft.AspNetCore.Builder.StatusCodePagesOptions"/> which produces a plaintext response
            containing the status code and the reason phrase.
             | 百度译文：创建默认值<see cref="T:Microsoft.AspNetCore.Builder.StatusCodePagesOptions"/>，它生成包含状态代码和原因短语的纯文本响应。
            </summary>
        </member>
        <member name="P:Microsoft.AspNetCore.Builder.StatusCodePagesOptions.HandleAsync">
            <summary>
            The handler that generates the response body for the given <see cref="T:Microsoft.AspNetCore.Diagnostics.StatusCodeContext"/>. By default this produces a plain text response that includes the status code.
             | 百度译文：为给定的<see cref="T:Microsoft.AspNetCore.Diagnostics.StatusCodeContext"/>。默认情况下，这将生成包含状态代码的纯文本响应。
            </summary>
        </member>
        <member name="T:Microsoft.AspNetCore.Builder.Welcome | 百度译文：欢迎光临
            PageExtensions">
            <summary>
            IApplicationBuilder extensions for the Welcome | 百度译文：欢迎光临
            PageMiddleware.
             | 百度译文：Welcome | 百度译文：欢迎光临
            PageMiddleware的IApplicationBuilder扩展。
            </summary>
        </member>
        <member name="M:Microsoft.AspNetCore.Builder.Welcome | 百度译文：欢迎光临
            PageExtensions.UseWelcome | 百度译文：欢迎光临
            Page(Microsoft.AspNetCore.Builder.IApplicationBuilder,Microsoft.AspNetCore.Builder.Welcome | 百度译文：欢迎光临
            PageOptions)">
            <summary>
            Adds the Welcome | 百度译文：欢迎光临
            PageMiddleware to the pipeline with the given options.
             | 百度译文：使用给定的选项将Welcome | 百度译文：欢迎光临
            PageMiddleware添加到管道中。
            </summary>
            <param name="app"></param>
            <param name="options"></param>
            <returns></returns>
        </member>
        <member name="M:Microsoft.AspNetCore.Builder.Welcome | 百度译文：欢迎光临
            PageExtensions.UseWelcome | 百度译文：欢迎光临
            Page(Microsoft.AspNetCore.Builder.IApplicationBuilder,Microsoft.AspNetCore.Http.Path | 百度译文：路径
            String)">
            <summary>
            Adds the Welcome | 百度译文：欢迎光临
            PageMiddleware to the pipeline with the given path.
             | 百度译文：将Welcome | 百度译文：欢迎光临
            PageMiddleware添加到具有给定路径的管道中。
            </summary>
            <param name="app"></param>
            <param name="path"></param>
            <returns></returns>
        </member>
        <member name="M:Microsoft.AspNetCore.Builder.Welcome | 百度译文：欢迎光临
            PageExtensions.UseWelcome | 百度译文：欢迎光临
            Page(Microsoft.AspNetCore.Builder.IApplicationBuilder,System.String)">
            <summary>
            Adds the Welcome | 百度译文：欢迎光临
            PageMiddleware to the pipeline with the given path.
             | 百度译文：将Welcome | 百度译文：欢迎光临
            PageMiddleware添加到具有给定路径的管道中。
            </summary>
            <param name="app"></param>
            <param name="path"></param>
            <returns></returns>
        </member>
        <member name="M:Microsoft.AspNetCore.Builder.Welcome | 百度译文：欢迎光临
            PageExtensions.UseWelcome | 百度译文：欢迎光临
            Page(Microsoft.AspNetCore.Builder.IApplicationBuilder)">
            <summary>
            Adds the Welcome | 百度译文：欢迎光临
            PageMiddleware to the pipeline.
             | 百度译文：将Welcome | 百度译文：欢迎光临
            PageMiddleware添加到管道中。
            </summary>
            <param name="app"></param>
            <returns></returns>
        </member>
        <member name="T:Microsoft.AspNetCore.Builder.Welcome | 百度译文：欢迎光临
            PageOptions">
            <summary>
            Options for the Welcome | 百度译文：欢迎光临
            PageMiddleware.
             | 百度译文：Welcome | 百度译文：欢迎光临
            PageMiddleware的选项。
            </summary>
        </member>
        <member name="P:Microsoft.AspNetCore.Builder.Welcome | 百度译文：欢迎光临
            PageOptions.Path | 百度译文：路径
            ">
            <summary>
            Specifies which requests paths will be responded to. Exact matches only. Leave null to handle all requests.
             | 百度译文：指定将响应哪些请求路径。只有完全匹配。保留null以处理所有请求。
            </summary>
        </member>
        <member name="T:Microsoft.AspNetCore.Diagnostics.DeveloperExceptionPageMiddleware">
            <summary>
            Captures synchronous and asynchronous exceptions from the pipeline and generates error responses.
             | 百度译文：从管道中捕获同步和异步异常并生成错误响应。
            </summary>
        </member>
        <member name="M:Microsoft.AspNetCore.Diagnostics.DeveloperExceptionPageMiddleware.#ctor(Microsoft.AspNetCore.Http.RequestDelegate,Microsoft.Extensions.Options.IOptions{Microsoft.AspNetCore.Builder.DeveloperExceptionPageOptions},Microsoft.Extensions.Logging.ILoggerFactory,Microsoft.AspNetCore.Hosting.IWebHostEnvironment,System.Diagnostics.DiagnosticSource,System.Collections.Generic.IEnumerable{Microsoft.AspNetCore.Diagnostics.IDeveloperPageExceptionFilter})">
            <summary>
            Initializes a new instance of the <see cref="T:Microsoft.AspNetCore.Diagnostics.DeveloperExceptionPageMiddleware"/> class
             | 百度译文：初始化的新实例<see cref="T:Microsoft.AspNetCore.Diagnostics.DeveloperExceptionPageMiddleware"/>类
            </summary>
            <param name="next"></param>
            <param name="options"></param>
            <param name="loggerFactory"></param>
            <param name="hostingEnvironment"></param>
            <param name="diagnosticSource"></param>
            <param name="filters"></param>
        </member>
        <member name="M:Microsoft.AspNetCore.Diagnostics.DeveloperExceptionPageMiddleware.Invoke(Microsoft.AspNetCore.Http.HttpContext)">
            <summary>
            Process an individual request.
             | 百度译文：处理单个请求。
            </summary>
            <param name="context"></param>
            <returns></returns>
        </member>
        <member name="T:Microsoft.AspNetCore.Diagnostics.RazorViews.CompilationErrorPageModel">
            <summary>
            Holds data to be displayed on the compilation error page.
             | 百度译文：保存要在编译错误页上显示的数据。
            </summary>
        </member>
        <member name="P:Microsoft.AspNetCore.Diagnostics.RazorViews.CompilationErrorPageModel.Options">
            <summary>
            Options for what output to display.
             | 百度译文：显示输出的选项。
            </summary>
        </member>
        <member name="P:Microsoft.AspNetCore.Diagnostics.RazorViews.CompilationErrorPageModel.ErrorDetails">
            <summary>
            Detailed information about each parse or compilation error.
             | 百度译文：有关每个解析或编译错误的详细信息。
            </summary>
        </member>
        <member name="P:Microsoft.AspNetCore.Diagnostics.RazorViews.CompilationErrorPageModel.CompiledContent">
            <summary>
            Gets the generated content that produced the corresponding <see cref="P:Microsoft.AspNetCore.Diagnostics.RazorViews.CompilationErrorPageModel.ErrorDetails"/>.
             | 百度译文：获取生成的内容，该内容生成相应的<see cref="P:Microsoft.AspNetCore.Diagnostics.RazorViews.CompilationErrorPageModel.ErrorDetails"/>。
            </summary>
        </member>
        <member name="T:Microsoft.AspNetCore.Diagnostics.RazorViews.ErrorPageModel">
            <summary>
            Holds data to be displayed on the error page.
             | 百度译文：保存要在错误页上显示的数据。
            </summary>
        </member>
        <member name="P:Microsoft.AspNetCore.Diagnostics.RazorViews.ErrorPageModel.Options">
            <summary>
            Options for what output to display.
             | 百度译文：显示输出的选项。
            </summary>
        </member>
        <member name="P:Microsoft.AspNetCore.Diagnostics.RazorViews.ErrorPageModel.ErrorDetails">
            <summary>
            Detailed information about each exception in the stack.
             | 百度译文：堆栈中每个异常的详细信息。
            </summary>
        </member>
        <member name="P:Microsoft.AspNetCore.Diagnostics.RazorViews.ErrorPageModel.Query | 百度译文：查询
            ">
            <summary>
            Parsed query data.
             | 百度译文：已分析的查询数据。
            </summary>
        </member>
        <member name="P:Microsoft.AspNetCore.Diagnostics.RazorViews.ErrorPageModel.Cookies | 百度译文：曲奇饼
            ">
            <summary>
            Request cookies.
             | 百度译文：请求Cookie。
            </summary>
        </member>
        <member name="P:Microsoft.AspNetCore.Diagnostics.RazorViews.ErrorPageModel.Headers | 百度译文：标题
            ">
            <summary>
            Request headers.
             | 百度译文：请求标头。
            </summary>
        </member>
        <member name="P:Microsoft.AspNetCore.Diagnostics.RazorViews.ErrorPageModel.RouteValue | 百度译文：价值
            s">
            <summary>
            Request route values.
             | 百度译文：请求路由值。
            </summary>
        </member>
        <member name="P:Microsoft.AspNetCore.Diagnostics.RazorViews.ErrorPageModel.Endpoint | 百度译文：终结点
            ">
            <summary>
            Request endpoint.
             | 百度译文：请求终结点。
            </summary>
        </member>
        <member name="T:Microsoft.AspNetCore.Diagnostics.ExceptionHandlerFeature">
            <summary>
            A feature containing the path and error of the original request for examination by an exception handler.
             | 百度译文：包含由异常处理程序检查的原始请求的路径和错误的特性。
            </summary>
        </member>
        <member name="P:Microsoft.AspNetCore.Diagnostics.ExceptionHandlerFeature.Error">
            <inheritdoc/>
        </member>
        <member name="P:Microsoft.AspNetCore.Diagnostics.ExceptionHandlerFeature.Path | 百度译文：路径
            ">
            <inheritdoc/>
        </member>
        <member name="T:Microsoft.AspNetCore.Diagnostics.ExceptionHandlerMiddleware">
            <summary>
            A middleware for handling exceptions in the application.
             | 百度译文：用于处理应用程序中异常的中间件。
            </summary>
        </member>
        <member name="M:Microsoft.AspNetCore.Diagnostics.ExceptionHandlerMiddleware.#ctor(Microsoft.AspNetCore.Http.RequestDelegate,Microsoft.Extensions.Logging.ILoggerFactory,Microsoft.Extensions.Options.IOptions{Microsoft.AspNetCore.Builder.ExceptionHandlerOptions},System.Diagnostics.DiagnosticListener)">
            <summary>
            Creates a new <see cref="T:Microsoft.AspNetCore.Diagnostics.ExceptionHandlerMiddleware"/>
             | 百度译文：创建一个新的<see cref="T:Microsoft.AspNetCore.Diagnostics.ExceptionHandlerMiddleware"/>
            </summary>
            <param name="next">The <see cref="T:Microsoft.AspNetCore.Http.RequestDelegate"/> representing the next middleware in the pipeline.</param>
            <param name="loggerFactory">The <see cref="T:Microsoft.Extensions.Logging.ILoggerFactory"/> used for logging.</param>
            <param name="options">The options for configuring the middleware.</param>
            <param name="diagnosticListener">The <see cref="T:System.Diagnostics.DiagnosticListener"/> used for writing diagnostic messages.</param>
        </member>
        <member name="M:Microsoft.AspNetCore.Diagnostics.ExceptionHandlerMiddleware.Invoke(Microsoft.AspNetCore.Http.HttpContext)">
            <summary>
            Executes the middleware.
             | 百度译文：执行中间件。
            </summary>
            <param name="context">The <see cref="T:Microsoft.AspNetCore.Http.HttpContext"/> for the current request.</param>
        </member>
        <member name="T:Microsoft.AspNetCore.Diagnostics.StatusCodeContext">
            <summary>
            Contains information used by the handler of the <see cref="T:Microsoft.AspNetCore.Diagnostics.StatusCodePagesMiddleware"/>.
             | 百度译文：包含<see cref="T:Microsoft.AspNetCore.Diagnostics.StatusCodePagesMiddleware"/>。
            </summary>
        </member>
        <member name="M:Microsoft.AspNetCore.Diagnostics.StatusCodeContext.#ctor(Microsoft.AspNetCore.Http.HttpContext,Microsoft.AspNetCore.Builder.StatusCodePagesOptions,Microsoft.AspNetCore.Http.RequestDelegate)">
            <summary>
            Creates a new <see cref="T:Microsoft.AspNetCore.Diagnostics.StatusCodeContext"/>.
             | 百度译文：创建一个新的<see cref="T:Microsoft.AspNetCore.Diagnostics.StatusCodeContext"/>。
            </summary>
            <param name="context">The <see cref="P:Microsoft.AspNetCore.Diagnostics.StatusCodeContext.HttpContext"/>.</param>
            <param name="options">The configured <see cref="T:Microsoft.AspNetCore.Builder.StatusCodePagesOptions"/>.</param>
            <param name="next">The <see cref="T:Microsoft.AspNetCore.Http.RequestDelegate"/> representing the next middleware in the pipeline.</param>
        </member>
        <member name="P:Microsoft.AspNetCore.Diagnostics.StatusCodeContext.HttpContext">
            <summary>
            Gets the <see cref="P:Microsoft.AspNetCore.Diagnostics.StatusCodeContext.HttpContext"/>.
             | 百度译文：获取<see cref="P:Microsoft.AspNetCore.Diagnostics.StatusCodeContext.HttpContext"/>.
            </summary>
        </member>
        <member name="P:Microsoft.AspNetCore.Diagnostics.StatusCodeContext.Options">
            <summary>
            Gets the configured <see cref="T:Microsoft.AspNetCore.Builder.StatusCodePagesOptions"/>.
             | 百度译文：获取已配置的<see cref="T:Microsoft.AspNetCore.Builder状态代码"/>。
            </summary>
        </member>
        <member name="P:Microsoft.AspNetCore.Diagnostics.StatusCodeContext.Next">
            <summary>
            Gets the <see cref="T:Microsoft.AspNetCore.Http.RequestDelegate"/> representing the next middleware in the pipeline.
             | 百度译文：获取<see cref="T:Microsoft.AspNetCore.Http.RequestDelegate"/>表示管道中的下一个中间件。
            </summary>
        </member>
        <member name="T:Microsoft.AspNetCore.Diagnostics.StatusCodePagesFeature">
            <summary>
            Represents the Status code pages feature.
             | 百度译文：表示状态代码页功能。
            </summary>
        </member>
        <member name="P:Microsoft.AspNetCore.Diagnostics.StatusCodePagesFeature.Enabled">
            <summary>
            Enables or disables status code pages. The default value is true.
            Set this to false to prevent the <see cref="T:Microsoft.AspNetCore.Diagnostics.StatusCodePagesMiddleware"/>
            from creating a response body while handling the error status code.
             | 百度译文：启用或禁用状态代码页。默认值为true。将此设置为false以防止<see cref="T:Microsoft.AspNetCore.Diagnostics.StatusCodePagesMiddleware"/>在处理错误状态代码时创建响应正文。
            </summary>
        </member>
        <member name="T:Microsoft.AspNetCore.Diagnostics.StatusCodePagesMiddleware">
            <summary>
            A middleware for generating the response body of error status codes with no body.
             | 百度译文：生成错误状态码响应体的中间件。
            </summary>
        </member>
        <member name="M:Microsoft.AspNetCore.Diagnostics.StatusCodePagesMiddleware.#ctor(Microsoft.AspNetCore.Http.RequestDelegate,Microsoft.Extensions.Options.IOptions{Microsoft.AspNetCore.Builder.StatusCodePagesOptions})">
            <summary>
            Creates a new <see cref="T:Microsoft.AspNetCore.Diagnostics.StatusCodePagesMiddleware"/>
             | 百度译文：创建一个新的<see cref="T:Microsoft.AspNetCore.Diagnostics.StatusCodePagesMiddleware"/>
            </summary>
            <param name="next">The <see cref="T:Microsoft.AspNetCore.Http.RequestDelegate"/> representing the next middleware in the pipeline.</param>
            <param name="options">The options for configuring the middleware.</param>
        </member>
        <member name="M:Microsoft.AspNetCore.Diagnostics.StatusCodePagesMiddleware.Invoke(Microsoft.AspNetCore.Http.HttpContext)">
            <summary>
            Executes the middleware.
             | 百度译文：执行中间件。
            </summary>
            <param name="context">The <see cref="T:Microsoft.AspNetCore.Http.HttpContext"/> for the current request.</param>
            <returns>A task that represents the execution of this middleware.</returns>
        </member>
        <member name="T:Microsoft.AspNetCore.Diagnostics.StatusCodeReExecuteFeature">
            <summary>Default implementation for <see cref="T:Microsoft.AspNetCore.Diagnostics.IStatusCodeReExecuteFeature" />. | 百度译文：的默认实现<see cref="T:Microsoft.AspNetCore.Diagnostics.IStatusCodeReExecuteFeature"/>。
            </summary>
        </member>
        <member name="P:Microsoft.AspNetCore.Diagnostics.StatusCodeReExecuteFeature.OriginalPath | 百度译文：路径
            ">
            <inheritdoc/>
        </member>
        <member name="P:Microsoft.AspNetCore.Diagnostics.StatusCodeReExecuteFeature.OriginalPath | 百度译文：路径
            Base">
            <inheritdoc/>
        </member>
        <member name="P:Microsoft.AspNetCore.Diagnostics.StatusCodeReExecuteFeature.OriginalQuery | 百度译文：查询
            String">
            <inheritdoc/>
        </member>
        <member name="T:Microsoft.AspNetCore.Diagnostics.Welcome | 百度译文：欢迎光临
            PageMiddleware">
            <summary>
            This middleware provides a default web page for new applications.
             | 百度译文：这个中间件为新应用程序提供了一个默认的网页。
            </summary>
        </member>
        <member name="M:Microsoft.AspNetCore.Diagnostics.Welcome | 百度译文：欢迎光临
            PageMiddleware.#ctor(Microsoft.AspNetCore.Http.RequestDelegate,Microsoft.Extensions.Options.IOptions{Microsoft.AspNetCore.Builder.Welcome | 百度译文：欢迎光临
            PageOptions})">
            <summary>
            Creates a default web page for new applications.
             | 百度译文：为新应用程序创建默认网页。
            </summary>
            <param name="next"></param>
            <param name="options"></param>
        </member>
        <member name="M:Microsoft.AspNetCore.Diagnostics.Welcome | 百度译文：欢迎光临
            PageMiddleware.Invoke(Microsoft.AspNetCore.Http.HttpContext)">
            <summary>
            Process an individual request.
             | 百度译文：处理单个请求。
            </summary>
            <param name="context">The <see cref="T:Microsoft.AspNetCore.Http.HttpContext"/>.</param>
            <returns></returns>
        </member>
        <member name="P:Microsoft.AspNetCore.Diagnostics.Resources.DiagnosticsPageHtml_Information">
            <summary>You are seeing this page because DiagnosticsPageMiddleware was added to your web application. | 百度译文：您看到此页是因为DiagnosticsPageMiddleware已添加到web应用程序中。
            </summary>
        </member>
        <member name="P:Microsoft.AspNetCore.Diagnostics.Resources.DiagnosticsPageHtml_TestErrorMessage">
            <summary>Test Error Message | 百度译文：测试错误消息
            </summary>
        </member>
        <member name="P:Microsoft.AspNetCore.Diagnostics.Resources.DiagnosticsPageHtml_TestErrorSection">
            <summary>Test Error Page | 百度译文：测试错误页
            </summary>
        </member>
        <member name="P:Microsoft.AspNetCore.Diagnostics.Resources.DiagnosticsPageHtml_Title">
            <summary>Diagnostics Page | 百度译文：诊断页面
            </summary>
        </member>
        <member name="P:Microsoft.AspNetCore.Diagnostics.Resources.ErrorPageHtml_Cookies | 百度译文：曲奇饼
            Button">
            <summary>Cookies | 百度译文：曲奇饼
            </summary>
        </member>
        <member name="P:Microsoft.AspNetCore.Diagnostics.Resources.ErrorPageHtml_Headers | 百度译文：标题
            Button">
            <summary>Headers | 百度译文：标题
            </summary>
        </member>
        <member name="P:Microsoft.AspNetCore.Diagnostics.Resources.ErrorPageHtml_NoCookieData">
            <summary>No cookie data. | 百度译文：没有cookie数据。
            </summary>
        </member>
        <member name="P:Microsoft.AspNetCore.Diagnostics.Resources.ErrorPageHtml_NoHeaderData">
            <summary>No header data. | 百度译文：没有标题数据。
            </summary>
        </member>
        <member name="P:Microsoft.AspNetCore.Diagnostics.Resources.ErrorPageHtml_NoQuery | 百度译文：查询
            StringData">
            <summary>No query string data. | 百度译文：没有查询字符串数据。
            </summary>
        </member>
        <member name="P:Microsoft.AspNetCore.Diagnostics.Resources.ErrorPageHtml_Query | 百度译文：查询
            Button">
            <summary>Query | 百度译文：查询
            </summary>
        </member>
        <member name="P:Microsoft.AspNetCore.Diagnostics.Resources.ErrorPageHtml_Stack | 百度译文：堆栈
            Button">
            <summary>Stack | 百度译文：堆栈
            </summary>
        </member>
        <member name="P:Microsoft.AspNetCore.Diagnostics.Resources.ErrorPageHtml_Title">
            <summary>Internal Server Error | 百度译文：内部服务器错误
            </summary>
        </member>
        <member name="P:Microsoft.AspNetCore.Diagnostics.Resources.ErrorPageHtml_UnhandledException">
            <summary>An unhandled exception occurred while processing the request. | 百度译文：处理请求时发生未处理的异常。
            </summary>
        </member>
        <member name="P:Microsoft.AspNetCore.Diagnostics.Resources.ErrorPageHtml_UnknownLocation">
            <summary>Unknown location | 百度译文：未知位置
            </summary>
        </member>
        <member name="P:Microsoft.AspNetCore.Diagnostics.Resources.ErrorPageHtml_Value | 百度译文：价值
            Column">
            <summary>Value | 百度译文：价值
            </summary>
        </member>
        <member name="P:Microsoft.AspNetCore.Diagnostics.Resources.ErrorPageHtml_Variable | 百度译文：变量
            Column">
            <summary>Variable | 百度译文：变量
            </summary>
        </member>
        <member name="P:Microsoft.AspNetCore.Diagnostics.Resources.Exception_Path | 百度译文：路径
            MustStartWithSlash">
            <summary>The path must start with a '/'. | 百度译文：路径必须以"/"开头。
            </summary>
        </member>
        <member name="P:Microsoft.AspNetCore.Diagnostics.Resources.RuntimeInfoPage_PackageName | 百度译文：姓名
            ColumnName | 百度译文：姓名
            ">
            <summary>Name | 百度译文：姓名
            </summary>
        </member>
        <member name="P:Microsoft.AspNetCore.Diagnostics.Resources.RuntimeInfoPage_PackagePath | 百度译文：路径
            ColumnName | 百度译文：姓名
            ">
            <summary>Path | 百度译文：路径
            </summary>
        </member>
        <member name="P:Microsoft.AspNetCore.Diagnostics.Resources.RuntimeInfoPage_Packages">
            <summary>Packages: | 百度译文：包装：
            </summary>
        </member>
        <member name="P:Microsoft.AspNetCore.Diagnostics.Resources.RuntimeInfoPage_PackagesFail">
            <summary>Could not retrieve the list of loaded packages. | 百度译文：无法检索已加载包的列表。
            </summary>
        </member>
        <member name="P:Microsoft.AspNetCore.Diagnostics.Resources.RuntimeInfoPage_PackageVersion | 百度译文：版本
            ColumnName | 百度译文：姓名
            ">
            <summary>Version | 百度译文：版本
            </summary>
        </member>
        <member name="P:Microsoft.AspNetCore.Diagnostics.Resources.RuntimeInfoPage_RuntimeVersion | 百度译文：版本
            ">
            <summary>Runtime Version | 百度译文：版本
            :</summary>
        </member>
        <member name="P:Microsoft.AspNetCore.Diagnostics.Resources.RuntimeInfoPage_RuntimeVersion | 百度译文：版本
            Fail">
            <summary>Could not determine the runtime version. | 百度译文：无法确定运行时版本。
            </summary>
        </member>
        <member name="P:Microsoft.AspNetCore.Diagnostics.Resources.RuntimeInfoPage_Title">
            <summary>Runtime Information | 百度译文：运行时信息
            </summary>
        </member>
        <member name="P:Microsoft.AspNetCore.Diagnostics.Resources.Welcome | 百度译文：欢迎光临
            Header">
            <summary>Welcome | 百度译文：欢迎光临
            </summary>
        </member>
        <member name="P:Microsoft.AspNetCore.Diagnostics.Resources.Welcome | 百度译文：欢迎光临
            LearnMicrosoftAspNet">
            <summary>Learn more about the Microsoft ASP.NET Core components | 百度译文：了解有关Microsoft的更多信息ASP.NET核心部件
            </summary>
        </member>
        <member name="P:Microsoft.AspNetCore.Diagnostics.Resources.Welcome | 百度译文：欢迎光临
            PageImageText_Browser | 百度译文：浏览器
            ">
            <summary>Browser | 百度译文：浏览器
            </summary>
        </member>
        <member name="P:Microsoft.AspNetCore.Diagnostics.Resources.Welcome | 百度译文：欢迎光临
            PageImageText_LearnMore">
            <summary>Learn More | 百度译文：了解更多
            </summary>
        </member>
        <member name="P:Microsoft.AspNetCore.Diagnostics.Resources.Welcome | 百度译文：欢迎光临
            PageImageText_LightBulb">
            <summary>Light Bulb | 百度译文：灯泡
            </summary>
        </member>
        <member name="P:Microsoft.AspNetCore.Diagnostics.Resources.Welcome | 百度译文：欢迎光临
            PageImageText_Skyline | 百度译文：天际线
            ">
            <summary>Skyline | 百度译文：天际线
            </summary>
        </member>
        <member name="P:Microsoft.AspNetCore.Diagnostics.Resources.Welcome | 百度译文：欢迎光临
            Started">
            <summary>Your ASP.NET Core application has been successfully started | 百度译文：你的ASP.NET核心应用程序已成功启动
            </summary>
        </member>
        <member name="P:Microsoft.AspNetCore.Diagnostics.Resources.Welcome | 百度译文：欢迎光临
            Title">
            <summary>Your ASP.NET Core application has been successfully started | 百度译文：你的ASP.NET核心应用程序已成功启动
            .</summary>
        </member>
        <member name="P:Microsoft.AspNetCore.Diagnostics.Resources.ErrorPageHtml_CompilationException">
            <summary>An error occurred during the compilation of a resource required to process this request. Please review the following specific error details and modify your source code appropriately. | 百度译文：编译处理此请求所需的资源时出错。请检查以下特定的错误详细信息并适当修改源代码。
            </summary>
        </member>
        <member name="P:Microsoft.AspNetCore.Diagnostics.Resources.RuntimeInfoPage_OperatingSystem">
            <summary>Operating System: | 百度译文：操作系统：
            </summary>
        </member>
        <member name="P:Microsoft.AspNetCore.Diagnostics.Resources.RuntimeInfoPage_RuntimeArchitecture">
            <summary>Runtime Architecture: | 百度译文：运行时架构：
            </summary>
        </member>
        <member name="P:Microsoft.AspNetCore.Diagnostics.Resources.RuntimeInfoPage_RuntimeType">
            <summary>Runtime Type: | 百度译文：运行时类型：
            </summary>
        </member>
        <member name="P:Microsoft.AspNetCore.Diagnostics.Resources.RuntimeInfoPage_OperatingSystemFail">
            <summary>Could not determine the operating system. | 百度译文：无法确定操作系统。
            </summary>
        </member>
        <member name="P:Microsoft.AspNetCore.Diagnostics.Resources.RuntimeInfoPage_RuntimeArchitectureFail">
            <summary>Could not determine the runtime architecture. | 百度译文：无法确定运行时体系结构。
            </summary>
        </member>
        <member name="P:Microsoft.AspNetCore.Diagnostics.Resources.RuntimeInfoPage_RuntimeTypeFail">
            <summary>Could not determine the runtime type. | 百度译文：无法确定运行时类型。
            </summary>
        </member>
        <member name="P:Microsoft.AspNetCore.Diagnostics.Resources.RuntimeInfoPage_Environment">
            <summary>Environment: | 百度译文：环境：
            </summary>
        </member>
        <member name="P:Microsoft.AspNetCore.Diagnostics.Resources.ExceptionHandlerOptions_NotConfiguredCorrectly">
            <summary>An error occurred when configuring the exception handler middleware. Either the 'ExceptionHandlingPath | 百度译文：路径
            ' or the 'ExceptionHandler' property must be set in 'UseExceptionHandler()'. Alternatively, set one of the aforementioned properties in 'Startup.Configure ...</summary>
        </member>
        <member name="P:Microsoft.AspNetCore.Diagnostics.Resources.ErrorPageHtml_NoRouteValue | 百度译文：价值
            s">
            <summary>No route values. | 百度译文：没有路由值。
            </summary>
        </member>
        <member name="P:Microsoft.AspNetCore.Diagnostics.Resources.ErrorPageHtml_Routing | 百度译文：路由
            Button">
            <summary>Routing | 百度译文：路由
            </summary>
        </member>
        <member name="P:Microsoft.AspNetCore.Diagnostics.Resources.ErrorPageHtml_Endpoint | 百度译文：终结点
            ">
            <summary>Endpoint | 百度译文：终结点
            </summary>
        </member>
        <member name="P:Microsoft.AspNetCore.Diagnostics.Resources.ErrorPageHtml_Endpoint | 百度译文：终结点
            DisplayName | 百度译文：姓名
            ">
            <summary>Display Name | 百度译文：显示名称
             | 百度译文：姓名
            </summary>
        </member>
        <member name="P:Microsoft.AspNetCore.Diagnostics.Resources.ErrorPageHtml_Endpoint | 百度译文：终结点
            RouteOrder">
            <summary>Route Order | 百度译文：路线订单
            </summary>
        </member>
        <member name="P:Microsoft.AspNetCore.Diagnostics.Resources.ErrorPageHtml_Endpoint | 百度译文：终结点
            RouteHttpMethod">
            <summary>Route HTTP Method | 百度译文：路由HTTP方法
            </summary>
        </member>
        <member name="P:Microsoft.AspNetCore.Diagnostics.Resources.ErrorPageHtml_Endpoint | 百度译文：终结点
            RoutePattern">
            <summary>Route Pattern | 百度译文：线路型式
            </summary>
        </member>
        <member name="P:Microsoft.AspNetCore.Diagnostics.Resources.ErrorPageHtml_NoEndpoint | 百度译文：终结点
            ">
            <summary>No endpoint. | 百度译文：没有终结点。
            </summary>
        </member>
        <member name="P:Microsoft.AspNetCore.Diagnostics.Resources.ErrorPageHtml_RouteValue | 百度译文：价值
            s">
            <summary>Route Value | 百度译文：价值
            s</summary>
        </member>
        <member name="P:Microsoft.AspNetCore.Diagnostics.Resources.ErrorPageHtml_Name | 百度译文：姓名
            Column">
            <summary>Name | 百度译文：姓名
            </summary>
        </member>
        <member name="P:Microsoft.AspNetCore.DiagnosticsViewPage.Views.BaseView.Context">
            <summary>
            The request context
             | 百度译文：请求上下文
            </summary>
        </member>
        <member name="P:Microsoft.AspNetCore.DiagnosticsViewPage.Views.BaseView.Request">
            <summary>
            The request
             | 百度译文：请求
            </summary>
        </member>
        <member name="P:Microsoft.AspNetCore.DiagnosticsViewPage.Views.BaseView.Response">
            <summary>
            The response
             | 百度译文：回应
            </summary>
        </member>
        <member name="P:Microsoft.AspNetCore.DiagnosticsViewPage.Views.BaseView.Output">
            <summary>
            The output stream
             | 百度译文：输出流
            </summary>
        </member>
        <member name="P:Microsoft.AspNetCore.DiagnosticsViewPage.Views.BaseView.HtmlEncoder">
            <summary>
            Html encoder used to encode content.
             | 百度译文：用于编码内容的Html编码器。
            </summary>
        </member>
        <member name="P:Microsoft.AspNetCore.DiagnosticsViewPage.Views.BaseView.UrlEncoder">
            <summary>
            Url encoder used to encode content.
             | 百度译文：用于编码内容的Url编码器。
            </summary>
        </member>
        <member name="P:Microsoft.AspNetCore.DiagnosticsViewPage.Views.BaseView.JavaScriptEncoder">
            <summary>
            JavaScript encoder used to encode content.
             | 百度译文：用于编码内容的JavaScript编码器。
            </summary>
        </member>
        <member name="M:Microsoft.AspNetCore.DiagnosticsViewPage.Views.BaseView.ExecuteAsync(Microsoft.AspNetCore.Http.HttpContext)">
            <summary>
            Execute an individual request
             | 百度译文：执行单个请求
            </summary>
            <param name="context"></param>
        </member>
        <member name="M:Microsoft.AspNetCore.DiagnosticsViewPage.Views.BaseView.ExecuteAsync">
            <summary>
            Execute an individual request
             | 百度译文：执行单个请求
            </summary>
        </member>
        <member name="M:Microsoft.AspNetCore.DiagnosticsViewPage.Views.BaseView.WriteLiteral(System.String)">
            <summary>
            Write the given value directly to the output
             | 百度译文：将给定值直接写入输出
            </summary>
            <param name="value"></param>
        </member>
        <member name="M:Microsoft.AspNetCore.DiagnosticsViewPage.Views.BaseView.WriteLiteral(System.Object)">
            <summary>
            Write the given value directly to the output
             | 百度译文：将给定值直接写入输出
            </summary>
            <param name="value"></param>
        </member>
        <member name="M:Microsoft.AspNetCore.DiagnosticsViewPage.Views.BaseView.WriteAttributeTo(System.IO.TextWriter,System.String,System.String,System.String,Microsoft.AspNetCore.DiagnosticsViewPage.Views.AttributeValue | 百度译文：价值
            [])">
            <summary>
            Writes the given attribute to the given writer
             | 百度译文：将给定属性写入给定的编写器
            </summary>
            <param name="writer">The <see cref="T:System.IO.TextWriter"/> instance to write to.</param>
            <param name="name">The name of the attribute to write</param>
            <param name="leader">The value of the prefix</param>
            <param name="trailer">The value of the suffix</param>
            <param name="values">The <see cref="T:Microsoft.AspNetCore.DiagnosticsViewPage.Views.AttributeValue | 百度译文：价值
            "/>s to write.</param>
        </member>
        <member name="M:Microsoft.AspNetCore.DiagnosticsViewPage.Views.BaseView.Write(System.Object)">
            <summary>
            Convert to string and html encode
             | 百度译文：转换为字符串和html编码
            </summary>
            <param name="value"></param>
        </member>
        <member name="M:Microsoft.AspNetCore.DiagnosticsViewPage.Views.BaseView.Write(System.String)">
            <summary>
            Html encode and write
             | 百度译文：Html编码和写入
            </summary>
            <param name="value"></param>
        </member>
        <member name="M:Microsoft.AspNetCore.DiagnosticsViewPage.Views.BaseView.Write(Microsoft.AspNetCore.DiagnosticsViewPage.Views.HelperResult)">
            <summary>
            <see cref="M:Microsoft.AspNetCore.DiagnosticsViewPage.Views.HelperResult.WriteTo(System.IO.TextWriter)"/> is invoked
             | 百度译文：<见cref="M:Microsoft.AspNetCore.DiagnosticsViewPage.Views.HelperResult.WriteTo(System.IO.TextWriter)"/>被调用
            </summary>
            <param name="result">The <see cref="T:Microsoft.AspNetCore.DiagnosticsViewPage.Views.HelperResult"/> to invoke</param>
        </member>
        <member name="M:Microsoft.AspNetCore.DiagnosticsViewPage.Views.BaseView.WriteTo(System.IO.TextWriter,System.Object)">
            <summary>
            Writes the specified <paramref name="value"/> to <paramref name="writer"/>.
             | 百度译文：将指定的<paramref name="value"/>写入<paramref name="writer"/>。
            </summary>
            <param name="writer">The <see cref="T:System.IO.TextWriter"/> instance to write to.</param>
            <param name="value">The <see cref="T:System.Object"/> to write.</param>
            <remarks>
            <see cref="M:Microsoft.AspNetCore.DiagnosticsViewPage.Views.HelperResult.WriteTo(System.IO.TextWriter)"/> is invoked for <see cref="T:Microsoft.AspNetCore.DiagnosticsViewPage.Views.HelperResult"/> types.
            For all other types, the encoded result of <see cref="M:System.Object.ToString"/> is written to the
            <paramref name="writer"/>.
            </remarks>
        </member>
        <member name="M:Microsoft.AspNetCore.DiagnosticsViewPage.Views.BaseView.WriteTo(System.IO.TextWriter,System.String)">
            <summary>
            Writes the specified <paramref name="value"/> with HTML encoding to <paramref name="writer"/>.
             | 百度译文：使用HTML编码将指定的<paramref name="value"/>写入<paramref name="writer"/>。
            </summary>
            <param name="writer">The <see cref="T:System.IO.TextWriter"/> instance to write to.</param>
            <param name="value">The <see cref="T:System.String"/> to write.</param>
        </member>
        <member name="M:Microsoft.AspNetCore.DiagnosticsViewPage.Views.BaseView.WriteLiteralTo(System.IO.TextWriter,System.Object)">
            <summary>
            Writes the specified <paramref name="value"/> without HTML encoding to the <paramref name="writer"/>.
             | 百度译文：将指定的不带HTML编码的<paramref name="value"/>写入<paramref name="writer"/>。
            </summary>
            <param name="writer">The <see cref="T:System.IO.TextWriter"/> instance to write to.</param>
            <param name="value">The <see cref="T:System.Object"/> to write.</param>
        </member>
        <member name="M:Microsoft.AspNetCore.DiagnosticsViewPage.Views.BaseView.WriteLiteralTo(System.IO.TextWriter,System.String)">
            <summary>
            Writes the specified <paramref name="value"/> without HTML encoding to <see cref="P:Microsoft.AspNetCore.DiagnosticsViewPage.Views.BaseView.Output"/>.
             | 百度译文：将指定的不带HTML编码的<paramref name="value"/>写入<see cref="P:Microsoft.AspNetCore.DiagnosticsViewPage.Views.BaseView.Output"/>.
            </summary>
            <param name="writer">The <see cref="T:System.IO.TextWriter"/> instance to write to.</param>
            <param name="value">The <see cref="T:System.String"/> to write.</param>
        </member>
        <member name="T:Microsoft.AspNetCore.DiagnosticsViewPage.Views.HelperResult">
            <summary>
            Represents a deferred write operation in a <see cref="T:Microsoft.AspNetCore.DiagnosticsViewPage.Views.BaseView"/>.
             | 百度译文：表示中的延迟写入操作<see cref="T:Microsoft.AspNetCore.DiagnosticsViewPage.视图.BaseView"/>.
            </summary>
        </member>
        <member name="M:Microsoft.AspNetCore.DiagnosticsViewPage.Views.HelperResult.#ctor(System.Action{System.IO.TextWriter})">
            <summary>
            Creates a new instance of <see cref="T:Microsoft.AspNetCore.DiagnosticsViewPage.Views.HelperResult"/>.
             | 百度译文：创建<see cref="T:Microsoft.AspNetCore.DiagnosticsViewPage.Views.HelperResult"/>.
            </summary>
            <param name="action">The delegate to invoke when <see cref="M:Microsoft.AspNetCore.DiagnosticsViewPage.Views.HelperResult.WriteTo(System.IO.TextWriter)"/> is called.</param>
        </member>
        <member name="M:Microsoft.AspNetCore.DiagnosticsViewPage.Views.HelperResult.WriteTo(System.IO.TextWriter)">
            <summary>
            Method invoked to produce content from the <see cref="T:Microsoft.AspNetCore.DiagnosticsViewPage.Views.HelperResult"/>.
             | 百度译文：方法来从<see cref="T:Microsoft.AspNetCore.DiagnosticsViewPage.Views.HelperResult"/>.
            </summary>
            <param name="writer">The <see cref="T:System.IO.TextWriter"/> instance to write to.</param>
        </member>
        <member name="T:Microsoft.Extensions.DependencyInjection.ExceptionHandlerServiceCollectionExtensions">
            <summary>
            Extension methods for the exception handler middleware.
             | 百度译文：中间件的异常处理程序方法。
            </summary>
        </member>
        <member name="M:Microsoft.Extensions.DependencyInjection.ExceptionHandlerServiceCollectionExtensions.AddExceptionHandler(Microsoft.Extensions.DependencyInjection.IServiceCollection,System.Action{Microsoft.AspNetCore.Builder.ExceptionHandlerOptions})">
            <summary>
            Adds services and options for the exception handler middleware.
             | 百度译文：为异常处理程序中间件添加服务和选项。
            </summary>
            <param name="services">The <see cref="T:Microsoft.Extensions.DependencyInjection.IServiceCollection"/> for adding services.</param>
            <param name="configureOptions">A delegate to configure the <see cref="T:Microsoft.AspNetCore.Builder.ExceptionHandlerOptions"/>.</param>
            <returns></returns>
        </member>
        <member name="M:Microsoft.Extensions.DependencyInjection.ExceptionHandlerServiceCollectionExtensions.AddExceptionHandler``1(Microsoft.Extensions.DependencyInjection.IServiceCollection,System.Action{Microsoft.AspNetCore.Builder.ExceptionHandlerOptions,``0})">
            <summary>
            Adds services and options for the exception handler middleware.
             | 百度译文：为异常处理程序中间件添加服务和选项。
            </summary>
            <param name="services">The <see cref="T:Microsoft.Extensions.DependencyInjection.IServiceCollection"/> for adding services.</param>
            <param name="configureOptions">A delegate to configure the <see cref="T:Microsoft.AspNetCore.Builder.ExceptionHandlerOptions"/>.</param>
            <returns></returns>
        </member>
        <member name="T:Microsoft.Extensions.RazorViews.BaseView">
            <summary>
            Infrastructure
             | 百度译文：基础设施
            </summary>
        </member>
        <member name="P:Microsoft.Extensions.RazorViews.BaseView.Context">
            <summary>
            The request context
             | 百度译文：请求上下文
            </summary>
        </member>
        <member name="P:Microsoft.Extensions.RazorViews.BaseView.Request">
            <summary>
            The request
             | 百度译文：请求
            </summary>
        </member>
        <member name="P:Microsoft.Extensions.RazorViews.BaseView.Response">
            <summary>
            The response
             | 百度译文：回应
            </summary>
        </member>
        <member name="P:Microsoft.Extensions.RazorViews.BaseView.Output">
            <summary>
            The output stream
             | 百度译文：输出流
            </summary>
        </member>
        <member name="P:Microsoft.Extensions.RazorViews.BaseView.HtmlEncoder">
            <summary>
            Html encoder used to encode content.
             | 百度译文：用于编码内容的Html编码器。
            </summary>
        </member>
        <member name="P:Microsoft.Extensions.RazorViews.BaseView.UrlEncoder">
            <summary>
            Url encoder used to encode content.
             | 百度译文：用于编码内容的Url编码器。
            </summary>
        </member>
        <member name="P:Microsoft.Extensions.RazorViews.BaseView.JavaScriptEncoder">
            <summary>
            JavaScript encoder used to encode content.
             | 百度译文：用于编码内容的JavaScript编码器。
            </summary>
        </member>
        <member name="M:Microsoft.Extensions.RazorViews.BaseView.ExecuteAsync(System.IO.Stream)">
            <summary>
            Execute an individual request
             | 百度译文：执行单个请求
            </summary>
            <param name="stream">The stream to write to</param>
        </member>
        <member name="M:Microsoft.Extensions.RazorViews.BaseView.ExecuteAsync(Microsoft.AspNetCore.Http.HttpContext)">
            <summary>
            Execute an individual request
             | 百度译文：执行单个请求
            </summary>
            <param name="context"></param>
        </member>
        <member name="M:Microsoft.Extensions.RazorViews.BaseView.ExecuteAsync">
            <summary>
            Execute an individual request
             | 百度译文：执行单个请求
            </summary>
        </member>
        <member name="M:Microsoft.Extensions.RazorViews.BaseView.WriteLiteral(System.Object)">
            <summary>
            Write the given value without HTML encoding directly to <see cref="P:Microsoft.Extensions.RazorViews.BaseView.Output"/>.
             | 百度译文：不使用HTML编码直接将给定值写入<see cref="P:Microsoft.Extensions.RazorViews.BaseView.输出"/>.
            </summary>
            <param name="value">The <see cref="T:System.Object"/> to write.</param>
        </member>
        <member name="M:Microsoft.Extensions.RazorViews.BaseView.WriteLiteral(System.String)">
            <summary>
            Write the given value without HTML encoding directly to <see cref="P:Microsoft.Extensions.RazorViews.BaseView.Output"/>.
             | 百度译文：不使用HTML编码直接将给定值写入<see cref="P:Microsoft.Extensions.RazorViews.BaseView.输出"/>.
            </summary>
            <param name="value">The <see cref="T:System.String"/> to write.</param>
        </member>
        <member name="M:Microsoft.Extensions.RazorViews.BaseView.WriteAttribute(System.String,System.String,System.String,Microsoft.Extensions.RazorViews.AttributeValue | 百度译文：价值
            [])">
            <summary>
            Writes the given attribute to the given writer
             | 百度译文：将给定属性写入给定的编写器
            </summary>
            <param name="name">The name of the attribute to write</param>
            <param name="leader">The value of the prefix</param>
            <param name="trailer">The value of the suffix</param>
            <param name="values">The <see cref="T:Microsoft.Extensions.RazorViews.AttributeValue | 百度译文：价值
            "/>s to write.</param>
        </member>
        <member name="M:Microsoft.Extensions.RazorViews.BaseView.Write(Microsoft.Extensions.RazorViews.HelperResult)">
            <summary>
            <see cref="M:Microsoft.Extensions.RazorViews.HelperResult.WriteTo(System.IO.TextWriter)"/> is invoked
             | 百度译文：<见cref="M:Microsoft.Extensions.RazorViews.HelperResult.WriteTo(System.IO.TextWriter)"/>被调用
            </summary>
            <param name="result">The <see cref="T:Microsoft.Extensions.RazorViews.HelperResult"/> to invoke</param>
        </member>
        <member name="M:Microsoft.Extensions.RazorViews.BaseView.Write(System.Object)">
            <summary>
            Writes the specified <paramref name="value"/> to <see cref="P:Microsoft.Extensions.RazorViews.BaseView.Output"/>.
             | 百度译文：将指定的<paramref name="value"/>写入<see cref="P:Microsoft.Extensions.RazorViews.BaseView.输出"/>.
            </summary>
            <param name="value">The <see cref="T:System.Object"/> to write.</param>
            <remarks>
            <see cref="M:Microsoft.Extensions.RazorViews.HelperResult.WriteTo(System.IO.TextWriter)"/> is invoked for <see cref="T:Microsoft.Extensions.RazorViews.HelperResult"/> types.
            For all other types, the encoded result of <see cref="M:System.Object.ToString"/> is written to
            <see cref="P:Microsoft.Extensions.RazorViews.BaseView.Output"/>.
            </remarks>
        </member>
        <member name="M:Microsoft.Extensions.RazorViews.BaseView.Write(System.String)">
            <summary>
            Writes the specified <paramref name="value"/> with HTML encoding to <see cref="P:Microsoft.Extensions.RazorViews.BaseView.Output"/>.
             | 百度译文：使用HTML编码将指定的<paramref name="value"/>写入<see cref="P:Microsoft.Extensions.RazorViews.BaseView.输出"/>.
            </summary>
            <param name="value">The <see cref="T:System.String"/> to write.</param>
        </member>
        <member name="T:Microsoft.Extensions.RazorViews.HelperResult">
            <summary>
            Represents a deferred write operation in a <see cref="T:Microsoft.Extensions.RazorViews.BaseView"/>.
             | 百度译文：表示中的延迟写入操作<see cref="T:Microsoft.Extensions.RazorViews.BaseView"/>。
            </summary>
        </member>
        <member name="M:Microsoft.Extensions.RazorViews.HelperResult.#ctor(System.Action{System.IO.TextWriter})">
            <summary>
            Creates a new instance of <see cref="T:Microsoft.Extensions.RazorViews.HelperResult"/>.
             | 百度译文：创建<see cref="T:Microsoft.Extensions.RazorViews.HelperResult"/>。
            </summary>
            <param name="action">The delegate to invoke when <see cref="M:Microsoft.Extensions.RazorViews.HelperResult.WriteTo(System.IO.TextWriter)"/> is called.</param>
        </member>
        <member name="M:Microsoft.Extensions.RazorViews.HelperResult.WriteTo(System.IO.TextWriter)">
            <summary>
            Method invoked to produce content from the <see cref="T:Microsoft.Extensions.RazorViews.HelperResult"/>.
             | 百度译文：方法来从<see cref="T:Microsoft.Extensions.RazorViews.HelperResult"/>。
            </summary>
            <param name="writer">The <see cref="T:System.IO.TextWriter"/> instance to write to.</param>
        </member>
        <member name="T:Microsoft.Extensions.Stack | 百度译文：堆栈
            Trace.Sources.ExceptionDetails">
            <summary>
            Contains details for individual exception messages.
             | 百度译文：包含单个异常消息的详细信息。
            </summary>
        </member>
        <member name="P:Microsoft.Extensions.Stack | 百度译文：堆栈
            Trace.Sources.ExceptionDetails.Error">
            <summary>
            An individual exception
             | 百度译文：个别例外
            </summary>
        </member>
        <member name="P:Microsoft.Extensions.Stack | 百度译文：堆栈
            Trace.Sources.ExceptionDetails.Stack | 百度译文：堆栈
            Frames">
            <summary>
            The generated stack frames
             | 百度译文：生成的堆栈帧
            </summary>
        </member>
        <member name="P:Microsoft.Extensions.Stack | 百度译文：堆栈
            Trace.Sources.ExceptionDetails.ErrorMessage">
            <summary>
            Gets or sets the summary message.
             | 百度译文：获取或设置摘要消息。
            </summary>
        </member>
        <member name="T:Microsoft.Extensions.Stack | 百度译文：堆栈
            Trace.Sources.Stack | 百度译文：堆栈
            FrameSourceCodeInfo">
            <summary>
            Contains the source code where the exception occurred.
             | 百度译文：包含发生异常的源代码。
            </summary>
        </member>
        <member name="P:Microsoft.Extensions.Stack | 百度译文：堆栈
            Trace.Sources.Stack | 百度译文：堆栈
            FrameSourceCodeInfo.Function">
            <summary>
            Function containing instruction
             | 百度译文：包含指令的函数
            </summary>
        </member>
        <member name="P:Microsoft.Extensions.Stack | 百度译文：堆栈
            Trace.Sources.Stack | 百度译文：堆栈
            FrameSourceCodeInfo.File">
            <summary>
            File containing the instruction
             | 百度译文：包含指令的文件
            </summary>
        </member>
        <member name="P:Microsoft.Extensions.Stack | 百度译文：堆栈
            Trace.Sources.Stack | 百度译文：堆栈
            FrameSourceCodeInfo.Line">
            <summary>
            The line number of the instruction
             | 百度译文：指令的行号
            </summary>
        </member>
        <member name="P:Microsoft.Extensions.Stack | 百度译文：堆栈
            Trace.Sources.Stack | 百度译文：堆栈
            FrameSourceCodeInfo.PreContextLine">
            <summary>
            The line preceding the frame line
             | 百度译文：框架线之前的一行
            </summary>
        </member>
        <member name="P:Microsoft.Extensions.Stack | 百度译文：堆栈
            Trace.Sources.Stack | 百度译文：堆栈
            FrameSourceCodeInfo.PreContextCode">
            <summary>
            Lines of code before the actual error line(s).
             | 百度译文：实际错误行之前的代码行。
            </summary>
        </member>
        <member name="P:Microsoft.Extensions.Stack | 百度译文：堆栈
            Trace.Sources.Stack | 百度译文：堆栈
            FrameSourceCodeInfo.ContextCode">
            <summary>
            Line(s) of code responsible for the error.
             | 百度译文：导致错误的代码行。
            </summary>
        </member>
        <member name="P:Microsoft.Extensions.Stack | 百度译文：堆栈
            Trace.Sources.Stack | 百度译文：堆栈
            FrameSourceCodeInfo.PostContextCode">
            <summary>
            Lines of code after the actual error line(s).
             | 百度译文：实际错误行之后的代码行。
            </summary>
        </member>
        <member name="P:Microsoft.Extensions.Stack | 百度译文：堆栈
            Trace.Sources.Stack | 百度译文：堆栈
            FrameSourceCodeInfo.ErrorDetails">
            <summary>
            Specific error details for this stack frame.
             | 百度译文：此堆栈帧的特定错误详细信息。
            </summary>
        </member>
        <member name="M:Microsoft.Extensions.Internal.TypeName | 百度译文：姓名
            Helper.GetTypeDisplayName | 百度译文：姓名
            (System.Type,System.Boolean,System.Boolean,System.Boolean,System.Char)">
            <summary>
            Pretty print a type name.
             | 百度译文：打印一个字体名。
            </summary>
            <param name="type">The <see cref="T:System.Type"/>.</param>
            <param name="fullName | 百度译文：姓名
            "><c>true</c> to print a fully qualified name.</param>
            <param name="includeGenericParameterName | 百度译文：姓名
            s"><c>true</c> to include generic parameter names.</param>
            <param name="includeGenericParameters"><c>true</c> to include generic parameters.</param>
            <param name="nestedTypeDelimiter">Character to use as a delimiter in nested type names</param>
            <returns>The pretty printed type name.</returns>
        </member>
    </members>
</doc>