<?xml version="1.0"?>
<doc>
    <assembly>
        <name>Microsoft.AspNetCore.Http.Extensions</name>
    </assembly>
    <members>
        <member name="M:Microsoft.AspNetCore.Http.HttpContextServerVariableExtensions.GetServerVariable(Microsoft.AspNetCore.Http.HttpContext,System.String)">
            <summary>
            Gets the value of a server variable for the current request.
             | 百度译文：获取当前请求的服务器变量的值。
            </summary>
            <param name="context">The http context for the request.</param>
            <param name="variableName">The name of the variable.</param>
            <returns>
            <c>null</c> if the server does not support the <see cref="T:Microsoft.AspNetCore.Http.Features.IServerVariablesFeature"/> feature.
            May return null or empty if the variable does not exist or is not set.
            </returns>
        </member>
        <member name="M:Microsoft.AspNetCore.Http.HttpRequestJsonExtensions.ReadFromJsonAsync``1(Microsoft.AspNetCore.Http.HttpRequest,System.Threading.CancellationToken)">
            <summary>
            Read JSON from the request and deserialize to the specified type.
            If the request's content-type is not a known JSON type then an error will be thrown.
             | 百度译文：从请求中读取JSON并反序列化为指定的类型。如果请求的内容类型不是已知的JSON类型，那么将抛出一个错误。
            </summary>
            <typeparam name="TValue">The type of object to read.</typeparam>
            <param name="request">The request to read from.</param>
            <param name="cancellationToken">A <see cref="T:System.Threading.CancellationToken"/> used to cancel the operation.</param>
            <returns>The task object representing the asynchronous operation.</returns>
        </member>
        <member name="M:Microsoft.AspNetCore.Http.HttpRequestJsonExtensions.ReadFromJsonAsync``1(Microsoft.AspNetCore.Http.HttpRequest,System.Text.Json.JsonSerializerOptions,System.Threading.CancellationToken)">
            <summary>
            Read JSON from the request and deserialize to the specified type.
            If the request's content-type is not a known JSON type then an error will be thrown.
             | 百度译文：从请求中读取JSON并反序列化为指定的类型。如果请求的内容类型不是已知的JSON类型，那么将抛出一个错误。
            </summary>
            <typeparam name="TValue">The type of object to read.</typeparam>
            <param name="request">The request to read from.</param>
            <param name="options">The serializer options use when deserializing the content.</param>
            <param name="cancellationToken">A <see cref="T:System.Threading.CancellationToken"/> used to cancel the operation.</param>
            <returns>The task object representing the asynchronous operation.</returns>
        </member>
        <member name="M:Microsoft.AspNetCore.Http.HttpRequestJsonExtensions.ReadFromJsonAsync(Microsoft.AspNetCore.Http.HttpRequest,System.Type,System.Threading.CancellationToken)">
            <summary>
            Read JSON from the request and deserialize to the specified type.
            If the request's content-type is not a known JSON type then an error will be thrown.
             | 百度译文：从请求中读取JSON并反序列化为指定的类型。如果请求的内容类型不是已知的JSON类型，那么将抛出一个错误。
            </summary>
            <param name="request">The request to read from.</param>
            <param name="type">The type of object to read.</param>
            <param name="cancellationToken">A <see cref="T:System.Threading.CancellationToken"/> used to cancel the operation.</param>
            <returns>The task object representing the asynchronous operation.</returns>
        </member>
        <member name="M:Microsoft.AspNetCore.Http.HttpRequestJsonExtensions.ReadFromJsonAsync(Microsoft.AspNetCore.Http.HttpRequest,System.Type,System.Text.Json.JsonSerializerOptions,System.Threading.CancellationToken)">
            <summary>
            Read JSON from the request and deserialize to the specified type.
            If the request's content-type is not a known JSON type then an error will be thrown.
             | 百度译文：从请求中读取JSON并反序列化为指定的类型。如果请求的内容类型不是已知的JSON类型，那么将抛出一个错误。
            </summary>
            <param name="request">The request to read from.</param>
            <param name="type">The type of object to read.</param>
            <param name="options">The serializer options use when deserializing the content.</param>
            <param name="cancellationToken">A <see cref="T:System.Threading.CancellationToken"/> used to cancel the operation.</param>
            <returns>The task object representing the asynchronous operation.</returns>
        </member>
        <member name="M:Microsoft.AspNetCore.Http.HttpRequestJsonExtensions.HasJsonContentType(Microsoft.AspNetCore.Http.HttpRequest)">
            <summary>
            Checks the Content-Type header for JSON types.
             | 百度译文：检查Content-Type标头中的JSON类型。
            </summary>
            <returns>true if the Content-Type header represents a JSON content type; otherwise, false.</returns>
        </member>
        <member name="M:Microsoft.AspNetCore.Http.Extensions.StreamCopyOperation.CopyToAsync(System.IO.Stream,System.IO.Stream,System.Nullable{System.Int64},System.Threading.CancellationToken)">
            <summary>Asynchronously reads the given number of bytes from the source stream and writes them to another stream. | 百度译文：从源流异步读取给定数量的字节并将其写入另一个流。
            </summary>
            <returns>A task that represents the asynchronous copy operation.</returns>
            <param name="source">The stream from which the contents will be copied.</param>
            <param name="destination">The stream to which the contents of the current stream will be copied.</param>
            <param name="count">The count of bytes to be copied.</param>
            <param name="cancel">The token to monitor for cancellation requests. The default value is <see cref="P:System.Threading.CancellationToken.None" />.</param>
        </member>
        <member name="M:Microsoft.AspNetCore.Http.Extensions.StreamCopyOperation.CopyToAsync(System.IO.Stream,System.IO.Stream,System.Nullable{System.Int64},System.Int32,System.Threading.CancellationToken)">
            <summary>Asynchronously reads the given number of bytes from the source stream and writes them to another stream, using a specified buffer size. | 百度译文：使用指定的缓冲区大小，从源流异步读取给定数量的字节并将其写入另一个流。
            </summary>
            <returns>A task that represents the asynchronous copy operation.</returns>
            <param name="source">The stream from which the contents will be copied.</param>
            <param name="destination">The stream to which the contents of the current stream will be copied.</param>
            <param name="count">The count of bytes to be copied.</param>
            <param name="bufferSize">The size, in bytes, of the buffer. This value must be greater than zero. The default size is 4096.</param>
            <param name="cancel">The token to monitor for cancellation requests. The default value is <see cref="P:System.Threading.CancellationToken.None" />.</param>
        </member>
        <member name="T:Microsoft.AspNetCore.Http.Extensions.UriHelper">
            <summary>
            A helper class for constructing encoded Uris for use in headers and other Uris.
             | 百度译文：一个helper类，用于构造编码的uri，以便在头和其他uri中使用。
            </summary>
        </member>
        <member name="M:Microsoft.AspNetCore.Http.Extensions.UriHelper.BuildRelative(Microsoft.AspNetCore.Http.PathString,Microsoft.AspNetCore.Http.PathString,Microsoft.AspNetCore.Http.QueryString,Microsoft.AspNetCore.Http.FragmentString)">
            <summary>
            Combines the given URI components into a string that is properly encoded for use in HTTP headers.
             | 百度译文：将给定的URI组件组合成一个正确编码的字符串，以便在HTTP报头中使用。
            </summary>
            <param name="pathBase">The first portion of the request path associated with application root.</param>
            <param name="path">The portion of the request path that identifies the requested resource.</param>
            <param name="query">The query, if any.</param>
            <param name="fragment">The fragment, if any.</param>
            <returns>The combined URI components, properly encoded for use in HTTP headers.</returns>
        </member>
        <member name="M:Microsoft.AspNetCore.Http.Extensions.UriHelper.BuildAbsolute(System.String,Microsoft.AspNetCore.Http.HostString,Microsoft.AspNetCore.Http.PathString,Microsoft.AspNetCore.Http.PathString,Microsoft.AspNetCore.Http.QueryString,Microsoft.AspNetCore.Http.FragmentString)">
            <summary>
            Combines the given URI components into a string that is properly encoded for use in HTTP headers.
             | 百度译文：将给定的URI组件组合成一个正确编码的字符串，以便在HTTP报头中使用。
            Note that unicode in the HostString will be encoded as punycode.
            </summary>
            <param name="scheme">http, https, etc.</param>
            <param name="host">The host portion of the uri normally included in the Host header. This may include the port.</param>
            <param name="pathBase">The first portion of the request path associated with application root.</param>
            <param name="path">The portion of the request path that identifies the requested resource.</param>
            <param name="query">The query, if any.</param>
            <param name="fragment">The fragment, if any.</param>
            <returns>The combined URI components, properly encoded for use in HTTP headers.</returns>
        </member>
        <member name="M:Microsoft.AspNetCore.Http.Extensions.UriHelper.FromAbsolute(System.String,System.String@,Microsoft.AspNetCore.Http.HostString@,Microsoft.AspNetCore.Http.PathString@,Microsoft.AspNetCore.Http.QueryString@,Microsoft.AspNetCore.Http.FragmentString@)">
            <summary>
            Separates the given absolute URI string into components. Assumes no PathBase.
             | 百度译文：将给定的绝对URI字符串分隔为组件。假定没有路径基。
            </summary>
            <param name="uri">A string representation of the uri.</param>
            <param name="scheme">http, https, etc.</param>
            <param name="host">The host portion of the uri normally included in the Host header. This may include the port.</param>
            <param name="path">The portion of the request path that identifies the requested resource.</param>
            <param name="query">The query, if any.</param>
            <param name="fragment">The fragment, if any.</param>
        </member>
        <member name="M:Microsoft.AspNetCore.Http.Extensions.UriHelper.Encode(System.Uri)">
            <summary>
            Generates a string from the given absolute or relative Uri that is appropriately encoded for use in
            HTTP headers. Note that a unicode host name will be encoded as punycode.
             | 百度译文：从给定的绝对或相对Uri生成一个字符串，该字符串经过适当编码以便在HTTP报头中使用。请注意，punycode将被编码为unicode主机名。
            </summary>
            <param name="uri">The Uri to encode.</param>
            <returns>The encoded string version of <paramref name="uri"/>.</returns>
        </member>
        <member name="M:Microsoft.AspNetCore.Http.Extensions.UriHelper.GetEncodedUrl(Microsoft.AspNetCore.Http.HttpRequest)">
            <summary>
            Returns the combined components of the request URL in a fully escaped form suitable for use in HTTP headers
            and other HTTP operations.
             | 百度译文：以完全转义形式返回请求URL的组合组件，该格式适合在HTTP头和其他HTTP操作中使用。
            </summary>
            <param name="request">The request to assemble the uri pieces from.</param>
            <returns>The encoded string version of the URL from <paramref name="request"/>.</returns>
        </member>
        <member name="M:Microsoft.AspNetCore.Http.Extensions.UriHelper.GetEncodedPathAndQuery(Microsoft.AspNetCore.Http.HttpRequest)">
            <summary>
            Returns the relative URI.
             | 百度译文：返回相对URI。
            </summary>
            <param name="request">The request to assemble the uri pieces from.</param>
            <returns>The path and query off of <paramref name="request"/>.</returns>
        </member>
        <member name="M:Microsoft.AspNetCore.Http.Extensions.UriHelper.GetDisplayUrl(Microsoft.AspNetCore.Http.HttpRequest)">
            <summary>
            Returns the combined components of the request URL in a fully un-escaped form (except for the QueryString)
            suitable only for display. This format should not be used in HTTP headers or other HTTP operations.
             | 百度译文：以完全不转义的形式（QueryString除外）返回只适合显示的请求URL的组合组件。此格式不应在HTTP头或其他HTTP操作中使用。
            </summary>
            <param name="request">The request to assemble the uri pieces from.</param>
            <returns>The combined components of the request URL in a fully un-escaped form (except for the QueryString)
            suitable only for display.</returns>
        </member>
        <member name="M:Microsoft.AspNetCore.Http.HttpResponseJsonExtensions.WriteAsJsonAsync``1(Microsoft.AspNetCore.Http.HttpResponse,``0,System.Threading.CancellationToken)">
            <summary>
            Write the specified value as JSON to the response body. The response content-type will be set to
            <c>application/json; charset=utf-8</c> and the status code set to <c>200</c>.
             | 百度译文：将指定的值作为JSON写入响应主体。响应内容类型将设置为<c>application/json；charset=utf-8</c>，状态代码设置为<c>200</c>。
            </summary>
            <typeparam name="TValue">The type of object to write.</typeparam>
            <param name="response">The response to write JSON to.</param>
            <param name="value">The value to write as JSON.</param>
            <param name="cancellationToken">A <see cref="T:System.Threading.CancellationToken"/> used to cancel the operation.</param>
            <returns>The task object representing the asynchronous operation.</returns>
        </member>
        <member name="M:Microsoft.AspNetCore.Http.HttpResponseJsonExtensions.WriteAsJsonAsync``1(Microsoft.AspNetCore.Http.HttpResponse,``0,System.Text.Json.JsonSerializerOptions,System.Threading.CancellationToken)">
            <summary>
            Write the specified value as JSON to the response body. The response content-type will be set to
            <c>application/json; charset=utf-8</c> and the status code set to <c>200</c>.
             | 百度译文：将指定的值作为JSON写入响应主体。响应内容类型将设置为<c>application/json；charset=utf-8</c>，状态代码设置为<c>200</c>。
            </summary>
            <typeparam name="TValue">The type of object to write.</typeparam>
            <param name="response">The response to write JSON to.</param>
            <param name="value">The value to write as JSON.</param>
            <param name="options">The serializer options use when serializing the value.</param>
            <param name="cancellationToken">A <see cref="T:System.Threading.CancellationToken"/> used to cancel the operation.</param>
            <returns>The task object representing the asynchronous operation.</returns>
        </member>
        <member name="M:Microsoft.AspNetCore.Http.HttpResponseJsonExtensions.WriteAsJsonAsync``1(Microsoft.AspNetCore.Http.HttpResponse,``0,System.Text.Json.JsonSerializerOptions,System.String,System.Threading.CancellationToken)">
            <summary>
            Write the specified value as JSON to the response body. The response content-type will be set to
            the specified content-type and the status code set to <c>200</c>.
             | 百度译文：将指定的值作为JSON写入响应主体。响应内容类型将设置为指定的内容类型，状态代码设置为<c>200</c>。
            </summary>
            <typeparam name="TValue">The type of object to write.</typeparam>
            <param name="response">The response to write JSON to.</param>
            <param name="value">The value to write as JSON.</param>
            <param name="options">The serializer options use when serializing the value.</param>
            <param name="contentType">The content-type to set on the response.</param>
            <param name="cancellationToken">A <see cref="T:System.Threading.CancellationToken"/> used to cancel the operation.</param>
            <returns>The task object representing the asynchronous operation.</returns>
        </member>
        <member name="M:Microsoft.AspNetCore.Http.HttpResponseJsonExtensions.WriteAsJsonAsync(Microsoft.AspNetCore.Http.HttpResponse,System.Object,System.Type,System.Threading.CancellationToken)">
            <summary>
            Write the specified value as JSON to the response body. The response content-type will be set to
            <c>application/json; charset=utf-8</c> and the status code set to <c>200</c>.
             | 百度译文：将指定的值作为JSON写入响应主体。响应内容类型将设置为<c>application/json；charset=utf-8</c>，状态代码设置为<c>200</c>。
            </summary>
            <param name="response">The response to write JSON to.</param>
            <param name="value">The value to write as JSON.</param>
            <param name="type">The type of object to write.</param>
            <param name="cancellationToken">A <see cref="T:System.Threading.CancellationToken"/> used to cancel the operation.</param>
            <returns>The task object representing the asynchronous operation.</returns>
        </member>
        <member name="M:Microsoft.AspNetCore.Http.HttpResponseJsonExtensions.WriteAsJsonAsync(Microsoft.AspNetCore.Http.HttpResponse,System.Object,System.Type,System.Text.Json.JsonSerializerOptions,System.Threading.CancellationToken)">
            <summary>
            Write the specified value as JSON to the response body. The response content-type will be set to
            <c>application/json; charset=utf-8</c> and the status code set to <c>200</c>.
             | 百度译文：将指定的值作为JSON写入响应主体。响应内容类型将设置为<c>application/json；charset=utf-8</c>，状态代码设置为<c>200</c>。
            </summary>
            <param name="response">The response to write JSON to.</param>
            <param name="value">The value to write as JSON.</param>
            <param name="type">The type of object to write.</param>
            <param name="options">The serializer options use when serializing the value.</param>
            <param name="cancellationToken">A <see cref="T:System.Threading.CancellationToken"/> used to cancel the operation.</param>
            <returns>The task object representing the asynchronous operation.</returns>
        </member>
        <member name="M:Microsoft.AspNetCore.Http.HttpResponseJsonExtensions.WriteAsJsonAsync(Microsoft.AspNetCore.Http.HttpResponse,System.Object,System.Type,System.Text.Json.JsonSerializerOptions,System.String,System.Threading.CancellationToken)">
            <summary>
            Write the specified value as JSON to the response body. The response content-type will be set to
            the specified content-type and the status code set to <c>200</c>.
             | 百度译文：将指定的值作为JSON写入响应主体。响应内容类型将设置为指定的内容类型，状态代码设置为<c>200</c>。
            </summary>
            <param name="response">The response to write JSON to.</param>
            <param name="value">The value to write as JSON.</param>
            <param name="type">The type of object to write.</param>
            <param name="options">The serializer options use when serializing the value.</param>
            <param name="contentType">The content-type to set on the response.</param>
            <param name="cancellationToken">A <see cref="T:System.Threading.CancellationToken"/> used to cancel the operation.</param>
            <returns>The task object representing the asynchronous operation.</returns>
        </member>
        <member name="M:Microsoft.AspNetCore.Http.Headers.RequestHeaders.Get``1(System.String)">
            <summary>
            Gets the value of header with <paramref name="name"/>.
             | 百度译文：使用<paramref name="name"/>获取标头的值。
            </summary>
            <remarks><typeparamref name="T"/> must contain a TryParse method with the signature <c>public static bool TryParse(string, out T)</c>.</remarks>
            <typeparam name="T">The type of the header.
            The given type must have a static TryParse method.</typeparam>
            <param name="name">The name of the header to retrieve.</param>
            <returns>The value of the header.</returns>
        </member>
        <member name="M:Microsoft.AspNetCore.Http.Headers.RequestHeaders.GetList``1(System.String)">
            <summary>
            Gets the values of header with <paramref name="name"/>.
             | 百度译文：获取具有<paramref name="name"/>的头的值。
            </summary>
            <remarks><typeparamref name="T"/> must contain a TryParseList method with the signature <c>public static bool TryParseList(IList&lt;string&gt;, out IList&lt;T&gt;)</c>.</remarks>
            <typeparam name="T">The type of the header.
            The given type must have a static TryParseList method.</typeparam>
            <param name="name">The name of the header to retrieve.</param>
            <returns>List of values of the header.</returns>
        </member>
        <member name="M:Microsoft.AspNetCore.Http.Headers.ResponseHeaders.Get``1(System.String)">
            <summary>
            Gets the value of header with <paramref name="name"/>.
             | 百度译文：使用<paramref name="name"/>获取标头的值。
            </summary>
            <remarks><typeparamref name="T"/> must contain a TryParse method with the signature <c>public static bool TryParse(string, out T)</c>.</remarks>
            <typeparam name="T">The type of the header.
            The given type must have a static TryParse method.</typeparam>
            <param name="name">The name of the header to retrieve.</param>
            <returns>The value of the header.</returns>
        </member>
        <member name="M:Microsoft.AspNetCore.Http.Headers.ResponseHeaders.GetList``1(System.String)">
            <summary>
            Gets the values of header with <paramref name="name"/>.
             | 百度译文：获取具有<paramref name="name"/>的头的值。
            </summary>
            <remarks><typeparamref name="T"/> must contain a TryParseList method with the signature <c>public static bool TryParseList(IList&lt;string&gt;, out IList&lt;T&gt;)</c>.</remarks>
            <typeparam name="T">The type of the header.
            The given type must have a static TryParseList method.</typeparam>
            <param name="name">The name of the header to retrieve.</param>
            <returns>List of values of the header.</returns>
        </member>
        <member name="M:Microsoft.AspNetCore.Http.ResponseExtensions.Redirect(Microsoft.AspNetCore.Http.HttpResponse,System.String,System.Boolean,System.Boolean)">
            <summary>
            Returns a redirect response (HTTP 301, HTTP 302, HTTP 307 or HTTP 308) to the client.
             | 百度译文：向客户端返回重定向响应（HTTP 301、HTTP 302、HTTP 307或HTTP 308）。
            </summary>
            <param name="response">The <see cref="T:Microsoft.AspNetCore.Http.HttpResponse"/> to redirect.</param>
            <param name="location">The URL to redirect the client to. This must be properly encoded for use in http headers where only ASCII characters are allowed.</param>
            <param name="permanent"><c>True</c> if the redirect is permanent (301 or 308), otherwise <c>false</c> (302 or 307).</param>
            <param name="preserveMethod"><c>True</c> if the redirect needs to reuse the method and body (308 or 307), otherwise <c>false</c> (301 or 302).</param>
        </member>
        <member name="T:Microsoft.AspNetCore.Http.SendFileResponseExtensions">
            <summary>
            Provides extensions for HttpResponse exposing the SendFile extension.
             | 百度译文：为公开SendFile扩展名的HttpResponse提供扩展名。
            </summary>
        </member>
        <member name="M:Microsoft.AspNetCore.Http.SendFileResponseExtensions.SendFileAsync(Microsoft.AspNetCore.Http.HttpResponse,Microsoft.Extensions.FileProviders.IFileInfo,System.Threading.CancellationToken)">
            <summary>
            Sends the given file using the SendFile extension.
             | 百度译文：使用SendFile扩展名发送给定的文件。
            </summary>
            <param name="response"></param>
            <param name="file">The file.</param>
            <param name="cancellationToken">The <see cref="T:System.Threading.CancellationToken"/>.</param>
        </member>
        <member name="M:Microsoft.AspNetCore.Http.SendFileResponseExtensions.SendFileAsync(Microsoft.AspNetCore.Http.HttpResponse,Microsoft.Extensions.FileProviders.IFileInfo,System.Int64,System.Nullable{System.Int64},System.Threading.CancellationToken)">
            <summary>
            Sends the given file using the SendFile extension.
             | 百度译文：使用SendFile扩展名发送给定的文件。
            </summary>
            <param name="response"></param>
            <param name="file">The file.</param>
            <param name="offset">The offset in the file.</param>
            <param name="count">The number of bytes to send, or null to send the remainder of the file.</param>
            <param name="cancellationToken"></param>
            <returns></returns>
        </member>
        <member name="M:Microsoft.AspNetCore.Http.SendFileResponseExtensions.SendFileAsync(Microsoft.AspNetCore.Http.HttpResponse,System.String,System.Threading.CancellationToken)">
            <summary>
            Sends the given file using the SendFile extension.
             | 百度译文：使用SendFile扩展名发送给定的文件。
            </summary>
            <param name="response"></param>
            <param name="fileName">The full path to the file.</param>
            <param name="cancellationToken">The <see cref="T:System.Threading.CancellationToken"/>.</param>
            <returns></returns>
        </member>
        <member name="M:Microsoft.AspNetCore.Http.SendFileResponseExtensions.SendFileAsync(Microsoft.AspNetCore.Http.HttpResponse,System.String,System.Int64,System.Nullable{System.Int64},System.Threading.CancellationToken)">
            <summary>
            Sends the given file using the SendFile extension.
             | 百度译文：使用SendFile扩展名发送给定的文件。
            </summary>
            <param name="response"></param>
            <param name="fileName">The full path to the file.</param>
            <param name="offset">The offset in the file.</param>
            <param name="count">The number of bytes to send, or null to send the remainder of the file.</param>
            <param name="cancellationToken"></param>
            <returns></returns>
        </member>
        <member name="M:Microsoft.AspNetCore.Http.StreamCopyOperationInternal.CopyToAsync(System.IO.Stream,System.IO.Stream,System.Nullable{System.Int64},System.Threading.CancellationToken)">
            <summary>Asynchronously reads the given number of bytes from the source stream and writes them to another stream. | 百度译文：从源流异步读取给定数量的字节并将其写入另一个流。
            </summary>
            <returns>A task that represents the asynchronous copy operation.</returns>
            <param name="source">The stream from which the contents will be copied.</param>
            <param name="destination">The stream to which the contents of the current stream will be copied.</param>
            <param name="count">The count of bytes to be copied.</param>
            <param name="cancel">The token to monitor for cancellation requests. The default value is <see cref="P:System.Threading.CancellationToken.None" />.</param>
        </member>
        <member name="M:Microsoft.AspNetCore.Http.StreamCopyOperationInternal.CopyToAsync(System.IO.Stream,System.IO.Stream,System.Nullable{System.Int64},System.Int32,System.Threading.CancellationToken)">
            <summary>Asynchronously reads the given number of bytes from the source stream and writes them to another stream, using a specified buffer size. | 百度译文：使用指定的缓冲区大小，从源流异步读取给定数量的字节并将其写入另一个流。
            </summary>
            <returns>A task that represents the asynchronous copy operation.</returns>
            <param name="source">The stream from which the contents will be copied.</param>
            <param name="destination">The stream to which the contents of the current stream will be copied.</param>
            <param name="count">The count of bytes to be copied.</param>
            <param name="bufferSize">The size, in bytes, of the buffer. This value must be greater than zero. The default size is 4096.</param>
            <param name="cancel">The token to monitor for cancellation requests. The default value is <see cref="P:System.Threading.CancellationToken.None" />.</param>
        </member>
    </members>
</doc>