<?xml version="1.0"?>
<doc>
    <assembly>
        <name>Microsoft.AspNetCore.Components.Forms</name>
    </assembly>
    <members>
        <member name="T:Microsoft.AspNetCore.Components.Forms.DataAnnotationsValidator">
            <summary>
            Adds Data Annotations validation support to an <see cref="T:Microsoft.AspNetCore.Components.Forms.EditContext"/>.
             | 百度译文：向<see cref="T:Microsoft.AspNetCore.Components.Forms.EditContext"/>.
            </summary>
        </member>
        <member name="M:Microsoft.AspNetCore.Components.Forms.DataAnnotationsValidator.OnInitialized">
            <inheritdoc />
        </member>
        <member name="T:Microsoft.AspNetCore.Components.Forms.EditContext">
            <summary>
            Holds metadata related to a data editing process, such as flags to indicate which
            fields have been modified and the current set of validation messages.
             | 百度译文：保存与数据编辑过程相关的元数据，例如指示已修改哪些字段和当前验证消息集的标志。
            </summary>
        </member>
        <member name="M:Microsoft.AspNetCore.Components.Forms.EditContext.#ctor(System.Object)">
            <summary>
            Constructs an instance of <see cref="T:Microsoft.AspNetCore.Components.Forms.EditContext"/>.
             | 百度译文：构造<see cref="T:Microsoft.AspNetCore.Components.Forms.EditContext"/>.
            </summary>
            <param name="model">The model object for the <see cref="T:Microsoft.AspNetCore.Components.Forms.EditContext"/>. This object should hold the data being edited, for example as a set of properties.</param>
        </member>
        <member name="E:Microsoft.AspNetCore.Components.Forms.EditContext.OnFieldChanged">
            <summary>
            An event that is raised when a field value changes.
             | 百度译文：当某个字段的值发生更改时引发该事件。
            </summary>
        </member>
        <member name="E:Microsoft.AspNetCore.Components.Forms.EditContext.OnValidationRequested">
            <summary>
            An event that is raised when validation is requested.
             | 百度译文：请求验证时引发的事件。
            </summary>
        </member>
        <member name="E:Microsoft.AspNetCore.Components.Forms.EditContext.OnValidationStateChanged">
            <summary>
            An event that is raised when validation state has changed.
             | 百度译文：验证状态更改时引发的事件。
            </summary>
        </member>
        <member name="M:Microsoft.AspNetCore.Components.Forms.EditContext.Field(System.String)">
            <summary>
            Supplies a <see cref="T:Microsoft.AspNetCore.Components.Forms.FieldIdentifier"/> corresponding to a specified field name
            on this <see cref="T:Microsoft.AspNetCore.Components.Forms.EditContext"/>'s <see cref="P:Microsoft.AspNetCore.Components.Forms.EditContext.Model"/>.
             | 百度译文：供给a<见cref="T:Microsoft.AspNetCore.Components.Forms.FieldIdentifier请参见指定的字段名称：Microsoft.AspNetCore.Components.Forms.EditContext"/>的<see cref="P:Microsoft.AspNetCore.Components.Forms.EditContext.Model"/>.
            </summary>
            <param name="fieldName">The name of the editable field.</param>
            <returns>A <see cref="T:Microsoft.AspNetCore.Components.Forms.FieldIdentifier"/> corresponding to a specified field name on this <see cref="T:Microsoft.AspNetCore.Components.Forms.EditContext"/>'s <see cref="P:Microsoft.AspNetCore.Components.Forms.EditContext.Model"/>.</returns>
        </member>
        <member name="P:Microsoft.AspNetCore.Components.Forms.EditContext.Model">
            <summary>
            Gets the model object for this <see cref="T:Microsoft.AspNetCore.Components.Forms.EditContext"/>.
             | 百度译文：获取此的模型对象<see cref="T:Microsoft.AspNetCore.Components.Forms.EditContext"/>.
            </summary>
        </member>
        <member name="P:Microsoft.AspNetCore.Components.Forms.EditContext.Properties">
            <summary>
            Gets a collection of arbitrary properties associated with this instance.
             | 百度译文：获取与此实例关联的任意属性的集合。
            </summary>
        </member>
        <member name="M:Microsoft.AspNetCore.Components.Forms.EditContext.NotifyFieldChanged(Microsoft.AspNetCore.Components.Forms.FieldIdentifier@)">
            <summary>
            Signals that the value for the specified field has changed.
             | 百度译文：指示指定字段的值已更改。
            </summary>
            <param name="fieldIdentifier">Identifies the field whose value has been changed.</param>
        </member>
        <member name="M:Microsoft.AspNetCore.Components.Forms.EditContext.NotifyValidationStateChanged">
            <summary>
            Signals that some aspect of validation state has changed.
             | 百度译文：表示验证状态的某些方面已更改。
            </summary>
        </member>
        <member name="M:Microsoft.AspNetCore.Components.Forms.EditContext.MarkAsUnmodified(Microsoft.AspNetCore.Components.Forms.FieldIdentifier@)">
            <summary>
            Clears any modification flag that may be tracked for the specified field.
             | 百度译文：清除指定字段可能跟踪的任何修改标志。
            </summary>
            <param name="fieldIdentifier">Identifies the field whose modification flag (if any) should be cleared.</param>
        </member>
        <member name="M:Microsoft.AspNetCore.Components.Forms.EditContext.MarkAsUnmodified">
            <summary>
            Clears all modification flags within this <see cref="T:Microsoft.AspNetCore.Components.Forms.EditContext"/>.
             | 百度译文：清除此中的所有修改标志<see cref="T:Microsoft.AspNetCore.Components.Forms.EditContext"/>.
            </summary>
        </member>
        <member name="M:Microsoft.AspNetCore.Components.Forms.EditContext.IsModified">
            <summary>
            Determines whether any of the fields in this <see cref="T:Microsoft.AspNetCore.Components.Forms.EditContext"/> have been modified.
             | 百度译文：确定此中是否有任何字段<see cref="T:Microsoft.AspNetCore.Components.Forms.EditContext"/>已修改。
            </summary>
            <returns>True if any of the fields in this <see cref="T:Microsoft.AspNetCore.Components.Forms.EditContext"/> have been modified; otherwise false.</returns>
        </member>
        <member name="M:Microsoft.AspNetCore.Components.Forms.EditContext.GetValidationMessages">
             <summary>
             Gets the current validation messages across all fields.
            
             This method does not perform validation itself. It only returns messages determined by previous validation actions.
              | 百度译文：获取所有字段的当前验证消息。此方法本身不执行验证。它只返回由以前的验证操作确定的消息。
            </summary>
             <returns>The current validation messages.</returns>
        </member>
        <member name="M:Microsoft.AspNetCore.Components.Forms.EditContext.GetValidationMessages(Microsoft.AspNetCore.Components.Forms.FieldIdentifier)">
             <summary>
             Gets the current validation messages for the specified field.
            
             This method does not perform validation itself. It only returns messages determined by previous validation actions.
              | 百度译文：获取指定字段的当前验证消息。此方法本身不执行验证。它只返回由以前的验证操作确定的消息。
            </summary>
             <param name="fieldIdentifier">Identifies the field whose current validation messages should be returned.</param>
             <returns>The current validation messages for the specified field.</returns>
        </member>
        <member name="M:Microsoft.AspNetCore.Components.Forms.EditContext.GetValidationMessages(System.Linq.Expressions.Expression{System.Func{System.Object}})">
             <summary>
             Gets the current validation messages for the specified field.
            
             This method does not perform validation itself. It only returns messages determined by previous validation actions.
              | 百度译文：获取指定字段的当前验证消息。此方法本身不执行验证。它只返回由以前的验证操作确定的消息。
            </summary>
             <param name="accessor">Identifies the field whose current validation messages should be returned.</param>
             <returns>The current validation messages for the specified field.</returns>
        </member>
        <member name="M:Microsoft.AspNetCore.Components.Forms.EditContext.IsModified(Microsoft.AspNetCore.Components.Forms.FieldIdentifier@)">
            <summary>
            Determines whether the specified fields in this <see cref="T:Microsoft.AspNetCore.Components.Forms.EditContext"/> has been modified.
             | 百度译文：确定此中的指定字段是否<see cref="T:Microsoft.AspNetCore.Components.Forms.EditContext"/>已修改。
            </summary>
            <returns>True if the field has been modified; otherwise false.</returns>
        </member>
        <member name="M:Microsoft.AspNetCore.Components.Forms.EditContext.IsModified(System.Linq.Expressions.Expression{System.Func{System.Object}})">
            <summary>
            Determines whether the specified fields in this <see cref="T:Microsoft.AspNetCore.Components.Forms.EditContext"/> has been modified.
             | 百度译文：确定此中的指定字段是否<see cref="T:Microsoft.AspNetCore.Components.Forms.EditContext"/>已修改。
            </summary>
            <param name="accessor">Identifies the field whose current validation messages should be returned.</param>
            <returns>True if the field has been modified; otherwise false.</returns>
        </member>
        <member name="M:Microsoft.AspNetCore.Components.Forms.EditContext.Validate">
            <summary>
            Validates this <see cref="T:Microsoft.AspNetCore.Components.Forms.EditContext"/>.
             | 百度译文：验证这一点<see cref="T:Microsoft.AspNetCore.Components.Forms.EditContext"/>.
            </summary>
            <returns>True if there are no validation messages after validation; otherwise false.</returns>
        </member>
        <member name="T:Microsoft.AspNetCore.Components.Forms.EditContextDataAnnotationsExtensions">
            <summary>
            Extension methods to add DataAnnotations validation to an <see cref="T:Microsoft.AspNetCore.Components.Forms.EditContext"/>.
             | 百度译文：将DataAnnotations验证添加到<see cref="T:Microsoft.AspNetCore.Components.Forms.EditContext"/>.
            </summary>
        </member>
        <member name="M:Microsoft.AspNetCore.Components.Forms.EditContextDataAnnotationsExtensions.AddDataAnnotationsValidation(Microsoft.AspNetCore.Components.Forms.EditContext)">
            <summary>
            Adds DataAnnotations validation support to the <see cref="T:Microsoft.AspNetCore.Components.Forms.EditContext"/>.
             | 百度译文：将DataAnnotations验证支持添加到<see cref="T:Microsoft.AspNetCore.Components.Forms.EditContext"/>.
            </summary>
            <param name="editContext">The <see cref="T:Microsoft.AspNetCore.Components.Forms.EditContext"/>.</param>
        </member>
        <member name="T:Microsoft.AspNetCore.Components.Forms.EditContextProperties">
            <summary>
            Holds arbitrary key/value pairs associated with an <see cref="T:Microsoft.AspNetCore.Components.Forms.EditContext"/>.
            This can be used to track additional metadata for application-specific purposes.
             | 百度译文：保存与<see cref="T:Microsoft.AspNetCore.Components.Forms.EditContext"/>.            这可以用于跟踪用于特定于应用程序的其他元数据。
            </summary>
        </member>
        <member name="P:Microsoft.AspNetCore.Components.Forms.EditContextProperties.Item(System.Object)">
            <summary>
            Gets or sets a value in the collection.
             | 百度译文：获取或设置集合中的值。
            </summary>
            <param name="key">The key under which the value is stored.</param>
            <returns>The stored value.</returns>
        </member>
        <member name="M:Microsoft.AspNetCore.Components.Forms.EditContextProperties.TryGetValue(System.Object,System.Object@)">
            <summary>
            Gets the value associated with the specified key, if any.
             | 百度译文：获取与指定键关联的值（如果有）。
            </summary>
            <param name="key">The key under which the value is stored.</param>
            <param name="value">The value, if present.</param>
            <returns>True if the value was present, otherwise false.</returns>
        </member>
        <member name="M:Microsoft.AspNetCore.Components.Forms.EditContextProperties.Remove(System.Object)">
            <summary>
            Removes the specified entry from the collection.
             | 百度译文：从集合中移除指定的项目。
            </summary>
            <param name="key">The key of the entry to be removed.</param>
            <returns>True if the value was present, otherwise false.</returns>
        </member>
        <member name="T:Microsoft.AspNetCore.Components.Forms.FieldChangedEventArgs">
            <summary>
            Provides information about the <see cref="E:Microsoft.AspNetCore.Components.Forms.EditContext.OnFieldChanged"/> event.
             | 百度译文：提供有关<see cref="E:Microsoft.AspNetCore.Components.Forms.EditContext.OnFieldChanged"/>事件。
            </summary>
        </member>
        <member name="M:Microsoft.AspNetCore.Components.Forms.FieldChangedEventArgs.#ctor(Microsoft.AspNetCore.Components.Forms.FieldIdentifier@)">
            <summary>
            Creates a new instance of <see cref="T:Microsoft.AspNetCore.Components.Forms.FieldChangedEventArgs"/>.
             | 百度译文：创建<see cref="T:Microsoft.AspNetCore.Components.Forms.FieldChangedEventArgs"/>.
            </summary>
            <param name="fieldIdentifier">The <see cref="T:Microsoft.AspNetCore.Components.Forms.FieldIdentifier"/></param>
        </member>
        <member name="P:Microsoft.AspNetCore.Components.Forms.FieldChangedEventArgs.FieldIdentifier">
            <summary>
            Identifies the field whose value has changed.
             | 百度译文：标识值已更改的字段。
            </summary>
        </member>
        <member name="T:Microsoft.AspNetCore.Components.Forms.FieldIdentifier">
            <summary>
            Uniquely identifies a single field that can be edited. This may correspond to a property on a
            model object, or can be any other named value.
             | 百度译文：唯一标识可编辑的单个字段。它可以对应于模型对象上的属性，也可以是任何其他命名值。
            </summary>
        </member>
        <member name="M:Microsoft.AspNetCore.Components.Forms.FieldIdentifier.Create``1(System.Linq.Expressions.Expression{System.Func{``0}})">
            <summary>
            Initializes a new instance of the <see cref="T:Microsoft.AspNetCore.Components.Forms.FieldIdentifier"/> structure.
             | 百度译文：初始化的新实例<see cref="T:Microsoft.AspNetCore.Components.Forms.FieldIdentifier"/>结构。
            </summary>
            <param name="accessor">An expression that identifies an object member.</param>
            <typeparam name="TField">The field <see cref="T:System.Type"/>.</typeparam>
        </member>
        <member name="M:Microsoft.AspNetCore.Components.Forms.FieldIdentifier.#ctor(System.Object,System.String)">
            <summary>
            Initializes a new instance of the <see cref="T:Microsoft.AspNetCore.Components.Forms.FieldIdentifier"/> structure.
             | 百度译文：初始化的新实例<see cref="T:Microsoft.AspNetCore.Components.Forms.FieldIdentifier"/>结构。
            </summary>
            <param name="model">The object that owns the field.</param>
            <param name="fieldName">The name of the editable field.</param>
        </member>
        <member name="P:Microsoft.AspNetCore.Components.Forms.FieldIdentifier.Model">
            <summary>
            Gets the object that owns the editable field.
             | 百度译文：获取拥有可编辑字段的对象。
            </summary>
        </member>
        <member name="P:Microsoft.AspNetCore.Components.Forms.FieldIdentifier.FieldName">
            <summary>
            Gets the name of the editable field.
             | 百度译文：获取可编辑字段的名称。
            </summary>
        </member>
        <member name="M:Microsoft.AspNetCore.Components.Forms.FieldIdentifier.GetHashCode">
            <inheritdoc />
        </member>
        <member name="M:Microsoft.AspNetCore.Components.Forms.FieldIdentifier.Equals(System.Object)">
            <inheritdoc />
        </member>
        <member name="M:Microsoft.AspNetCore.Components.Forms.FieldIdentifier.Equals(Microsoft.AspNetCore.Components.Forms.FieldIdentifier)">
            <inheritdoc />
        </member>
        <member name="T:Microsoft.AspNetCore.Components.Forms.ValidationMessageStore">
            <summary>
            Holds validation messages for an <see cref="T:Microsoft.AspNetCore.Components.Forms.EditContext"/>.
             | 百度译文：保存<see cref="T:Microsoft.AspNetCore.Components.Forms.EditContext"/>.
            </summary>
        </member>
        <member name="M:Microsoft.AspNetCore.Components.Forms.ValidationMessageStore.#ctor(Microsoft.AspNetCore.Components.Forms.EditContext)">
            <summary>
            Creates an instance of <see cref="T:Microsoft.AspNetCore.Components.Forms.ValidationMessageStore"/>.
             | 百度译文：创建<see cref="T:Microsoft.AspNetCore.Components.Forms.ValidationMessageStore"/>.
            </summary>
            <param name="editContext">The <see cref="T:Microsoft.AspNetCore.Components.Forms.EditContext"/> with which this store should be associated.</param>
        </member>
        <member name="M:Microsoft.AspNetCore.Components.Forms.ValidationMessageStore.Add(Microsoft.AspNetCore.Components.Forms.FieldIdentifier@,System.String)">
            <summary>
            Adds a validation message for the specified field.
             | 百度译文：为指定字段添加验证消息。
            </summary>
            <param name="fieldIdentifier">The identifier for the field.</param>
            <param name="message">The validation message.</param>
        </member>
        <member name="M:Microsoft.AspNetCore.Components.Forms.ValidationMessageStore.Add(System.Linq.Expressions.Expression{System.Func{System.Object}},System.String)">
            <summary>
            Adds a validation message for the specified field.
             | 百度译文：为指定字段添加验证消息。
            </summary>
            <param name="accessor">Identifies the field for which to add the message.</param>
            <param name="message">The validation message.</param>
        </member>
        <member name="M:Microsoft.AspNetCore.Components.Forms.ValidationMessageStore.Add(Microsoft.AspNetCore.Components.Forms.FieldIdentifier@,System.Collections.Generic.IEnumerable{System.String})">
            <summary>
            Adds the messages from the specified collection for the specified field.
             | 百度译文：为指定字段添加来自指定集合的消息。
            </summary>
            <param name="fieldIdentifier">The identifier for the field.</param>
            <param name="messages">The validation messages to be added.</param>
        </member>
        <member name="M:Microsoft.AspNetCore.Components.Forms.ValidationMessageStore.Add(System.Linq.Expressions.Expression{System.Func{System.Object}},System.Collections.Generic.IEnumerable{System.String})">
            <summary>
            Adds the messages from the specified collection for the specified field.
             | 百度译文：为指定字段添加来自指定集合的消息。
            </summary>
            <param name="accessor">Identifies the field for which to add the messages.</param>
            <param name="messages">The validation messages to be added.</param>
        </member>
        <member name="P:Microsoft.AspNetCore.Components.Forms.ValidationMessageStore.Item(Microsoft.AspNetCore.Components.Forms.FieldIdentifier)">
             <summary>
             Gets the validation messages within this <see cref="T:Microsoft.AspNetCore.Components.Forms.ValidationMessageStore"/> for the specified field.
            
             To get the validation messages across all validation message stores, use <see cref="M:Microsoft.AspNetCore.Components.Forms.EditContext.GetValidationMessages(Microsoft.AspNetCore.Components.Forms.FieldIdentifier)"/> instead
              | 百度译文：获取此中的验证消息<see cref="T:Microsoft.AspNetCore.Components.Forms.ValidationMessageStore"/>指定字段。要在所有验证消息存储中获取验证消息，请使用<see cref="M:Microsoft.AspNetCore.Components.Forms.EditContext.GetValidationMessages(Microsoft.AspNetCore.Components.Forms.FieldIdentifier)"/>
            </summary>
             <param name="fieldIdentifier">The identifier for the field.</param>
             <returns>The validation messages for the specified field within this <see cref="T:Microsoft.AspNetCore.Components.Forms.ValidationMessageStore"/>.</returns>
        </member>
        <member name="P:Microsoft.AspNetCore.Components.Forms.ValidationMessageStore.Item(System.Linq.Expressions.Expression{System.Func{System.Object}})">
             <summary>
             Gets the validation messages within this <see cref="T:Microsoft.AspNetCore.Components.Forms.ValidationMessageStore"/> for the specified field.
            
             To get the validation messages across all validation message stores, use <see cref="M:Microsoft.AspNetCore.Components.Forms.EditContext.GetValidationMessages(Microsoft.AspNetCore.Components.Forms.FieldIdentifier)"/> instead
              | 百度译文：获取此中的验证消息<see cref="T:Microsoft.AspNetCore.Components.Forms.ValidationMessageStore"/>指定字段。要在所有验证消息存储中获取验证消息，请使用<see cref="M:Microsoft.AspNetCore.Components.Forms.EditContext.GetValidationMessages(Microsoft.AspNetCore.Components.Forms.FieldIdentifier)"/>
            </summary>
             <param name="accessor">The identifier for the field.</param>
             <returns>The validation messages for the specified field within this <see cref="T:Microsoft.AspNetCore.Components.Forms.ValidationMessageStore"/>.</returns>
        </member>
        <member name="M:Microsoft.AspNetCore.Components.Forms.ValidationMessageStore.Clear">
            <summary>
            Removes all messages within this <see cref="T:Microsoft.AspNetCore.Components.Forms.ValidationMessageStore"/>.
             | 百度译文：删除其中的所有消息<see cref="T:Microsoft.AspNetCore.Components.Forms.ValidationMessageStore"/>.
            </summary>
        </member>
        <member name="M:Microsoft.AspNetCore.Components.Forms.ValidationMessageStore.Clear(System.Linq.Expressions.Expression{System.Func{System.Object}})">
            <summary>
            Removes all messages within this <see cref="T:Microsoft.AspNetCore.Components.Forms.ValidationMessageStore"/> for the specified field.
             | 百度译文：删除其中的所有消息<see cref="T:Microsoft.AspNetCore.Components.Forms.ValidationMessageStore"/>指定字段。
            </summary>
            <param name="accessor">Identifies the field for which to remove the messages.</param>
        </member>
        <member name="M:Microsoft.AspNetCore.Components.Forms.ValidationMessageStore.Clear(Microsoft.AspNetCore.Components.Forms.FieldIdentifier@)">
            <summary>
            Removes all messages within this <see cref="T:Microsoft.AspNetCore.Components.Forms.ValidationMessageStore"/> for the specified field.
             | 百度译文：删除其中的所有消息<see cref="T:Microsoft.AspNetCore.Components.Forms.ValidationMessageStore"/>指定字段。
            </summary>
            <param name="fieldIdentifier">The identifier for the field.</param>
        </member>
        <member name="T:Microsoft.AspNetCore.Components.Forms.ValidationRequestedEventArgs">
            <summary>
            Provides information about the <see cref="E:Microsoft.AspNetCore.Components.Forms.EditContext.OnValidationRequested"/> event.
             | 百度译文：提供有关<see cref="E:Microsoft.AspNetCore.Components.Forms.EditContext.OnValidationRequested"/>事件。
            </summary>
        </member>
        <member name="F:Microsoft.AspNetCore.Components.Forms.ValidationRequestedEventArgs.Empty">
            <summary>
            Gets a shared empty instance of <see cref="T:Microsoft.AspNetCore.Components.Forms.ValidationRequestedEventArgs"/>.
             | 百度译文：获取的共享空实例<see cref="T:Microsoft.AspNetCore.Components.Forms.ValidationRequestedEventArgs"/>.
            </summary>
        </member>
        <member name="M:Microsoft.AspNetCore.Components.Forms.ValidationRequestedEventArgs.#ctor">
            <summary>
            Creates a new instance of <see cref="T:Microsoft.AspNetCore.Components.Forms.ValidationRequestedEventArgs"/>.
             | 百度译文：创建<see cref="T:Microsoft.AspNetCore.Components.Forms.ValidationRequestedEventArgs"/>.
            </summary>
        </member>
        <member name="T:Microsoft.AspNetCore.Components.Forms.ValidationStateChangedEventArgs">
            <summary>
            Provides information about the <see cref="E:Microsoft.AspNetCore.Components.Forms.EditContext.OnValidationStateChanged"/> event.
             | 百度译文：提供有关<see cref="E:Microsoft.AspNetCore.Components.Forms.EditContext.OnValidationStateChanged"/>事件。
            </summary>
        </member>
        <member name="F:Microsoft.AspNetCore.Components.Forms.ValidationStateChangedEventArgs.Empty">
            <summary>
            Gets a shared empty instance of <see cref="T:Microsoft.AspNetCore.Components.Forms.ValidationStateChangedEventArgs"/>.
             | 百度译文：获取的共享空实例<see cref="T:Microsoft.AspNetCore.Components.Forms.ValidationStateChangedEventArgs"/>.
            </summary>
        </member>
        <member name="M:Microsoft.AspNetCore.Components.Forms.ValidationStateChangedEventArgs.#ctor">
            <summary>
            Creates a new instance of <see cref="T:Microsoft.AspNetCore.Components.Forms.ValidationStateChangedEventArgs" />
             | 百度译文：创建<see cref="T:Microsoft.AspNetCore.Components.Forms.ValidationStateChangedEventArgs" />
            </summary>
        </member>
    </members>
</doc>