<?xml version="1.0"?>
<doc>
    <assembly>
        <name>Microsoft.AspNetCore.Hosting</name>
    </assembly>
    <members>
        <member name="T:Microsoft.AspNetCore.Hosting.Builder.ApplicationBuilderFactory">
            <summary>
            A factory for creating <see cref="T:Microsoft.AspNetCore.Builder.IApplicationBuilder" /> instances.
             | 百度译文：创造工厂<see cref="T:Microsoft.AspNetCore.Builder.IApplicationBuilder"/>实例。
            </summary>
        </member>
        <member name="M:Microsoft.AspNetCore.Hosting.Builder.ApplicationBuilderFactory.#ctor(System.IServiceProvider)">
            <summary>
            Initialize a new factory instance with an <see cref="T:System.IServiceProvider" />.
             | 百度译文：使用<see cref="T:System.IServiceProvider" />.
            </summary>
            <param name="serviceProvider">The <see cref="T:System.IServiceProvider"/> used to resolve dependencies and initialize components.</param>
        </member>
        <member name="M:Microsoft.AspNetCore.Hosting.Builder.ApplicationBuilderFactory.CreateBuilder(Microsoft.AspNetCore.Http.Features.IFeatureCollection)">
            <summary>
            Create an <see cref="T:Microsoft.AspNetCore.Builder.IApplicationBuilder" /> builder given a <paramref name="serverFeatures" />.
             | 百度译文：创建<see cref="T:Microsoft.AspNetCore.Builder.IApplicationBuilder"/>生成器给定一个<paramref name="serverFeatures"/>。
            </summary>
            <param name="serverFeatures">An <see cref="T:Microsoft.AspNetCore.Http.Features.IFeatureCollection"/> of HTTP features.</param>
            <returns>An <see cref="T:Microsoft.AspNetCore.Builder.IApplicationBuilder"/> configured with <paramref name="serverFeatures"/>.</returns>
        </member>
        <member name="T:Microsoft.AspNetCore.Hosting.Builder.IApplicationBuilderFactory">
            <summary>
            Provides an interface for implementing a factory that produces <see cref="T:Microsoft.AspNetCore.Builder.IApplicationBuilder"/> instances.
             | 百度译文：提供一个接口，用于实现生产<see cref="T:Microsoft.AspNetCore.Builder.IApplicationBuilder"/>实例。
            </summary>
        </member>
        <member name="M:Microsoft.AspNetCore.Hosting.Builder.IApplicationBuilderFactory.CreateBuilder(Microsoft.AspNetCore.Http.Features.IFeatureCollection)">
            <summary>
            Create an <see cref="T:Microsoft.AspNetCore.Builder.IApplicationBuilder" /> builder given a <paramref name="serverFeatures" />
             | 百度译文：创建<see cref="T:Microsoft.AspNetCore.Builder.iaapplicationbuilder"/>给定<paramfref name="serverFeatures"/>
            </summary>
            <param name="serverFeatures">An <see cref="T:Microsoft.AspNetCore.Http.Features.IFeatureCollection"/> of HTTP features.</param>
            <returns>An <see cref="T:Microsoft.AspNetCore.Builder.IApplicationBuilder"/> configured with <paramref name="serverFeatures"/>.</returns>
        </member>
        <member name="T:Microsoft.AspNetCore.Hosting.ApplicationLifetime">
            <summary>
            Allows consumers to perform cleanup during a graceful shutdown.
             | 百度译文：允许使用者在正常关机期间执行清理。
            </summary>
        </member>
        <member name="P:Microsoft.AspNetCore.Hosting.ApplicationLifetime.ApplicationStarted">
            <summary>
            Triggered when the application host has fully started and is about to wait
            for a graceful shutdown.
             | 百度译文：当应用程序主机已完全启动并即将等待正常关闭时触发。
            </summary>
        </member>
        <member name="P:Microsoft.AspNetCore.Hosting.ApplicationLifetime.ApplicationStopping">
            <summary>
            Triggered when the application host is performing a graceful shutdown.
            Request may still be in flight. Shutdown will block until this event completes.
             | 百度译文：当应用程序主机正在执行正常关闭时触发。请求可能仍在运行中。关闭将阻止，直到此事件完成。
            </summary>
        </member>
        <member name="P:Microsoft.AspNetCore.Hosting.ApplicationLifetime.ApplicationStopped">
            <summary>
            Triggered when the application host is performing a graceful shutdown.
            All requests should be complete at this point. Shutdown will block
            until this event completes.
             | 百度译文：当应用程序主机正在执行正常关闭时触发。此时所有请求都应该完成。关闭将阻止，直到此事件完成。
            </summary>
        </member>
        <member name="M:Microsoft.AspNetCore.Hosting.ApplicationLifetime.StopApplication">
            <summary>
            Signals the ApplicationStopping event and blocks until it completes.
             | 百度译文：向ApplicationStopping事件发出信号，并阻止它，直到它完成。
            </summary>
        </member>
        <member name="M:Microsoft.AspNetCore.Hosting.ApplicationLifetime.NotifyStarted">
            <summary>
            Signals the ApplicationStarted event and blocks until it completes.
             | 百度译文：向ApplicationStarted事件发出信号，并阻止它，直到它完成。
            </summary>
        </member>
        <member name="M:Microsoft.AspNetCore.Hosting.ApplicationLifetime.NotifyStopped">
            <summary>
            Signals the ApplicationStopped event and blocks until it completes.
             | 百度译文：向ApplicationStopped事件发出信号，并阻止它直到它完成。
            </summary>
        </member>
        <member name="T:Microsoft.AspNetCore.Hosting.Server.Features.ServerAddressesFeature">
            <summary>
            Specifies the address used by the server.
             | 百度译文：指定服务器使用的地址。
            </summary>
        </member>
        <member name="P:Microsoft.AspNetCore.Hosting.Server.Features.ServerAddressesFeature.Addresses">
            <inheritdoc />
        </member>
        <member name="P:Microsoft.AspNetCore.Hosting.Server.Features.ServerAddressesFeature.PreferHostingUrls">
            <inheritdoc />
        </member>
        <member name="T:Microsoft.AspNetCore.Hosting.DelegateStartup">
            <summary>
            Used for initializing services and middlewares used by an application.
             | 百度译文：用于初始化应用程序使用的服务和中间件。
            </summary>
        </member>
        <member name="M:Microsoft.AspNetCore.Hosting.DelegateStartup.#ctor(Microsoft.Extensions.DependencyInjection.IServiceProviderFactory{Microsoft.Extensions.DependencyInjection.IServiceCollection},System.Action{Microsoft.AspNetCore.Builder.IApplicationBuilder})">
            <summary>
            Creates a new <see cref="T:Microsoft.AspNetCore.Hosting.DelegateStartup" /> instance.
             | 百度译文：创建一个新的<see cref="T:Microsoft.AspNetCore.Hosting.DelegateStartup"/>实例。
            </summary>
            <param name="factory">A factory for creating <see cref="T:System.IServiceProvider"/> instances.</param>
            <param name="configureApp">An <see cref="T:System.Action"/> for configuring the application.</param>
        </member>
        <member name="M:Microsoft.AspNetCore.Hosting.DelegateStartup.Configure(Microsoft.AspNetCore.Builder.IApplicationBuilder)">
            <summary>
            Configures the <see cref="T:Microsoft.AspNetCore.Builder.IApplicationBuilder"/> with the initialized <see cref="T:System.Action"/>.
             | 百度译文：配置<see cref="T:Microsoft.AspNetCore.Builder.IApplicationBuilder"/>使用初始化的<see cref="T:系统动作"/>.
            </summary>
            <param name="app">The <see cref="T:Microsoft.AspNetCore.Builder.IApplicationBuilder"/>.</param>
        </member>
        <member name="T:Microsoft.AspNetCore.Hosting.StartupBase">
            <summary>
            Base class for initializing services and middlewares used by an application.
             | 百度译文：初始化应用程序使用的服务和中间件的基类。
            </summary>
        </member>
        <member name="M:Microsoft.AspNetCore.Hosting.StartupBase.Configure(Microsoft.AspNetCore.Builder.IApplicationBuilder)">
            <summary>
            Configures the application.
             | 百度译文：配置应用程序。
            </summary>
            <param name="app">An <see cref="T:Microsoft.AspNetCore.Builder.IApplicationBuilder"/> for the app to configure.</param>
        </member>
        <member name="M:Microsoft.AspNetCore.Hosting.StartupBase.ConfigureServices(Microsoft.Extensions.DependencyInjection.IServiceCollection)">
            <summary>
            Register services into the <see cref="T:Microsoft.Extensions.DependencyInjection.IServiceCollection" />.
             | 百度译文：将服务注册到<see cref="T:Microsoft.Extensions.DependencyInjection.IServiceCollection"/>。
            </summary>
            <param name="services">The <see cref="T:Microsoft.Extensions.DependencyInjection.IServiceCollection"/> to add the services to.</param>
        </member>
        <member name="M:Microsoft.AspNetCore.Hosting.StartupBase.CreateServiceProvider(Microsoft.Extensions.DependencyInjection.IServiceCollection)">
            <summary>
            Creates an <see cref="T:System.IServiceProvider" /> instance for a given <see cref="M:Microsoft.AspNetCore.Hosting.StartupBase.ConfigureServices(Microsoft.Extensions.DependencyInjection.IServiceCollection)" />.
             | 百度译文：创建<see cref="T:System.IServiceProvider"/>给定的实例<see cref="M:Microsoft.AspNetCore.Hosting.StartupBase.ConfigureServices(Microsoft.Extensions.DependencyInjection.IServiceCollection）/>。
            </summary>
            <param name="services">The <see cref="T:Microsoft.Extensions.DependencyInjection.IServiceCollection"/> to add the services to.</param>
            <returns>The <see cref="T:System.IServiceProvider"/>.</returns>
        </member>
        <member name="T:Microsoft.AspNetCore.Hosting.StartupBase`1">
            <summary>
            Base class for initializing services and middlewares used for configuring a <typeparamref name="TBuilder"/>.
             | 百度译文：初始化用于配置<typeparamref name="TBuilder"/>的服务和中间件的基类。
            </summary>
            <typeparam name="TBuilder">The type of builder associated with the startup configuration.</typeparam>
        </member>
        <member name="M:Microsoft.AspNetCore.Hosting.StartupBase`1.#ctor(Microsoft.Extensions.DependencyInjection.IServiceProviderFactory{`0})">
            <summary>
            Constructor for StartupBase class.
             | 百度译文：StartupBase类的构造函数。
            </summary>
            <param name="factory">A factory used to generate <see cref="T:System.IServiceProvider"/> instances.</param>
        </member>
        <member name="M:Microsoft.AspNetCore.Hosting.StartupBase`1.CreateServiceProvider(Microsoft.Extensions.DependencyInjection.IServiceCollection)">
            <summary>
            Creates an <see cref="T:System.IServiceProvider" /> instance for a given <see cref="T:Microsoft.Extensions.DependencyInjection.IServiceCollection" />.
             | 百度译文：创建<see cref="T:System.IServiceProvider"/>给定的实例<see cref="T:Microsoft.Extensions.DependencyInjection.IServiceCollection"/>。
            </summary>
            <param name="services">The <see cref="T:Microsoft.Extensions.DependencyInjection.IServiceCollection"/> to add the services to.</param>
            <returns>The <see cref="T:System.IServiceProvider"/>.</returns>
        </member>
        <member name="M:Microsoft.AspNetCore.Hosting.StartupBase`1.ConfigureContainer(`0)">
            <summary>
            Sets up the service container.
             | 百度译文：设置服务容器。
            </summary>
            <param name="builder">The builder associated with the container to configure.</param>
        </member>
        <member name="M:Microsoft.AspNetCore.Hosting.StaticWebAssets.StaticWebAssetsFileProvider.GetDirectoryContents(System.String)">
            <inheritdoc />
        </member>
        <member name="M:Microsoft.AspNetCore.Hosting.StaticWebAssets.StaticWebAssetsFileProvider.GetFileInfo(System.String)">
            <inheritdoc />
        </member>
        <member name="M:Microsoft.AspNetCore.Hosting.StaticWebAssets.StaticWebAssetsFileProvider.Watch(System.String)">
            <inheritdoc />
        </member>
        <member name="T:Microsoft.AspNetCore.Hosting.StaticWebAssets.StaticWebAssetsLoader">
            <summary>
            Loader for static web assets
             | 百度译文：静态web资产加载程序
            </summary>
        </member>
        <member name="M:Microsoft.AspNetCore.Hosting.StaticWebAssets.StaticWebAssetsLoader.UseStaticWebAssets(Microsoft.AspNetCore.Hosting.IWebHostEnvironment,Microsoft.Extensions.Configuration.IConfiguration)">
            <summary>
            Configure the <see cref="T:Microsoft.AspNetCore.Hosting.IWebHostEnvironment"/> to use static web assets.
             | 百度译文：配置<see cref="T:Microsoft.AspNetCore.Hosting.IWebHostEnvironment"/>使用静态web资产。
            </summary>
            <param name="environment">The application <see cref="T:Microsoft.AspNetCore.Hosting.IWebHostEnvironment"/>.</param>
            <param name="configuration">The host <see cref="T:Microsoft.Extensions.Configuration.IConfiguration"/>.</param>
        </member>
        <member name="T:Microsoft.AspNetCore.Hosting.WebHostBuilder">
            <summary>
            A builder for <see cref="T:Microsoft.AspNetCore.Hosting.IWebHost"/>
             | 百度译文：一个<see cref="T:Microsoft.AspNetCore.Hosting.IWebHost"/>
            </summary>
        </member>
        <member name="M:Microsoft.AspNetCore.Hosting.WebHostBuilder.#ctor">
            <summary>
            Initializes a new instance of the <see cref="T:Microsoft.AspNetCore.Hosting.WebHostBuilder"/> class.
             | 百度译文：初始化的新实例<see cref="T:Microsoft.AspNetCore.Hosting.WebHostBuilder"/>类。
            </summary>
        </member>
        <member name="M:Microsoft.AspNetCore.Hosting.WebHostBuilder.GetSetting(System.String)">
            <summary>
            Get the setting value from the configuration.
             | 百度译文：从配置中获取设置值。
            </summary>
            <param name="key">The key of the setting to look up.</param>
            <returns>The value the setting currently contains.</returns>
        </member>
        <member name="M:Microsoft.AspNetCore.Hosting.WebHostBuilder.UseSetting(System.String,System.String)">
            <summary>
            Add or replace a setting in the configuration.
             | 百度译文：添加或替换配置中的设置。
            </summary>
            <param name="key">The key of the setting to add or replace.</param>
            <param name="value">The value of the setting to add or replace.</param>
            <returns>The <see cref="T:Microsoft.AspNetCore.Hosting.IWebHostBuilder"/>.</returns>
        </member>
        <member name="M:Microsoft.AspNetCore.Hosting.WebHostBuilder.ConfigureServices(System.Action{Microsoft.Extensions.DependencyInjection.IServiceCollection})">
            <summary>
            Adds a delegate for configuring additional services for the host or web application. This may be called
            multiple times.
             | 百度译文：添加用于为主机或web应用程序配置其他服务的委托。这可以多次调用。
            </summary>
            <param name="configureServices">A delegate for configuring the <see cref="T:Microsoft.Extensions.DependencyInjection.IServiceCollection"/>.</param>
            <returns>The <see cref="T:Microsoft.AspNetCore.Hosting.IWebHostBuilder"/>.</returns>
        </member>
        <member name="M:Microsoft.AspNetCore.Hosting.WebHostBuilder.ConfigureServices(System.Action{Microsoft.AspNetCore.Hosting.WebHostBuilderContext,Microsoft.Extensions.DependencyInjection.IServiceCollection})">
            <summary>
            Adds a delegate for configuring additional services for the host or web application. This may be called
            multiple times.
             | 百度译文：添加用于为主机或web应用程序配置其他服务的委托。这可以多次调用。
            </summary>
            <param name="configureServices">A delegate for configuring the <see cref="T:Microsoft.Extensions.DependencyInjection.IServiceCollection"/>.</param>
            <returns>The <see cref="T:Microsoft.AspNetCore.Hosting.IWebHostBuilder"/>.</returns>
        </member>
        <member name="M:Microsoft.AspNetCore.Hosting.WebHostBuilder.ConfigureAppConfiguration(System.Action{Microsoft.AspNetCore.Hosting.WebHostBuilderContext,Microsoft.Extensions.Configuration.IConfigurationBuilder})">
            <summary>
            Adds a delegate for configuring the <see cref="T:Microsoft.Extensions.Configuration.IConfigurationBuilder"/> that will construct an <see cref="T:Microsoft.Extensions.Configuration.IConfiguration"/>.
             | 百度译文：添加用于配置<see cref="T:Microsoft.Extensions.Configuration.IConfigurationBuilder"/>它将构造一个<see cref="T:Microsoft.Extensions.Configuration.IConfiguration"/>。
            </summary>
            <param name="configureDelegate">The delegate for configuring the <see cref="T:Microsoft.Extensions.Configuration.IConfigurationBuilder" /> that will be used to construct an <see cref="T:Microsoft.Extensions.Configuration.IConfiguration" />.</param>
            <returns>The <see cref="T:Microsoft.AspNetCore.Hosting.IWebHostBuilder"/>.</returns>
            <remarks>
            The <see cref="T:Microsoft.Extensions.Configuration.IConfiguration"/> and <see cref="T:Microsoft.Extensions.Logging.ILoggerFactory"/> on the <see cref="T:Microsoft.AspNetCore.Hosting.WebHostBuilderContext"/> are uninitialized at this stage.
            The <see cref="T:Microsoft.Extensions.Configuration.IConfigurationBuilder"/> is pre-populated with the settings of the <see cref="T:Microsoft.AspNetCore.Hosting.IWebHostBuilder"/>.
            </remarks>
        </member>
        <member name="M:Microsoft.AspNetCore.Hosting.WebHostBuilder.Build">
            <summary>
            Builds the required services and an <see cref="T:Microsoft.AspNetCore.Hosting.IWebHost"/> which hosts a web application.
             | 百度译文：构建所需的服务和<see cref="T:Microsoft.AspNetCore.Hosting.IWebHost"/>，它承载web应用程序。
            </summary>
        </member>
        <member name="T:Microsoft.AspNetCore.Hosting.WebHostBuilderExtensions">
            <summary>
            Contains extensions for configuring an <see cref="T:Microsoft.AspNetCore.Hosting.IWebHostBuilder" />.
             | 百度译文：包含用于配置<see cref="T:Microsoft.AspNetCore.Hosting.IWebHostBuilder"/>。
            </summary>
        </member>
        <member name="M:Microsoft.AspNetCore.Hosting.WebHostBuilderExtensions.Configure(Microsoft.AspNetCore.Hosting.IWebHostBuilder,System.Action{Microsoft.AspNetCore.Builder.IApplicationBuilder})">
            <summary>
            Specify the startup method to be used to configure the web application.
             | 百度译文：指定用于配置web应用程序的启动方法。
            </summary>
            <param name="hostBuilder">The <see cref="T:Microsoft.AspNetCore.Hosting.IWebHostBuilder"/> to configure.</param>
            <param name="configureApp">The delegate that configures the <see cref="T:Microsoft.AspNetCore.Builder.IApplicationBuilder"/>.</param>
            <returns>The <see cref="T:Microsoft.AspNetCore.Hosting.IWebHostBuilder"/>.</returns>
        </member>
        <member name="M:Microsoft.AspNetCore.Hosting.WebHostBuilderExtensions.Configure(Microsoft.AspNetCore.Hosting.IWebHostBuilder,System.Action{Microsoft.AspNetCore.Hosting.WebHostBuilderContext,Microsoft.AspNetCore.Builder.IApplicationBuilder})">
            <summary>
            Specify the startup method to be used to configure the web application.
             | 百度译文：指定用于配置web应用程序的启动方法。
            </summary>
            <param name="hostBuilder">The <see cref="T:Microsoft.AspNetCore.Hosting.IWebHostBuilder"/> to configure.</param>
            <param name="configureApp">The delegate that configures the <see cref="T:Microsoft.AspNetCore.Builder.IApplicationBuilder"/>.</param>
            <returns>The <see cref="T:Microsoft.AspNetCore.Hosting.IWebHostBuilder"/>.</returns>
        </member>
        <member name="M:Microsoft.AspNetCore.Hosting.WebHostBuilderExtensions.UseStartup``1(Microsoft.AspNetCore.Hosting.IWebHostBuilder,System.Func{Microsoft.AspNetCore.Hosting.WebHostBuilderContext,``0})">
            <summary>
            Specify a factory that creates the startup instance to be used by the web host.
             | 百度译文：指定一个工厂，该工厂创建web主机要使用的启动实例。
            </summary>
            <param name="hostBuilder">The <see cref="T:Microsoft.AspNetCore.Hosting.IWebHostBuilder"/> to configure.</param>
            <param name="startupFactory">A delegate that specifies a factory for the startup class.</param>
            <returns>The <see cref="T:Microsoft.AspNetCore.Hosting.IWebHostBuilder"/>.</returns>
            <remarks>When using the il linker, all public methods of <typeparamref name="TStartup"/> are preserved. This should match the Startup type directly (and not a base type).</remarks>
        </member>
        <member name="M:Microsoft.AspNetCore.Hosting.WebHostBuilderExtensions.UseStartup(Microsoft.AspNetCore.Hosting.IWebHostBuilder,System.Type)">
            <summary>
            Specify the startup type to be used by the web host.
             | 百度译文：指定web主机要使用的启动类型。
            </summary>
            <param name="hostBuilder">The <see cref="T:Microsoft.AspNetCore.Hosting.IWebHostBuilder"/> to configure.</param>
            <param name="startupType">The <see cref="T:System.Type"/> to be used.</param>
            <returns>The <see cref="T:Microsoft.AspNetCore.Hosting.IWebHostBuilder"/>.</returns>
        </member>
        <member name="M:Microsoft.AspNetCore.Hosting.WebHostBuilderExtensions.UseStartup``1(Microsoft.AspNetCore.Hosting.IWebHostBuilder)">
            <summary>
            Specify the startup type to be used by the web host.
             | 百度译文：指定web主机要使用的启动类型。
            </summary>
            <param name="hostBuilder">The <see cref="T:Microsoft.AspNetCore.Hosting.IWebHostBuilder"/> to configure.</param>
            <typeparam name ="TStartup">The type containing the startup methods for the application.</typeparam>
            <returns>The <see cref="T:Microsoft.AspNetCore.Hosting.IWebHostBuilder"/>.</returns>
        </member>
        <member name="M:Microsoft.AspNetCore.Hosting.WebHostBuilderExtensions.UseDefaultServiceProvider(Microsoft.AspNetCore.Hosting.IWebHostBuilder,System.Action{Microsoft.Extensions.DependencyInjection.ServiceProviderOptions})">
            <summary>
            Configures the default service provider
             | 百度译文：配置默认服务提供程序
            </summary>
            <param name="hostBuilder">The <see cref="T:Microsoft.AspNetCore.Hosting.IWebHostBuilder"/> to configure.</param>
            <param name="configure">A callback used to configure the <see cref="T:Microsoft.Extensions.DependencyInjection.ServiceProviderOptions"/> for the default <see cref="T:System.IServiceProvider"/>.</param>
            <returns>The <see cref="T:Microsoft.AspNetCore.Hosting.IWebHostBuilder"/>.</returns>
        </member>
        <member name="M:Microsoft.AspNetCore.Hosting.WebHostBuilderExtensions.UseDefaultServiceProvider(Microsoft.AspNetCore.Hosting.IWebHostBuilder,System.Action{Microsoft.AspNetCore.Hosting.WebHostBuilderContext,Microsoft.Extensions.DependencyInjection.ServiceProviderOptions})">
            <summary>
            Configures the default service provider
             | 百度译文：配置默认服务提供程序
            </summary>
            <param name="hostBuilder">The <see cref="T:Microsoft.AspNetCore.Hosting.IWebHostBuilder"/> to configure.</param>
            <param name="configure">A callback used to configure the <see cref="T:Microsoft.Extensions.DependencyInjection.ServiceProviderOptions"/> for the default <see cref="T:System.IServiceProvider"/>.</param>
            <returns>The <see cref="T:Microsoft.AspNetCore.Hosting.IWebHostBuilder"/>.</returns>
        </member>
        <member name="M:Microsoft.AspNetCore.Hosting.WebHostBuilderExtensions.ConfigureAppConfiguration(Microsoft.AspNetCore.Hosting.IWebHostBuilder,System.Action{Microsoft.Extensions.Configuration.IConfigurationBuilder})">
            <summary>
            Adds a delegate for configuring the <see cref="T:Microsoft.Extensions.Configuration.IConfigurationBuilder"/> that will construct an <see cref="T:Microsoft.Extensions.Configuration.IConfiguration"/>.
             | 百度译文：添加用于配置<see cref="T:Microsoft.Extensions.Configuration.IConfigurationBuilder"/>它将构造一个<see cref="T:Microsoft.Extensions.Configuration.IConfiguration"/>。
            </summary>
            <param name="hostBuilder">The <see cref="T:Microsoft.AspNetCore.Hosting.IWebHostBuilder"/> to configure.</param>
            <param name="configureDelegate">The delegate for configuring the <see cref="T:Microsoft.Extensions.Configuration.IConfigurationBuilder" /> that will be used to construct an <see cref="T:Microsoft.Extensions.Configuration.IConfiguration" />.</param>
            <returns>The <see cref="T:Microsoft.AspNetCore.Hosting.IWebHostBuilder"/>.</returns>
            <remarks>
            The <see cref="T:Microsoft.Extensions.Configuration.IConfiguration"/> and <see cref="T:Microsoft.Extensions.Logging.ILoggerFactory"/> on the <see cref="T:Microsoft.AspNetCore.Hosting.WebHostBuilderContext"/> are uninitialized at this stage.
            The <see cref="T:Microsoft.Extensions.Configuration.IConfigurationBuilder"/> is pre-populated with the settings of the <see cref="T:Microsoft.AspNetCore.Hosting.IWebHostBuilder"/>.
            </remarks>
        </member>
        <member name="M:Microsoft.AspNetCore.Hosting.WebHostBuilderExtensions.ConfigureLogging(Microsoft.AspNetCore.Hosting.IWebHostBuilder,System.Action{Microsoft.Extensions.Logging.ILoggingBuilder})">
            <summary>
            Adds a delegate for configuring the provided <see cref="T:Microsoft.Extensions.Logging.ILoggingBuilder"/>. This may be called multiple times.
             | 百度译文：添加一个委托以配置提供的<see cref="T:Microsoft.Extensions.Logging.ILoggingBuilder"/>。这可以多次调用。
            </summary>
            <param name="hostBuilder">The <see cref="T:Microsoft.AspNetCore.Hosting.IWebHostBuilder" /> to configure.</param>
            <param name="configureLogging">The delegate that configures the <see cref="T:Microsoft.Extensions.Logging.ILoggingBuilder"/>.</param>
            <returns>The <see cref="T:Microsoft.AspNetCore.Hosting.IWebHostBuilder"/>.</returns>
        </member>
        <member name="M:Microsoft.AspNetCore.Hosting.WebHostBuilderExtensions.ConfigureLogging(Microsoft.AspNetCore.Hosting.IWebHostBuilder,System.Action{Microsoft.AspNetCore.Hosting.WebHostBuilderContext,Microsoft.Extensions.Logging.ILoggingBuilder})">
            <summary>
            Adds a delegate for configuring the provided <see cref="T:Microsoft.Extensions.Logging.LoggerFactory"/>. This may be called multiple times.
             | 百度译文：添加一个委托以配置提供的<see cref="T:Microsoft.Extensions.Logging.LoggerFactory"/>。这可以多次调用。
            </summary>
            <param name="hostBuilder">The <see cref="T:Microsoft.AspNetCore.Hosting.IWebHostBuilder" /> to configure.</param>
            <param name="configureLogging">The delegate that configures the <see cref="T:Microsoft.Extensions.Logging.LoggerFactory"/>.</param>
            <returns>The <see cref="T:Microsoft.AspNetCore.Hosting.IWebHostBuilder"/>.</returns>
        </member>
        <member name="M:Microsoft.AspNetCore.Hosting.WebHostBuilderExtensions.UseStaticWebAssets(Microsoft.AspNetCore.Hosting.IWebHostBuilder)">
            <summary>
            Configures the <see cref="P:Microsoft.AspNetCore.Hosting.IWebHostEnvironment.WebRootFileProvider"/> to use static web assets
            defined by referenced projects and packages.
             | 百度译文：配置<see cref="P:Microsoft.AspNetCore.Hosting.IWebHostEnvironment.WebRootFileProvider"/>使用由引用的项目和包定义的静态web资产。
            </summary>
            <param name="builder">The <see cref="T:Microsoft.AspNetCore.Hosting.IWebHostBuilder"/>.</param>
            <returns>The <see cref="T:Microsoft.AspNetCore.Hosting.IWebHostBuilder"/>.</returns>
        </member>
        <member name="T:Microsoft.AspNetCore.Hosting.WebHostExtensions">
            <summary>
            Contains extensions for managing the lifecycle of an <see cref="T:Microsoft.AspNetCore.Hosting.IWebHost"/>.
             | 百度译文：包含管理生命周期的扩展<see cref="T:Microsoft.AspNetCore.Hosting.IWebHost"/>。
            </summary>
        </member>
        <member name="M:Microsoft.AspNetCore.Hosting.WebHostExtensions.StopAsync(Microsoft.AspNetCore.Hosting.IWebHost,System.TimeSpan)">
            <summary>
            Attempts to gracefully stop the host with the given timeout.
             | 百度译文：尝试在给定的超时内优雅地停止主机。
            </summary>
            <param name="host"></param>
            <param name="timeout">The timeout for stopping gracefully. Once expired the
            server may terminate any remaining active connections.</param>
            <returns>A <see cref="T:System.Threading.Tasks.Task"/> that completes when the <see cref="T:Microsoft.AspNetCore.Hosting.IWebHost"/> stops.</returns>
        </member>
        <member name="M:Microsoft.AspNetCore.Hosting.WebHostExtensions.WaitForShutdown(Microsoft.AspNetCore.Hosting.IWebHost)">
            <summary>
            Block the calling thread until shutdown is triggered via Ctrl+C or SIGTERM.
             | 百度译文：阻止调用线程，直到通过Ctrl+C或SIGTERM触发关闭。
            </summary>
            <param name="host">The running <see cref="T:Microsoft.AspNetCore.Hosting.IWebHost"/>.</param>
        </member>
        <member name="M:Microsoft.AspNetCore.Hosting.WebHostExtensions.WaitForShutdownAsync(Microsoft.AspNetCore.Hosting.IWebHost,System.Threading.CancellationToken)">
            <summary>
            Returns a Task that completes when shutdown is triggered via the given token, Ctrl+C or SIGTERM.
             | 百度译文：返回在通过给定令牌、Ctrl+C或SIGTERM触发关闭时完成的任务。
            </summary>
            <param name="host">The running <see cref="T:Microsoft.AspNetCore.Hosting.IWebHost"/>.</param>
            <param name="token">The token to trigger shutdown.</param>
            <returns>A <see cref="T:System.Threading.Tasks.Task"/> that completes when shutdown is triggered via Ctrl+C or SIGTERM.</returns>
        </member>
        <member name="M:Microsoft.AspNetCore.Hosting.WebHostExtensions.Run(Microsoft.AspNetCore.Hosting.IWebHost)">
            <summary>
            Runs a web application and block the calling thread until host shutdown.
             | 百度译文：运行web应用程序并阻止调用线程，直到主机关闭。
            </summary>
            <param name="host">The <see cref="T:Microsoft.AspNetCore.Hosting.IWebHost"/> to run.</param>
        </member>
        <member name="M:Microsoft.AspNetCore.Hosting.WebHostExtensions.RunAsync(Microsoft.AspNetCore.Hosting.IWebHost,System.Threading.CancellationToken)">
            <summary>
            Runs a web application and returns a Task that only completes when the token is triggered or shutdown is triggered.
             | 百度译文：运行web应用程序并返回仅在触发令牌或触发关闭时完成的任务。
            </summary>
            <param name="host">The <see cref="T:Microsoft.AspNetCore.Hosting.IWebHost"/> to run.</param>
            <param name="token">The token to trigger shutdown.</param>
        </member>
        <member name="T:Microsoft.AspNetCore.Hosting.Views.ErrorPageModel">
            <summary>
            Holds data to be displayed on the error page.
             | 百度译文：保存要在错误页上显示的数据。
            </summary>
        </member>
        <member name="P:Microsoft.AspNetCore.Hosting.Views.ErrorPageModel.ErrorDetails">
            <summary>
            Detailed information about each exception in the stack.
             | 百度译文：堆栈中每个异常的详细信息。
            </summary>
        </member>
        <member name="P:Microsoft.AspNetCore.Hosting.Resources.WebHostBuilder_SingleInstance">
            <summary>WebHostBuilder allows creation only of a single instance of WebHost | 百度译文：WebHostBuilder只允许创建WebHost的单个实例
            </summary>
        </member>
        <member name="T:Microsoft.AspNetCore.Http.DefaultHttpContextFactory">
            <summary>
            A factory for creating <see cref="T:Microsoft.AspNetCore.Http.HttpContext" /> instances.
             | 百度译文：创造工厂<see cref="T:Microsoft.AspNetCore.Http.HttpContext"/>实例。
            </summary>
        </member>
        <member name="M:Microsoft.AspNetCore.Http.DefaultHttpContextFactory.#ctor(System.IServiceProvider)">
            <summary>
            Creates a factory for creating <see cref="T:Microsoft.AspNetCore.Http.HttpContext" /> instances.
             | 百度译文：创建工厂以创建<see cref="T:Microsoft.AspNetCore.Http.HttpContext"/>实例。
            </summary>
            <param name="serviceProvider">The <see cref="T:System.IServiceProvider"/> to be used when retrieving services.</param>
        </member>
        <member name="M:Microsoft.AspNetCore.Http.DefaultHttpContextFactory.Create(Microsoft.AspNetCore.Http.Features.IFeatureCollection)">
            <summary>
            Create an <see cref="T:Microsoft.AspNetCore.Http.HttpContext"/> instance given an <paramref name="featureCollection" />.
             | 百度译文：创建<see cref="T:Microsoft.AspNetCore.Http.HttpContext"/>实例给定<paramref name="featureCollection"/>。
            </summary>
            <param name="featureCollection"></param>
            <returns>An initialized <see cref="T:Microsoft.AspNetCore.Http.HttpContext"/> object.</returns>
        </member>
        <member name="M:Microsoft.AspNetCore.Http.DefaultHttpContextFactory.Dispose(Microsoft.AspNetCore.Http.HttpContext)">
            <summary>
            Clears the current <see cref="T:Microsoft.AspNetCore.Http.HttpContext" />.
             | 百度译文：清除电流<see cref="T:Microsoft.AspNetCore.Http.HttpContext"/>。
            </summary>
        </member>
        <member name="T:Microsoft.Extensions.Hosting.GenericHostWebHostBuilderExtensions">
            <summary>
            Contains extensions for an <see cref="T:Microsoft.Extensions.Hosting.IHostBuilder"/>.
             | 百度译文：包含<see cref="T:Microsoft.Extensions.Hosting.IHostBuilder"/>。
            </summary>
        </member>
        <member name="M:Microsoft.Extensions.Hosting.GenericHostWebHostBuilderExtensions.ConfigureWebHost(Microsoft.Extensions.Hosting.IHostBuilder,System.Action{Microsoft.AspNetCore.Hosting.IWebHostBuilder})">
            <summary>
            Adds and configures an ASP.NET Core web application.
             | 百度译文：添加和配置ASP.NET核心web应用程序。
            </summary>
        </member>
        <member name="M:Microsoft.Extensions.Hosting.GenericHostWebHostBuilderExtensions.ConfigureWebHost(Microsoft.Extensions.Hosting.IHostBuilder,System.Action{Microsoft.AspNetCore.Hosting.IWebHostBuilder},System.Action{Microsoft.Extensions.Hosting.WebHostBuilderOptions})">
            <summary>
            Adds and configures an ASP.NET Core web application.
             | 百度译文：添加和配置ASP.NET核心web应用程序。
            </summary>
        </member>
        <member name="T:Microsoft.Extensions.Hosting.WebHostBuilderOptions">
            <summary>
            Builder options for use with ConfigureWebHost.
             | 百度译文：用于ConfigureWebHost的生成器选项。
            </summary>
        </member>
        <member name="P:Microsoft.Extensions.Hosting.WebHostBuilderOptions.SuppressEnvironmentConfiguration">
            <summary>
            Indicates if "ASPNETCORE_" prefixed environment variables should be added to configuration.
            They are added by default.
             | 百度译文：指示是否应将前缀为"ASPNETCORE"的环境变量添加到配置中。它们是默认添加的。
            </summary>
        </member>
        <member name="T:Microsoft.Extensions.RazorViews.BaseView">
            <summary>
            Infrastructure
             | 百度译文：基础设施
            </summary>
        </member>
        <member name="P:Microsoft.Extensions.RazorViews.BaseView.Context">
            <summary>
            The request context
             | 百度译文：请求上下文
            </summary>
        </member>
        <member name="P:Microsoft.Extensions.RazorViews.BaseView.Request">
            <summary>
            The request
             | 百度译文：请求
            </summary>
        </member>
        <member name="P:Microsoft.Extensions.RazorViews.BaseView.Response">
            <summary>
            The response
             | 百度译文：回应
            </summary>
        </member>
        <member name="P:Microsoft.Extensions.RazorViews.BaseView.Output">
            <summary>
            The output stream
             | 百度译文：输出流
            </summary>
        </member>
        <member name="P:Microsoft.Extensions.RazorViews.BaseView.HtmlEncoder">
            <summary>
            Html encoder used to encode content.
             | 百度译文：用于编码内容的Html编码器。
            </summary>
        </member>
        <member name="P:Microsoft.Extensions.RazorViews.BaseView.UrlEncoder">
            <summary>
            Url encoder used to encode content.
             | 百度译文：用于编码内容的Url编码器。
            </summary>
        </member>
        <member name="P:Microsoft.Extensions.RazorViews.BaseView.JavaScriptEncoder">
            <summary>
            JavaScript encoder used to encode content.
             | 百度译文：用于编码内容的JavaScript编码器。
            </summary>
        </member>
        <member name="M:Microsoft.Extensions.RazorViews.BaseView.ExecuteAsync(System.IO.Stream)">
            <summary>
            Execute an individual request
             | 百度译文：执行单个请求
            </summary>
            <param name="stream">The stream to write to</param>
        </member>
        <member name="M:Microsoft.Extensions.RazorViews.BaseView.ExecuteAsync(Microsoft.AspNetCore.Http.HttpContext)">
            <summary>
            Execute an individual request
             | 百度译文：执行单个请求
            </summary>
            <param name="context"></param>
        </member>
        <member name="M:Microsoft.Extensions.RazorViews.BaseView.ExecuteAsync">
            <summary>
            Execute an individual request
             | 百度译文：执行单个请求
            </summary>
        </member>
        <member name="M:Microsoft.Extensions.RazorViews.BaseView.WriteLiteral(System.Object)">
            <summary>
            Write the given value without HTML encoding directly to <see cref="P:Microsoft.Extensions.RazorViews.BaseView.Output"/>.
             | 百度译文：直接将给定值写入不使用HTML编码的值<see cref="P:Microsoft.Extensions.RazorView.基本视图输出"/>.
            </summary>
            <param name="value">The <see cref="T:System.Object"/> to write.</param>
        </member>
        <member name="M:Microsoft.Extensions.RazorViews.BaseView.WriteLiteral(System.String)">
            <summary>
            Write the given value without HTML encoding directly to <see cref="P:Microsoft.Extensions.RazorViews.BaseView.Output"/>.
             | 百度译文：直接将给定值写入不使用HTML编码的值<see cref="P:Microsoft.Extensions.RazorView.基本视图输出"/>.
            </summary>
            <param name="value">The <see cref="T:System.String"/> to write.</param>
        </member>
        <member name="M:Microsoft.Extensions.RazorViews.BaseView.WriteAttribute(System.String,System.String,System.String,Microsoft.Extensions.RazorViews.AttributeValue[])">
            <summary>
            Writes the given attribute to the given writer
             | 百度译文：将给定属性写入给定的编写器
            </summary>
            <param name="name">The name of the attribute to write</param>
            <param name="leader">The value of the prefix</param>
            <param name="trailer">The value of the suffix</param>
            <param name="values">The <see cref="T:Microsoft.Extensions.RazorViews.AttributeValue"/>s to write.</param>
        </member>
        <member name="M:Microsoft.Extensions.RazorViews.BaseView.Write(Microsoft.Extensions.RazorViews.HelperResult)">
            <summary>
            <see cref="M:Microsoft.Extensions.RazorViews.HelperResult.WriteTo(System.IO.TextWriter)"/> is invoked
             | 百度译文：<见cref="M:Microsoft.Extensions.RazorViews.HelperResult.WriteTo(System.IO.TextWriter)"/>被调用
            </summary>
            <param name="result">The <see cref="T:Microsoft.Extensions.RazorViews.HelperResult"/> to invoke</param>
        </member>
        <member name="M:Microsoft.Extensions.RazorViews.BaseView.Write(System.Object)">
            <summary>
            Writes the specified <paramref name="value"/> to <see cref="P:Microsoft.Extensions.RazorViews.BaseView.Output"/>.
             | 百度译文：将指定的<paramref name="value"/>写入<see cref="P:Microsoft.Extensions.RazorViews.BaseView.输出"/>.
            </summary>
            <param name="value">The <see cref="T:System.Object"/> to write.</param>
            <remarks>
            <see cref="M:Microsoft.Extensions.RazorViews.HelperResult.WriteTo(System.IO.TextWriter)"/> is invoked for <see cref="T:Microsoft.Extensions.RazorViews.HelperResult"/> types.
            For all other types, the encoded result of <see cref="M:System.Object.ToString"/> is written to
            <see cref="P:Microsoft.Extensions.RazorViews.BaseView.Output"/>.
            </remarks>
        </member>
        <member name="M:Microsoft.Extensions.RazorViews.BaseView.Write(System.String)">
            <summary>
            Writes the specified <paramref name="value"/> with HTML encoding to <see cref="P:Microsoft.Extensions.RazorViews.BaseView.Output"/>.
             | 百度译文：使用HTML编码将指定的<paramref name="value"/>写入<see cref="P:Microsoft.Extensions.RazorViews.BaseView.输出"/>.
            </summary>
            <param name="value">The <see cref="T:System.String"/> to write.</param>
        </member>
        <member name="T:Microsoft.Extensions.RazorViews.HelperResult">
            <summary>
            Represents a deferred write operation in a <see cref="T:Microsoft.Extensions.RazorViews.BaseView"/>.
             | 百度译文：表示中的延迟写入操作<see cref="T:Microsoft.Extensions.RazorViews.BaseView"/>。
            </summary>
        </member>
        <member name="M:Microsoft.Extensions.RazorViews.HelperResult.#ctor(System.Action{System.IO.TextWriter})">
            <summary>
            Creates a new instance of <see cref="T:Microsoft.Extensions.RazorViews.HelperResult"/>.
             | 百度译文：创建<see cref="T:Microsoft.Extensions.RazorViews.HelperResult"/>。
            </summary>
            <param name="action">The delegate to invoke when <see cref="M:Microsoft.Extensions.RazorViews.HelperResult.WriteTo(System.IO.TextWriter)"/> is called.</param>
        </member>
        <member name="M:Microsoft.Extensions.RazorViews.HelperResult.WriteTo(System.IO.TextWriter)">
            <summary>
            Method invoked to produce content from the <see cref="T:Microsoft.Extensions.RazorViews.HelperResult"/>.
             | 百度译文：方法来从<see cref="T:Microsoft.Extensions.RazorViews.HelperResult"/>。
            </summary>
            <param name="writer">The <see cref="T:System.IO.TextWriter"/> instance to write to.</param>
        </member>
        <member name="T:Microsoft.Extensions.StackTrace.Sources.ExceptionDetails">
            <summary>
            Contains details for individual exception messages.
             | 百度译文：包含单个异常消息的详细信息。
            </summary>
        </member>
        <member name="P:Microsoft.Extensions.StackTrace.Sources.ExceptionDetails.Error">
            <summary>
            An individual exception
             | 百度译文：个别例外
            </summary>
        </member>
        <member name="P:Microsoft.Extensions.StackTrace.Sources.ExceptionDetails.StackFrames">
            <summary>
            The generated stack frames
             | 百度译文：生成的堆栈帧
            </summary>
        </member>
        <member name="P:Microsoft.Extensions.StackTrace.Sources.ExceptionDetails.ErrorMessage">
            <summary>
            Gets or sets the summary message.
             | 百度译文：获取或设置摘要消息。
            </summary>
        </member>
        <member name="T:Microsoft.Extensions.StackTrace.Sources.StackFrameSourceCodeInfo">
            <summary>
            Contains the source code where the exception occurred.
             | 百度译文：包含发生异常的源代码。
            </summary>
        </member>
        <member name="P:Microsoft.Extensions.StackTrace.Sources.StackFrameSourceCodeInfo.Function">
            <summary>
            Function containing instruction
             | 百度译文：包含指令的函数
            </summary>
        </member>
        <member name="P:Microsoft.Extensions.StackTrace.Sources.StackFrameSourceCodeInfo.File">
            <summary>
            File containing the instruction
             | 百度译文：包含指令的文件
            </summary>
        </member>
        <member name="P:Microsoft.Extensions.StackTrace.Sources.StackFrameSourceCodeInfo.Line">
            <summary>
            The line number of the instruction
             | 百度译文：指令的行号
            </summary>
        </member>
        <member name="P:Microsoft.Extensions.StackTrace.Sources.StackFrameSourceCodeInfo.PreContextLine">
            <summary>
            The line preceding the frame line
             | 百度译文：框架线之前的一行
            </summary>
        </member>
        <member name="P:Microsoft.Extensions.StackTrace.Sources.StackFrameSourceCodeInfo.PreContextCode">
            <summary>
            Lines of code before the actual error line(s).
             | 百度译文：实际错误行之前的代码行。
            </summary>
        </member>
        <member name="P:Microsoft.Extensions.StackTrace.Sources.StackFrameSourceCodeInfo.ContextCode">
            <summary>
            Line(s) of code responsible for the error.
             | 百度译文：导致错误的代码行。
            </summary>
        </member>
        <member name="P:Microsoft.Extensions.StackTrace.Sources.StackFrameSourceCodeInfo.PostContextCode">
            <summary>
            Lines of code after the actual error line(s).
             | 百度译文：实际错误行之后的代码行。
            </summary>
        </member>
        <member name="P:Microsoft.Extensions.StackTrace.Sources.StackFrameSourceCodeInfo.ErrorDetails">
            <summary>
            Specific error details for this stack frame.
             | 百度译文：此堆栈帧的特定错误详细信息。
            </summary>
        </member>
        <member name="M:Microsoft.Extensions.Internal.TypeNameHelper.GetTypeDisplayName(System.Type,System.Boolean,System.Boolean,System.Boolean,System.Char)">
            <summary>
            Pretty print a type name.
             | 百度译文：打印一个字体名。
            </summary>
            <param name="type">The <see cref="T:System.Type"/>.</param>
            <param name="fullName"><c>true</c> to print a fully qualified name.</param>
            <param name="includeGenericParameterNames"><c>true</c> to include generic parameter names.</param>
            <param name="includeGenericParameters"><c>true</c> to include generic parameters.</param>
            <param name="nestedTypeDelimiter">Character to use as a delimiter in nested type names</param>
            <returns>The pretty printed type name.</returns>
        </member>
    </members>
</doc>