<?xml version="1.0"?>
<doc>
    <assembly>
        <name>Microsoft.Extensions.DependencyInjection</name>
    </assembly>
    <members>
        <member name="T:Microsoft.Extensions.DependencyInjection.DefaultServiceProviderFactory">
            <summary>
            Default implementation of <see cref="T:Microsoft.Extensions.DependencyInjection.IServiceProviderFactory`1"/>.
             | 百度译文：默认实现<see cref="T:Microsoft.Extensions.DependencyInjection.IServiceProviderFactory`1"/>。
            </summary>
        </member>
        <member name="M:Microsoft.Extensions.DependencyInjection.DefaultServiceProviderFactory.#ctor">
            <summary>
            Initializes a new instance of the <see cref="T:Microsoft.Extensions.DependencyInjection.DefaultServiceProviderFactory"/> class
            with default options.
             | 百度译文：初始化的新实例<see cref="T:Microsoft.Extensions.DependencyInjection.DefaultServiceProviderFactory"/>使用默认选项初始化。
            </summary>
        </member>
        <member name="M:Microsoft.Extensions.DependencyInjection.DefaultServiceProviderFactory.#ctor(Microsoft.Extensions.DependencyInjection.ServiceProviderOptions)">
            <summary>
            Initializes a new instance of the <see cref="T:Microsoft.Extensions.DependencyInjection.DefaultServiceProviderFactory"/> class
            with the specified <paramref name="options"/>.
             | 百度译文：初始化的新实例<see cref="T:Microsoft.Extensions.DependencyInjection.DefaultServiceProviderFactory"/>使用指定的<paramref name="options"/>初始化。
            </summary>
            <param name="options">The options to use for this instance.</param>
        </member>
        <member name="M:Microsoft.Extensions.DependencyInjection.DefaultServiceProviderFactory.CreateBuilder(Microsoft.Extensions.DependencyInjection.IServiceCollection)">
            <inheritdoc />
        </member>
        <member name="M:Microsoft.Extensions.DependencyInjection.DefaultServiceProviderFactory.CreateServiceProvider(Microsoft.Extensions.DependencyInjection.IServiceCollection)">
            <inheritdoc />
        </member>
        <member name="T:Microsoft.Extensions.DependencyInjection.ServiceCollection">
            <summary>
            Default implementation of <see cref="T:Microsoft.Extensions.DependencyInjection.IServiceCollection"/>.
            </summary>
        </member>
        <member name="P:Microsoft.Extensions.DependencyInjection.ServiceCollection.Count">
            <inheritdoc />
        </member>
        <member name="P:Microsoft.Extensions.DependencyInjection.ServiceCollection.IsReadOnly">
            <inheritdoc />
        </member>
        <member name="P:Microsoft.Extensions.DependencyInjection.ServiceCollection.Item(System.Int32)">
            <inheritdoc />
        </member>
        <member name="M:Microsoft.Extensions.DependencyInjection.ServiceCollection.Clear">
            <inheritdoc />
        </member>
        <member name="M:Microsoft.Extensions.DependencyInjection.ServiceCollection.Contains(Microsoft.Extensions.DependencyInjection.ServiceDescriptor)">
            <inheritdoc />
        </member>
        <member name="M:Microsoft.Extensions.DependencyInjection.ServiceCollection.CopyTo(Microsoft.Extensions.DependencyInjection.ServiceDescriptor[],System.Int32)">
            <inheritdoc />
        </member>
        <member name="M:Microsoft.Extensions.DependencyInjection.ServiceCollection.Remove(Microsoft.Extensions.DependencyInjection.ServiceDescriptor)">
            <inheritdoc />
        </member>
        <member name="M:Microsoft.Extensions.DependencyInjection.ServiceCollection.GetEnumerator">
            <inheritdoc />
        </member>
        <member name="M:Microsoft.Extensions.DependencyInjection.ServiceCollection.IndexOf(Microsoft.Extensions.DependencyInjection.ServiceDescriptor)">
            <inheritdoc />
        </member>
        <member name="M:Microsoft.Extensions.DependencyInjection.ServiceCollection.Insert(System.Int32,Microsoft.Extensions.DependencyInjection.ServiceDescriptor)">
            <inheritdoc />
        </member>
        <member name="M:Microsoft.Extensions.DependencyInjection.ServiceCollection.RemoveAt(System.Int32)">
            <inheritdoc />
        </member>
        <member name="T:Microsoft.Extensions.DependencyInjection.ServiceCollectionContainerBuilderExtensions">
            <summary>
            Extension methods for building a <see cref="T:Microsoft.Extensions.DependencyInjection.ServiceProvider"/> from an <see cref="T:Microsoft.Extensions.DependencyInjection.IServiceCollection"/>.
             | 百度译文：建筑a的扩展方法<see cref="T:Microsoft.Extensions.DependencyInjection.ServiceProvider"/>来自<see cref="T:Microsoft.Extensions.DependencyInjection.IServiceCollection"/>。
            </summary>
        </member>
        <member name="M:Microsoft.Extensions.DependencyInjection.ServiceCollectionContainerBuilderExtensions.BuildServiceProvider(Microsoft.Extensions.DependencyInjection.IServiceCollection)">
            <summary>
            Creates a <see cref="T:Microsoft.Extensions.DependencyInjection.ServiceProvider"/> containing services from the provided <see cref="T:Microsoft.Extensions.DependencyInjection.IServiceCollection"/>.
            </summary>
            <param name="services">The <see cref="T:Microsoft.Extensions.DependencyInjection.IServiceCollection"/> containing service descriptors.</param>
            <returns>The <see cref="T:Microsoft.Extensions.DependencyInjection.ServiceProvider"/>.</returns>
        </member>
        <member name="M:Microsoft.Extensions.DependencyInjection.ServiceCollectionContainerBuilderExtensions.BuildServiceProvider(Microsoft.Extensions.DependencyInjection.IServiceCollection,System.Boolean)">
            <summary>
            Creates a <see cref="T:Microsoft.Extensions.DependencyInjection.ServiceProvider"/> containing services from the provided <see cref="T:Microsoft.Extensions.DependencyInjection.IServiceCollection"/>
            optionally enabling scope validation.
             | 百度译文：创建<see cref="T:Microsoft.Extensions.DependencyInjection.ServiceProvider"/>包含来自提供的服务<see cref="T:Microsoft.Extensions.DependencyInjection.IServiceCollection"/>可选地启用范围验证。
            </summary>
            <param name="services">The <see cref="T:Microsoft.Extensions.DependencyInjection.IServiceCollection"/> containing service descriptors.</param>
            <param name="validateScopes">
            <c>true</c> to perform check verifying that scoped services never gets resolved from root provider; otherwise <c>false</c>.
            </param>
            <returns>The <see cref="T:Microsoft.Extensions.DependencyInjection.ServiceProvider"/>.</returns>
        </member>
        <member name="M:Microsoft.Extensions.DependencyInjection.ServiceCollectionContainerBuilderExtensions.BuildServiceProvider(Microsoft.Extensions.DependencyInjection.IServiceCollection,Microsoft.Extensions.DependencyInjection.ServiceProviderOptions)">
            <summary>
            Creates a <see cref="T:Microsoft.Extensions.DependencyInjection.ServiceProvider"/> containing services from the provided <see cref="T:Microsoft.Extensions.DependencyInjection.IServiceCollection"/>
            optionally enabling scope validation.
             | 百度译文：创建<see cref="T:Microsoft.Extensions.DependencyInjection.ServiceProvider"/>包含来自提供的服务<see cref="T:Microsoft.Extensions.DependencyInjection.IServiceCollection"/>可选地启用范围验证。
            </summary>
            <param name="services">The <see cref="T:Microsoft.Extensions.DependencyInjection.IServiceCollection"/> containing service descriptors.</param>
            <param name="options">
            Configures various service provider behaviors.
            </param>
            <returns>The <see cref="T:Microsoft.Extensions.DependencyInjection.ServiceProvider"/>.</returns>
        </member>
        <member name="P:Microsoft.Extensions.DependencyInjection.ServiceLookup.ServiceCacheKey.Type">
            <summary>
            Type of service being cached
             | 百度译文：正在缓存的服务类型
            </summary>
        </member>
        <member name="P:Microsoft.Extensions.DependencyInjection.ServiceLookup.ServiceCacheKey.Slot">
            <summary>
            Reverse index of the service when resolved in <c>IEnumerable&lt;Type&gt;</c> where default instance gets slot 0.
            For example for service collection
             IService Impl1
             IService Impl2
             IService Impl3
            We would get the following cache keys:
             Impl1 2
             Impl2 1
             Impl3 0
             | 百度译文：在<c>IEnumerable&lt；Type&gt；</c>中解析服务的反向索引，其中默认实例获取插槽0。例如，对于服务集合IService imple1 IService imple2 IService Impl3，我们将获得以下缓存键：Impl1 2 Impl2 1 Impl3 0
            </summary>
        </member>
        <member name="T:Microsoft.Extensions.DependencyInjection.ServiceLookup.ServiceCallSite">
            <summary>
            Summary description for ServiceCallSite
             | 百度译文：ServiceCallSite的摘要说明
            </summary>
        </member>
        <member name="T:Microsoft.Extensions.DependencyInjection.ServiceProvider">
            <summary>
            The default IServiceProvider.
             | 百度译文：默认的IServiceProvider。
            </summary>
        </member>
        <member name="M:Microsoft.Extensions.DependencyInjection.ServiceProvider.GetService(System.Type)">
            <summary>
            Gets the service object of the specified type.
             | 百度译文：获取指定类型的服务对象。
            </summary>
            <param name="serviceType">The type of the service to get.</param>
            <returns>The service that was produced.</returns>
        </member>
        <member name="M:Microsoft.Extensions.DependencyInjection.ServiceProvider.Dispose">
            <inheritdoc />
        </member>
        <member name="M:Microsoft.Extensions.DependencyInjection.ServiceProvider.DisposeAsync">
            <inheritdoc/>
        </member>
        <member name="T:Microsoft.Extensions.DependencyInjection.ServiceProviderOptions">
            <summary>
            Options for configuring various behaviors of the default <see cref="T:System.IServiceProvider"/> implementation.
            </summary>
        </member>
        <member name="P:Microsoft.Extensions.DependencyInjection.ServiceProviderOptions.ValidateScopes">
            <summary>
            <c>true</c> to perform check verifying that scoped services never gets resolved from root provider; otherwise <c>false</c>. Defaults to <c>false</c>.
             | 百度译文：<c> true</c>执行检查，验证是否从未从根提供程序解析作用域服务；否则<c>false</c>。默认值为<c>false</c>。
            </summary>
        </member>
        <member name="P:Microsoft.Extensions.DependencyInjection.ServiceProviderOptions.ValidateOnBuild">
            <summary>
            <c>true</c> to perform check verifying that all services can be created during <c>BuildServiceProvider</c> call; otherwise <c>false</c>. Defaults to <c>false</c>.
            NOTE: this check doesn't verify open generics services.
             | 百度译文：<c> true</c>执行检查，验证是否可以在<c>BuildServiceProvider</c>调用期间创建所有服务；否则<c>false</c>。默认值为<c>false</c>。注意：此检查不验证开放泛型服务。
            </summary>
        </member>
        <member name="M:Microsoft.Extensions.Internal.TypeNameHelper.GetTypeDisplayName(System.Type,System.Boolean,System.Boolean,System.Boolean,System.Char)">
            <summary>
            Pretty print a type name.
            </summary>
            <param name="type">The <see cref="T:System.Type"/>.</param>
            <param name="fullName"><c>true</c> to print a fully qualified name.</param>
            <param name="includeGenericParameterNames"><c>true</c> to include generic parameter names.</param>
            <param name="includeGenericParameters"><c>true</c> to include generic parameters.</param>
            <param name="nestedTypeDelimiter">Character to use as a delimiter in nested type names</param>
            <returns>The pretty printed type name.</returns>
        </member>
        <member name="P:System.SR.AmbiguousConstructorException">
            <summary>Unable to activate type '{0}'. The following constructors are ambiguous: | 百度译文：无法激活类型{0}。以下构造函数不明确：
            </summary>
        </member>
        <member name="P:System.SR.CannotResolveService">
            <summary>Unable to resolve service for type '{0}' while attempting to activate '{1}'. | 百度译文：试图激活{1}时，无法解析类型{0}的服务。
            </summary>
        </member>
        <member name="P:System.SR.CircularDependencyException">
            <summary>A circular dependency was detected for the service of type '{0}'.</summary>
        </member>
        <member name="P:System.SR.UnableToActivateTypeException">
            <summary>No constructor for type '{0}' can be instantiated using services from the service container and default values. | 百度译文：无法使用服务容器中的服务和默认值实例化类型{0}的构造函数。
            </summary>
        </member>
        <member name="P:System.SR.OpenGenericServiceRequiresOpenGenericImplementation">
            <summary>Open generic service type '{0}' requires registering an open generic implementation type. | 百度译文：开放式通用服务类型{0}要求注册开放式泛型实现类型。
            </summary>
        </member>
        <member name="P:System.SR.TypeCannotBeActivated">
            <summary>Cannot instantiate implementation type '{0}' for service type '{1}'. | 百度译文：无法为服务类型{1}实例化实现类型{0}。
            </summary>
        </member>
        <member name="P:System.SR.NoConstructorMatch">
            <summary>A suitable constructor for type '{0}' could not be located. Ensure the type is concrete and services are registered for all parameters of a public constructor.</summary>
        </member>
        <member name="P:System.SR.ScopedInSingletonException">
            <summary>Cannot consume {2} service '{0}' from {3} '{1}'. | 百度译文：无法从{3}{1}使用{2}服务{0}。
            </summary>
        </member>
        <member name="P:System.SR.ScopedResolvedFromRootException">
            <summary>Cannot resolve '{0}' from root provider because it requires {2} service '{1}'. | 百度译文：无法从根提供程序解析{0}，因为它需要{2}服务{1}。
            </summary>
        </member>
        <member name="P:System.SR.DirectScopedResolvedFromRootException">
            <summary>Cannot resolve {1} service '{0}' from root provider.</summary>
        </member>
        <member name="P:System.SR.ConstantCantBeConvertedToServiceType">
            <summary>Constant value of type '{0}' can't be converted to service type '{1}'</summary>
        </member>
        <member name="P:System.SR.ImplementationTypeCantBeConvertedToServiceType">
            <summary>Implementation type '{0}' can't be converted to service type '{1}'</summary>
        </member>
        <member name="P:System.SR.AsyncDisposableServiceDispose">
            <summary>'{0}' type only implements IAsyncDisposable. Use DisposeAsync to dispose the container. | 百度译文："{0}"类型仅实现IAsyncDisposable。使用DisposeAsync处置容器。
            </summary>
        </member>
    </members>
</doc>