<?xml version="1.0"?>
<doc>
    <assembly>
        <name>Microsoft.AspNetCore.Localization.Routing</name>
    </assembly>
    <members>
        <member name="T:Microsoft.AspNetCore.Localization.Routing.RouteDataRequestCultureProvider">
            <summary>
            Determines the culture information for a request via values in the route data.
             | 百度译文：通过路由数据中的值确定请求的区域性信息。
            </summary>
        </member>
        <member name="P:Microsoft.AspNetCore.Localization.Routing.RouteDataRequestCultureProvider.RouteDataStringKey">
            <summary>
            The key that contains the culture name.
            Defaults to "culture".
             | 百度译文：包含区域性名称的键。默认为"文化"。
            </summary>
        </member>
        <member name="P:Microsoft.AspNetCore.Localization.Routing.RouteDataRequestCultureProvider.UIRouteDataStringKey">
            <summary>
            The key that contains the UI culture name. If not specified or no value is found,
            <see cref="P:Microsoft.AspNetCore.Localization.Routing.RouteDataRequestCultureProvider.RouteDataStringKey"/> will be used.
            Defaults to "ui-culture".
             | 百度译文：包含UI区域性名称的键。如果未指定或未找到值，请参见cref="P:Microsoft.AspNetCore.本地化.Routing.RouteDataRequestCultureProvider.RouteDataStringKey"/>将被使用。默认为"ui区域性"。
            </summary>
        </member>
        <member name="M:Microsoft.AspNetCore.Localization.Routing.RouteDataRequestCultureProvider.DetermineProviderCultureResult(Microsoft.AspNetCore.Http.HttpContext)">
            <inheritdoc />
        </member>
    </members>
</doc>