<?xml version="1.0"?>
<doc>
    <assembly>
        <name>Microsoft.Extensions.Configuration.UserSecrets</name>
    </assembly>
    <members>
        <member name="T:Microsoft.Extensions.Configuration.UserSecrets.PathHelper">
            <summary>
            Provides paths for user secrets configuration files.
             | 百度译文：提供用户机密配置文件的路径。
            </summary>
        </member>
        <member name="M:Microsoft.Extensions.Configuration.UserSecrets.PathHelper.GetSecretsPathFromSecretsId(System.String)">
            <summary>
            <para>
            Returns the path to the JSON file that stores user secrets.
            </para>
            <para>
            This uses the current user profile to locate the secrets file on disk in a location outside of source control.
            </para>
             | 百度译文：<para>返回存储用户机密的JSON文件的路径。</para><para>这将使用当前用户配置文件在源代码管理之外的位置定位磁盘上的机密文件。</para>
            </summary>
            <param name="userSecretsId">The user secret ID.</param>
            <returns>The full path to the secret file.</returns>
        </member>
        <member name="T:Microsoft.Extensions.Configuration.UserSecrets.UserSecretsIdAttribute">
            <summary>
            <para>
            Represents the user secrets ID.
            </para>
            <para>
            In most cases, this attribute is automatically generated during compilation by MSBuild targets
            included in the UserSecrets NuGet package. These targets use the MSBuild property 'UserSecretsId'
            to set the value for <see cref="P:Microsoft.Extensions.Configuration.UserSecrets.UserSecretsIdAttribute.UserSecretsId"/>.
            </para>
            </summary>
        </member>
        <member name="M:Microsoft.Extensions.Configuration.UserSecrets.UserSecretsIdAttribute.#ctor(System.String)">
            <summary>
            Initializes an instance of <see cref="T:Microsoft.Extensions.Configuration.UserSecrets.UserSecretsIdAttribute" />.
             | 百度译文：初始化<see cref="T:Microsoft.Extensions.Configuration.UserSecrets.UserSecretsIdAttribute" />.
            </summary>
            <param name="userSecretId">The user secrets ID.</param>
        </member>
        <member name="P:Microsoft.Extensions.Configuration.UserSecrets.UserSecretsIdAttribute.UserSecretsId">
            <summary>
            The user secrets ID.
            </summary>
        </member>
        <member name="T:Microsoft.Extensions.Configuration.UserSecretsConfigurationExtensions">
            <summary>
            Configuration extensions for adding user secrets configuration source.
             | 百度译文：用于添加用户机密配置源的配置扩展。
            </summary>
        </member>
        <member name="M:Microsoft.Extensions.Configuration.UserSecretsConfigurationExtensions.AddUserSecrets``1(Microsoft.Extensions.Configuration.IConfigurationBuilder)">
            <summary>
            <para>
            Adds the user secrets configuration source. Searches the assembly that contains type <typeparamref name="T"/>
            for an instance of <see cref="T:Microsoft.Extensions.Configuration.UserSecrets.UserSecretsIdAttribute"/>, which specifies a user secrets ID.
            </para>
            <para>
            A user secrets ID is unique value used to store and identify a collection of secret configuration values.
            </para>
             | 百度译文：<para>添加用户机密配置源。在包含类型<typeparamref name="T"/>的程序集中搜索<see cref="T:Microsoft.Extensions.Configuration.UserSecrets.UserSecretsIdAttribute"/>，它指定用户机密ID。</para><para>用户机密ID是用于存储和标识机密集合的唯一值配置值。</para>
            </summary>
            <param name="configuration">The configuration builder.</param>
            <typeparam name="T">The type from the assembly to search for an instance of <see cref="T:Microsoft.Extensions.Configuration.UserSecrets.UserSecretsIdAttribute"/>.</typeparam>
            <exception cref="T:System.InvalidOperationException">Thrown when the assembly containing <typeparamref name="T"/> does not have <see cref="T:Microsoft.Extensions.Configuration.UserSecrets.UserSecretsIdAttribute"/>.</exception>
            <returns>The configuration builder.</returns>
        </member>
        <member name="M:Microsoft.Extensions.Configuration.UserSecretsConfigurationExtensions.AddUserSecrets``1(Microsoft.Extensions.Configuration.IConfigurationBuilder,System.Boolean)">
            <summary>
            <para>
            Adds the user secrets configuration source. Searches the assembly that contains type <typeparamref name="T"/>
            for an instance of <see cref="T:Microsoft.Extensions.Configuration.UserSecrets.UserSecretsIdAttribute"/>, which specifies a user secrets ID.
            </para>
            <para>
            A user secrets ID is unique value used to store and identify a collection of secret configuration values.
            </para>
             | 百度译文：<para>添加用户机密配置源。在包含类型<typeparamref name="T"/>的程序集中搜索<see cref="T:Microsoft.Extensions.Configuration.UserSecrets.UserSecretsIdAttribute"/>，它指定用户机密ID。</para><para>用户机密ID是用于存储和标识机密集合的唯一值配置值。</para>
            </summary>
            <param name="configuration">The configuration builder.</param>
            <param name="optional">Whether loading secrets is optional. When false, this method may throw.</param>
            <exception cref="T:System.InvalidOperationException">Thrown when <paramref name="optional"/> is false and the assembly containing <typeparamref name="T"/> does not have a valid <see cref="T:Microsoft.Extensions.Configuration.UserSecrets.UserSecretsIdAttribute"/>.</exception>
            <typeparam name="T">The type from the assembly to search for an instance of <see cref="T:Microsoft.Extensions.Configuration.UserSecrets.UserSecretsIdAttribute"/>.</typeparam>
            <returns>The configuration builder.</returns>
        </member>
        <member name="M:Microsoft.Extensions.Configuration.UserSecretsConfigurationExtensions.AddUserSecrets``1(Microsoft.Extensions.Configuration.IConfigurationBuilder,System.Boolean,System.Boolean)">
            <summary>
            <para>
            Adds the user secrets configuration source. Searches the assembly that contains type <typeparamref name="T"/>
            for an instance of <see cref="T:Microsoft.Extensions.Configuration.UserSecrets.UserSecretsIdAttribute"/>, which specifies a user secrets ID.
            </para>
            <para>
            A user secrets ID is unique value used to store and identify a collection of secret configuration values.
            </para>
             | 百度译文：<para>添加用户机密配置源。在包含类型<typeparamref name="T"/>的程序集中搜索<see cref="T:Microsoft.Extensions.Configuration.UserSecrets.UserSecretsIdAttribute"/>，它指定用户机密ID。</para><para>用户机密ID是用于存储和标识机密集合的唯一值配置值。</para>
            </summary>
            <param name="configuration">The configuration builder.</param>
            <param name="optional">Whether loading secrets is optional. When false, this method may throw.</param>
            <param name="reloadOnChange">Whether the configuration should be reloaded if the file changes.</param>
            <exception cref="T:System.InvalidOperationException">Thrown when <paramref name="optional"/> is false and the assembly containing <typeparamref name="T"/> does not have a valid <see cref="T:Microsoft.Extensions.Configuration.UserSecrets.UserSecretsIdAttribute"/>.</exception>
            <typeparam name="T">The type from the assembly to search for an instance of <see cref="T:Microsoft.Extensions.Configuration.UserSecrets.UserSecretsIdAttribute"/>.</typeparam>
            <returns>The configuration builder.</returns>
        </member>
        <member name="M:Microsoft.Extensions.Configuration.UserSecretsConfigurationExtensions.AddUserSecrets(Microsoft.Extensions.Configuration.IConfigurationBuilder,System.Reflection.Assembly)">
            <summary>
            <para>
            Adds the user secrets configuration source. This searches <paramref name="assembly"/> for an instance
            of <see cref="T:Microsoft.Extensions.Configuration.UserSecrets.UserSecretsIdAttribute"/>, which specifies a user secrets ID.
            </para>
            <para>
            A user secrets ID is unique value used to store and identify a collection of secret configuration values.
            </para>
             | 百度译文：<para>添加用户机密配置源。这将搜索<paramref name="assembly"/>以查找<see cref="T:Microsoft.Extensions.Configuration.UserSecrets.UserSecretsIdAttribute"/>，它指定用户机密ID。</para><para>用户机密ID是用于存储和标识机密配置值集合的唯一值。</para>
            </summary>
            <param name="configuration">The configuration builder.</param>
            <param name="assembly">The assembly with the <see cref="T:Microsoft.Extensions.Configuration.UserSecrets.UserSecretsIdAttribute" />.</param>
            <exception cref="T:System.InvalidOperationException">Thrown when <paramref name="assembly"/> does not have a valid <see cref="T:Microsoft.Extensions.Configuration.UserSecrets.UserSecretsIdAttribute"/></exception>
            <returns>The configuration builder.</returns>
        </member>
        <member name="M:Microsoft.Extensions.Configuration.UserSecretsConfigurationExtensions.AddUserSecrets(Microsoft.Extensions.Configuration.IConfigurationBuilder,System.Reflection.Assembly,System.Boolean)">
            <summary>
            <para>
            Adds the user secrets configuration source. This searches <paramref name="assembly"/> for an instance
            of <see cref="T:Microsoft.Extensions.Configuration.UserSecrets.UserSecretsIdAttribute"/>, which specifies a user secrets ID.
            </para>
            <para>
            A user secrets ID is unique value used to store and identify a collection of secret configuration values.
            </para>
             | 百度译文：<para>添加用户机密配置源。这将搜索<paramref name="assembly"/>以查找<see cref="T:Microsoft.Extensions.Configuration.UserSecrets.UserSecretsIdAttribute"/>，它指定用户机密ID。</para><para>用户机密ID是用于存储和标识机密配置值集合的唯一值。</para>
            </summary>
            <param name="configuration">The configuration builder.</param>
            <param name="assembly">The assembly with the <see cref="T:Microsoft.Extensions.Configuration.UserSecrets.UserSecretsIdAttribute" />.</param>
            <param name="optional">Whether loading secrets is optional. When false, this method may throw.</param>
            <exception cref="T:System.InvalidOperationException">Thrown when <paramref name="optional"/> is false and <paramref name="assembly"/> does not have a valid <see cref="T:Microsoft.Extensions.Configuration.UserSecrets.UserSecretsIdAttribute"/>.</exception>
            <returns>The configuration builder.</returns>
        </member>
        <member name="M:Microsoft.Extensions.Configuration.UserSecretsConfigurationExtensions.AddUserSecrets(Microsoft.Extensions.Configuration.IConfigurationBuilder,System.Reflection.Assembly,System.Boolean,System.Boolean)">
            <summary>
            <para>
            Adds the user secrets configuration source. This searches <paramref name="assembly"/> for an instance
            of <see cref="T:Microsoft.Extensions.Configuration.UserSecrets.UserSecretsIdAttribute"/>, which specifies a user secrets ID.
            </para>
            <para>
            A user secrets ID is unique value used to store and identify a collection of secret configuration values.
            </para>
             | 百度译文：<para>添加用户机密配置源。这将搜索<paramref name="assembly"/>以查找<see cref="T:Microsoft.Extensions.Configuration.UserSecrets.UserSecretsIdAttribute"/>，它指定用户机密ID。</para><para>用户机密ID是用于存储和标识机密配置值集合的唯一值。</para>
            </summary>
            <param name="configuration">The configuration builder.</param>
            <param name="assembly">The assembly with the <see cref="T:Microsoft.Extensions.Configuration.UserSecrets.UserSecretsIdAttribute" />.</param>
            <param name="optional">Whether loading secrets is optional. When false, this method may throw.</param>
            <param name="reloadOnChange">Whether the configuration should be reloaded if the file changes.</param>
            <exception cref="T:System.InvalidOperationException">Thrown when <paramref name="optional"/> is false and <paramref name="assembly"/> does not have a valid <see cref="T:Microsoft.Extensions.Configuration.UserSecrets.UserSecretsIdAttribute"/>.</exception>
            <returns>The configuration builder.</returns>
        </member>
        <member name="M:Microsoft.Extensions.Configuration.UserSecretsConfigurationExtensions.AddUserSecrets(Microsoft.Extensions.Configuration.IConfigurationBuilder,System.String)">
            <summary>
            <para>
            Adds the user secrets configuration source with specified user secrets ID.
            </para>
            <para>
            A user secrets ID is unique value used to store and identify a collection of secret configuration values.
            </para>
             | 百度译文：<para>添加具有指定用户机密ID的用户机密配置源。</para><para>用户机密ID是用于存储和标识机密配置值集合的唯一值。</para>
            </summary>
            <param name="configuration">The configuration builder.</param>
            <param name="userSecretsId">The user secrets ID.</param>
            <returns>The configuration builder.</returns>
        </member>
        <member name="M:Microsoft.Extensions.Configuration.UserSecretsConfigurationExtensions.AddUserSecrets(Microsoft.Extensions.Configuration.IConfigurationBuilder,System.String,System.Boolean)">
            <summary>
            <para>
            Adds the user secrets configuration source with specified user secrets ID.
            </para>
            <para>
            A user secrets ID is unique value used to store and identify a collection of secret configuration values.
            </para>
             | 百度译文：<para>添加具有指定用户机密ID的用户机密配置源。</para><para>用户机密ID是用于存储和标识机密配置值集合的唯一值。</para>
            </summary>
            <param name="configuration">The configuration builder.</param>
            <param name="userSecretsId">The user secrets ID.</param>
            <param name="reloadOnChange">Whether the configuration should be reloaded if the file changes.</param>
            <returns>The configuration builder.</returns>
        </member>
        <member name="P:System.SR.Common_StringNullOrEmpty">
            <summary>Value cannot be null or an empty string.</summary>
        </member>
        <member name="P:System.SR.Error_Invalid_Character_In_UserSecrets_Id">
            <summary>Invalid character '{0}' found in the user secrets ID at index '{1}'. | 百度译文：在索引{1}处的用户机密ID中发现无效字符{0}'。
            </summary>
        </member>
        <member name="P:System.SR.Error_Missing_UserSecretsIdAttribute">
            <summary>Could not find 'UserSecretsIdAttribute' on assembly '{0}'.
            Check that the project for '{0}' has set the 'UserSecretsId' build property.
            If the 'UserSecretsId' property is already set then add a reference to the Microsoft.Extensions.Configuration.UserSecret ... | 百度译文：在程序集{0}上找不到"UserSecretsIdAttribute"。请检查{0}的项目是否已设置"UserSecretsId"生成属性。如果已设置"UserSecretsId"属性，则添加对Microsoft.Extensions.Configuration.UserSecret。。。
            </summary>
        </member>
    </members>
</doc>