<?xml version="1.0"?>
<doc>
    <assembly>
        <name>Microsoft.Extensions.Configuration.EnvironmentVariables</name>
    </assembly>
    <members>
        <member name="T:Microsoft.Extensions.Configuration.EnvironmentVariables.EnvironmentVariablesConfigurationProvider">
            <summary>
            An environment variable based <see cref="T:Microsoft.Extensions.Configuration.ConfigurationProvider"/>.
            </summary>
        </member>
        <member name="M:Microsoft.Extensions.Configuration.EnvironmentVariables.EnvironmentVariablesConfigurationProvider.#ctor">
            <summary>
            Initializes a new instance.
            </summary>
        </member>
        <member name="M:Microsoft.Extensions.Configuration.EnvironmentVariables.EnvironmentVariablesConfigurationProvider.#ctor(System.String)">
            <summary>
            Initializes a new instance with the specified prefix.
             | 百度译文：使用指定的前缀初始化新实例。
            </summary>
            <param name="prefix">A prefix used to filter the environment variables.</param>
        </member>
        <member name="M:Microsoft.Extensions.Configuration.EnvironmentVariables.EnvironmentVariablesConfigurationProvider.Load">
            <summary>
            Loads the environment variables.
             | 百度译文：加载环境变量。
            </summary>
        </member>
        <member name="T:Microsoft.Extensions.Configuration.EnvironmentVariables.EnvironmentVariablesConfigurationSource">
            <summary>
            Represents environment variables as an <see cref="T:Microsoft.Extensions.Configuration.IConfigurationSource"/>.
            </summary>
        </member>
        <member name="P:Microsoft.Extensions.Configuration.EnvironmentVariables.EnvironmentVariablesConfigurationSource.Prefix">
            <summary>
            A prefix used to filter environment variables.
             | 百度译文：用于筛选环境变量的前缀。
            </summary>
        </member>
        <member name="M:Microsoft.Extensions.Configuration.EnvironmentVariables.EnvironmentVariablesConfigurationSource.Build(Microsoft.Extensions.Configuration.IConfigurationBuilder)">
            <summary>
            Builds the <see cref="T:Microsoft.Extensions.Configuration.EnvironmentVariables.EnvironmentVariablesConfigurationProvider"/> for this source.
            </summary>
            <param name="builder">The <see cref="T:Microsoft.Extensions.Configuration.IConfigurationBuilder"/>.</param>
            <returns>A <see cref="T:Microsoft.Extensions.Configuration.EnvironmentVariables.EnvironmentVariablesConfigurationProvider"/></returns>
        </member>
        <member name="T:Microsoft.Extensions.Configuration.EnvironmentVariablesExtensions">
            <summary>
            Extension methods for registering <see cref="T:Microsoft.Extensions.Configuration.EnvironmentVariables.EnvironmentVariablesConfigurationProvider"/> with <see cref="T:Microsoft.Extensions.Configuration.IConfigurationBuilder"/>.
             | 百度译文：注册的扩展方法<see cref="T:Microsoft.Extensions.Configuration.EnvironmentVariables.EnvironmentVariablesConfigurationProvider"/>使用<see cref="T:Microsoft.Extensions.Configuration.IConfigurationBuilder"/>。
            </summary>
        </member>
        <member name="M:Microsoft.Extensions.Configuration.EnvironmentVariablesExtensions.AddEnvironmentVariables(Microsoft.Extensions.Configuration.IConfigurationBuilder)">
            <summary>
            Adds an <see cref="T:Microsoft.Extensions.Configuration.IConfigurationProvider"/> that reads configuration values from environment variables.
            </summary>
            <param name="configurationBuilder">The <see cref="T:Microsoft.Extensions.Configuration.IConfigurationBuilder"/> to add to.</param>
            <returns>The <see cref="T:Microsoft.Extensions.Configuration.IConfigurationBuilder"/>.</returns>
        </member>
        <member name="M:Microsoft.Extensions.Configuration.EnvironmentVariablesExtensions.AddEnvironmentVariables(Microsoft.Extensions.Configuration.IConfigurationBuilder,System.String)">
            <summary>
            Adds an <see cref="T:Microsoft.Extensions.Configuration.IConfigurationProvider"/> that reads configuration values from environment variables
            with a specified prefix.
             | 百度译文：添加<see cref="T:Microsoft.Extensions.Configuration.IConfigurationProvider"/>，它从具有指定前缀的环境变量中读取配置值。
            </summary>
            <param name="configurationBuilder">The <see cref="T:Microsoft.Extensions.Configuration.IConfigurationBuilder"/> to add to.</param>
            <param name="prefix">The prefix that environment variable names must start with. The prefix will be removed from the environment variable names.</param>
            <returns>The <see cref="T:Microsoft.Extensions.Configuration.IConfigurationBuilder"/>.</returns>
        </member>
        <member name="M:Microsoft.Extensions.Configuration.EnvironmentVariablesExtensions.AddEnvironmentVariables(Microsoft.Extensions.Configuration.IConfigurationBuilder,System.Action{Microsoft.Extensions.Configuration.EnvironmentVariables.EnvironmentVariablesConfigurationSource})">
            <summary>
            Adds an <see cref="T:Microsoft.Extensions.Configuration.IConfigurationProvider"/> that reads configuration values from environment variables.
            </summary>
            <param name="builder">The <see cref="T:Microsoft.Extensions.Configuration.IConfigurationBuilder"/> to add to.</param>
            <param name="configureSource">Configures the source.</param>
            <returns>The <see cref="T:Microsoft.Extensions.Configuration.IConfigurationBuilder"/>.</returns>
        </member>
    </members>
</doc>