<?xml version="1.0"?>
<doc>
    <assembly>
        <name>Microsoft.AspNetCore.Hosting.Abstractions</name>
    </assembly>
    <members>
        <member name="T:Microsoft.AspNetCore.Hosting.EnvironmentName">
            <summary>
            Commonly used environment names.
             | 百度译文：常用的环境名称。
            </summary>
        </member>
        <member name="F:Microsoft.AspNetCore.Hosting.EnvironmentName.Development">
            <summary>
            A string constant for Development environments.
             | 百度译文：开发环境的字符串常量。
            </summary>
        </member>
        <member name="F:Microsoft.AspNetCore.Hosting.EnvironmentName.Staging">
            <summary>
            A string constant for Staging environments.
             | 百度译文：用于转移环境的字符串常量。
            </summary>
        </member>
        <member name="F:Microsoft.AspNetCore.Hosting.EnvironmentName.Production">
            <summary>
            A string constant for Production environments.
             | 百度译文：用于生产环境的字符串常量。
            </summary>
        </member>
        <member name="T:Microsoft.AspNetCore.Hosting.HostingAbstractionsWebHostBuilderExtensions">
            <summary>
            Contains extension methods for configuring the <see cref="T:Microsoft.AspNetCore.Hosting.IWebHostBuilder" />.
             | 百度译文：包含配置的扩展方法<see cref="T:Microsoft.AspNetCore.Hosting.IWebHostBuilder"/>。
            </summary>
        </member>
        <member name="M:Microsoft.AspNetCore.Hosting.HostingAbstractionsWebHostBuilderExtensions.UseConfiguration(Microsoft.AspNetCore.Hosting.IWebHostBuilder,Microsoft.Extensions.Configuration.IConfiguration)">
            <summary>
            Use the given configuration settings on the web host.
             | 百度译文：在web主机上使用给定的配置设置。
            </summary>
            <param name="hostBuilder">The <see cref="T:Microsoft.AspNetCore.Hosting.IWebHostBuilder"/> to configure.</param>
            <param name="configuration">The <see cref="T:Microsoft.Extensions.Configuration.IConfiguration"/> containing settings to be used.</param>
            <returns>The <see cref="T:Microsoft.AspNetCore.Hosting.IWebHostBuilder"/>.</returns>
        </member>
        <member name="M:Microsoft.AspNetCore.Hosting.HostingAbstractionsWebHostBuilderExtensions.CaptureStartupErrors(Microsoft.AspNetCore.Hosting.IWebHostBuilder,System.Boolean)">
            <summary>
            Set whether startup errors should be captured in the configuration settings of the web host.
            When enabled, startup exceptions will be caught and an error page will be returned. If disabled, startup exceptions will be propagated.
             | 百度译文：设置是否应在web主机的配置设置中捕获启动错误。启用后，将捕获启动异常并返回错误页。如果禁用，将传播启动异常。
            </summary>
            <param name="hostBuilder">The <see cref="T:Microsoft.AspNetCore.Hosting.IWebHostBuilder"/> to configure.</param>
            <param name="captureStartupErrors"><c>true</c> to use startup error page; otherwise <c>false</c>.</param>
            <returns>The <see cref="T:Microsoft.AspNetCore.Hosting.IWebHostBuilder"/>.</returns>
        </member>
        <member name="M:Microsoft.AspNetCore.Hosting.HostingAbstractionsWebHostBuilderExtensions.UseStartup(Microsoft.AspNetCore.Hosting.IWebHostBuilder,System.String)">
            <summary>
            Specify the assembly containing the startup type to be used by the web host.
             | 百度译文：指定包含web主机要使用的启动类型的程序集。
            </summary>
            <param name="hostBuilder">The <see cref="T:Microsoft.AspNetCore.Hosting.IWebHostBuilder"/> to configure.</param>
            <param name="startupAssemblyName">The name of the assembly containing the startup type.</param>
            <returns>The <see cref="T:Microsoft.AspNetCore.Hosting.IWebHostBuilder"/>.</returns>
        </member>
        <member name="M:Microsoft.AspNetCore.Hosting.HostingAbstractionsWebHostBuilderExtensions.UseServer(Microsoft.AspNetCore.Hosting.IWebHostBuilder,Microsoft.AspNetCore.Hosting.Server.IServer)">
            <summary>
            Specify the server to be used by the web host.
             | 百度译文：指定web主机要使用的服务器。
            </summary>
            <param name="hostBuilder">The <see cref="T:Microsoft.AspNetCore.Hosting.IWebHostBuilder"/> to configure.</param>
            <param name="server">The <see cref="T:Microsoft.AspNetCore.Hosting.Server.IServer"/> to be used.</param>
            <returns>The <see cref="T:Microsoft.AspNetCore.Hosting.IWebHostBuilder"/>.</returns>
        </member>
        <member name="M:Microsoft.AspNetCore.Hosting.HostingAbstractionsWebHostBuilderExtensions.UseEnvironment(Microsoft.AspNetCore.Hosting.IWebHostBuilder,System.String)">
            <summary>
            Specify the environment to be used by the web host.
             | 百度译文：指定web主机要使用的环境。
            </summary>
            <param name="hostBuilder">The <see cref="T:Microsoft.AspNetCore.Hosting.IWebHostBuilder"/> to configure.</param>
            <param name="environment">The environment to host the application in.</param>
            <returns>The <see cref="T:Microsoft.AspNetCore.Hosting.IWebHostBuilder"/>.</returns>
        </member>
        <member name="M:Microsoft.AspNetCore.Hosting.HostingAbstractionsWebHostBuilderExtensions.UseContentRoot(Microsoft.AspNetCore.Hosting.IWebHostBuilder,System.String)">
            <summary>
            Specify the content root directory to be used by the web host.
             | 百度译文：指定web主机要使用的内容根目录。
            </summary>
            <param name="hostBuilder">The <see cref="T:Microsoft.AspNetCore.Hosting.IWebHostBuilder"/> to configure.</param>
            <param name="contentRoot">Path to root directory of the application.</param>
            <returns>The <see cref="T:Microsoft.AspNetCore.Hosting.IWebHostBuilder"/>.</returns>
        </member>
        <member name="M:Microsoft.AspNetCore.Hosting.HostingAbstractionsWebHostBuilderExtensions.UseWebRoot(Microsoft.AspNetCore.Hosting.IWebHostBuilder,System.String)">
            <summary>
            Specify the webroot directory to be used by the web host.
             | 百度译文：指定web主机要使用的webroot目录。
            </summary>
            <param name="hostBuilder">The <see cref="T:Microsoft.AspNetCore.Hosting.IWebHostBuilder"/> to configure.</param>
            <param name="webRoot">Path to the root directory used by the web server.</param>
            <returns>The <see cref="T:Microsoft.AspNetCore.Hosting.IWebHostBuilder"/>.</returns>
        </member>
        <member name="M:Microsoft.AspNetCore.Hosting.HostingAbstractionsWebHostBuilderExtensions.UseUrls(Microsoft.AspNetCore.Hosting.IWebHostBuilder,System.String[])">
            <summary>
            Specify the urls the web host will listen on.
             | 百度译文：指定web主机将侦听的URL。
            </summary>
            <param name="hostBuilder">The <see cref="T:Microsoft.AspNetCore.Hosting.IWebHostBuilder"/> to configure.</param>
            <param name="urls">The urls the hosted application will listen on.</param>
            <returns>The <see cref="T:Microsoft.AspNetCore.Hosting.IWebHostBuilder"/>.</returns>
        </member>
        <member name="M:Microsoft.AspNetCore.Hosting.HostingAbstractionsWebHostBuilderExtensions.PreferHostingUrls(Microsoft.AspNetCore.Hosting.IWebHostBuilder,System.Boolean)">
            <summary>
            Indicate whether the host should listen on the URLs configured on the <see cref="T:Microsoft.AspNetCore.Hosting.IWebHostBuilder"/>
            instead of those configured on the <see cref="T:Microsoft.AspNetCore.Hosting.Server.IServer"/>.
             | 百度译文：指示主机是否应侦听在上配置的URLMicrosoft.AspNetCore.Hosting.IWebHostBuilder"/>而不是在<see cref="T:Microsoft.AspNetCore.Hosting.服务器.IServer"/>.
            </summary>
            <param name="hostBuilder">The <see cref="T:Microsoft.AspNetCore.Hosting.IWebHostBuilder"/> to configure.</param>
            <param name="preferHostingUrls"><c>true</c> to prefer URLs configured on the <see cref="T:Microsoft.AspNetCore.Hosting.IWebHostBuilder"/>; otherwise <c>false</c>.</param>
            <returns>The <see cref="T:Microsoft.AspNetCore.Hosting.IWebHostBuilder"/>.</returns>
        </member>
        <member name="M:Microsoft.AspNetCore.Hosting.HostingAbstractionsWebHostBuilderExtensions.SuppressStatusMessages(Microsoft.AspNetCore.Hosting.IWebHostBuilder,System.Boolean)">
            <summary>
            Specify if startup status messages should be suppressed.
             | 百度译文：指定是否应禁止显示启动状态消息。
            </summary>
            <param name="hostBuilder">The <see cref="T:Microsoft.AspNetCore.Hosting.IWebHostBuilder"/> to configure.</param>
            <param name="suppressStatusMessages"><c>true</c> to suppress writing of hosting startup status messages; otherwise <c>false</c>.</param>
            <returns>The <see cref="T:Microsoft.AspNetCore.Hosting.IWebHostBuilder"/>.</returns>
        </member>
        <member name="M:Microsoft.AspNetCore.Hosting.HostingAbstractionsWebHostBuilderExtensions.UseShutdownTimeout(Microsoft.AspNetCore.Hosting.IWebHostBuilder,System.TimeSpan)">
            <summary>
            Specify the amount of time to wait for the web host to shutdown.
             | 百度译文：指定等待web主机关闭的时间量。
            </summary>
            <param name="hostBuilder">The <see cref="T:Microsoft.AspNetCore.Hosting.IWebHostBuilder"/> to configure.</param>
            <param name="timeout">The amount of time to wait for server shutdown.</param>
            <returns>The <see cref="T:Microsoft.AspNetCore.Hosting.IWebHostBuilder"/>.</returns>
        </member>
        <member name="M:Microsoft.AspNetCore.Hosting.HostingAbstractionsWebHostBuilderExtensions.Start(Microsoft.AspNetCore.Hosting.IWebHostBuilder,System.String[])">
            <summary>
            Start the web host and listen on the specified urls.
             | 百度译文：启动web主机并侦听指定的URL。
            </summary>
            <param name="hostBuilder">The <see cref="T:Microsoft.AspNetCore.Hosting.IWebHostBuilder"/> to start.</param>
            <param name="urls">The urls the hosted application will listen on.</param>
            <returns>The <see cref="T:Microsoft.AspNetCore.Hosting.IWebHostBuilder"/>.</returns>
        </member>
        <member name="T:Microsoft.AspNetCore.Hosting.HostingEnvironmentExtensions">
            <summary>
            Extension methods for <see cref="T:Microsoft.AspNetCore.Hosting.IHostingEnvironment"/>.
             | 百度译文：扩展方法<see cref="T:Microsoft.AspNetCore.Hosting.IHostingEnvironment"/>。
            </summary>
        </member>
        <member name="M:Microsoft.AspNetCore.Hosting.HostingEnvironmentExtensions.IsDevelopment(Microsoft.AspNetCore.Hosting.IHostingEnvironment)">
            <summary>
            Checks if the current hosting environment name is <see cref="F:Microsoft.AspNetCore.Hosting.EnvironmentName.Development"/>.
             | 百度译文：检查当前宿主环境名称是否为<see cref="F:Microsoft.AspNetCore.Hosting.环境开发名称"/>.
            </summary>
            <param name="hostingEnvironment">An instance of <see cref="T:Microsoft.AspNetCore.Hosting.IHostingEnvironment"/>.</param>
            <returns>True if the environment name is <see cref="F:Microsoft.AspNetCore.Hosting.EnvironmentName.Development"/>, otherwise false.</returns>
        </member>
        <member name="M:Microsoft.AspNetCore.Hosting.HostingEnvironmentExtensions.IsStaging(Microsoft.AspNetCore.Hosting.IHostingEnvironment)">
            <summary>
            Checks if the current hosting environment name is <see cref="F:Microsoft.AspNetCore.Hosting.EnvironmentName.Staging"/>.
             | 百度译文：检查当前宿主环境名称是否为<see cref="F:Microsoft.AspNetCore.Hosting.EnvironmentName.Staging"/>.
            </summary>
            <param name="hostingEnvironment">An instance of <see cref="T:Microsoft.AspNetCore.Hosting.IHostingEnvironment"/>.</param>
            <returns>True if the environment name is <see cref="F:Microsoft.AspNetCore.Hosting.EnvironmentName.Staging"/>, otherwise false.</returns>
        </member>
        <member name="M:Microsoft.AspNetCore.Hosting.HostingEnvironmentExtensions.IsProduction(Microsoft.AspNetCore.Hosting.IHostingEnvironment)">
            <summary>
            Checks if the current hosting environment name is <see cref="F:Microsoft.AspNetCore.Hosting.EnvironmentName.Production"/>.
             | 百度译文：检查当前宿主环境名称是否为<see cref="F:Microsoft.AspNetCore.Hosting.EnvironmentName.Production"/>.
            </summary>
            <param name="hostingEnvironment">An instance of <see cref="T:Microsoft.AspNetCore.Hosting.IHostingEnvironment"/>.</param>
            <returns>True if the environment name is <see cref="F:Microsoft.AspNetCore.Hosting.EnvironmentName.Production"/>, otherwise false.</returns>
        </member>
        <member name="M:Microsoft.AspNetCore.Hosting.HostingEnvironmentExtensions.IsEnvironment(Microsoft.AspNetCore.Hosting.IHostingEnvironment,System.String)">
            <summary>
            Compares the current hosting environment name against the specified value.
             | 百度译文：将当前宿主环境名称与指定值进行比较。
            </summary>
            <param name="hostingEnvironment">An instance of <see cref="T:Microsoft.AspNetCore.Hosting.IHostingEnvironment"/>.</param>
            <param name="environmentName">Environment name to validate against.</param>
            <returns>True if the specified name is the same as the current environment, otherwise false.</returns>
        </member>
        <member name="T:Microsoft.AspNetCore.Hosting.HostingStartupAttribute">
            <summary>
            Marker attribute indicating an implementation of <see cref="T:Microsoft.AspNetCore.Hosting.IHostingStartup"/> that will be loaded and executed when building an <see cref="T:Microsoft.AspNetCore.Hosting.IWebHost"/>.
             | 百度译文：表示实现<see cref="T:Microsoft.AspNetCore.Hosting.IHostingStartup"/>在构建<see cref="T:Microsoft.AspNetCore.Hosting.IWebHost"/>。
            </summary>
        </member>
        <member name="M:Microsoft.AspNetCore.Hosting.HostingStartupAttribute.#ctor(System.Type)">
            <summary>
            Constructs the <see cref="T:Microsoft.AspNetCore.Hosting.HostingStartupAttribute"/> with the specified type.
             | 百度译文：构造<see cref="T:Microsoft.AspNetCore.Hosting.HostingStartupAttribute"/>具有指定类型。
            </summary>
            <param name="hostingStartupType">A type that implements <see cref="T:Microsoft.AspNetCore.Hosting.IHostingStartup"/>.</param>
        </member>
        <member name="P:Microsoft.AspNetCore.Hosting.HostingStartupAttribute.HostingStartupType">
            <summary>
            The implementation of <see cref="T:Microsoft.AspNetCore.Hosting.IHostingStartup"/> that should be loaded when 
            starting an application.
             | 百度译文：实施<see cref="T:Microsoft.AspNetCore.Hosting.IHostingStartup"/>在启动应用程序时应加载。
            </summary>
        </member>
        <member name="T:Microsoft.AspNetCore.Hosting.IApplicationLifetime">
            <summary>
            Allows consumers to perform cleanup during a graceful shutdown.
            <para>
             This type is obsolete and will be removed in a future version.
             The recommended alternative is Microsoft.Extensions.Hosting.IHostApplicationLifetime.
            </para>
             | 百度译文：允许使用者在正常关机期间执行清理。<para>此类型已过时，将在将来的版本中删除。建议的替代方案是Microsoft.Extensions.Hosting.IHostApplicationLifetime。</para>
            </summary>
        </member>
        <member name="P:Microsoft.AspNetCore.Hosting.IApplicationLifetime.ApplicationStarted">
            <summary>
            Triggered when the application host has fully started and is about to wait
            for a graceful shutdown.
             | 百度译文：当应用程序主机已完全启动并即将等待正常关闭时触发。
            </summary>
        </member>
        <member name="P:Microsoft.AspNetCore.Hosting.IApplicationLifetime.ApplicationStopping">
            <summary>
            Triggered when the application host is performing a graceful shutdown.
            Requests may still be in flight. Shutdown will block until this event completes.
             | 百度译文：当应用程序主机正在执行正常关闭时触发。请求可能仍在处理中。关闭将阻止，直到此事件完成。
            </summary>
        </member>
        <member name="P:Microsoft.AspNetCore.Hosting.IApplicationLifetime.ApplicationStopped">
            <summary>
            Triggered when the application host is performing a graceful shutdown.
            All requests should be complete at this point. Shutdown will block
            until this event completes.
             | 百度译文：当应用程序主机正在执行正常关闭时触发。此时所有请求都应该完成。关闭将阻止，直到此事件完成。
            </summary>
        </member>
        <member name="M:Microsoft.AspNetCore.Hosting.IApplicationLifetime.StopApplication">
            <summary>
            Requests termination of the current application.
             | 百度译文：请求终止当前应用程序。
            </summary>
        </member>
        <member name="T:Microsoft.AspNetCore.Hosting.IHostingEnvironment">
            <summary>
            Provides information about the web hosting environment an application is running in.
             | 百度译文：提供有关运行应用程序的web宿主环境的信息。
            <para>
             This type is obsolete and will be removed in a future version.
             The recommended alternative is Microsoft.AspNetCore.Hosting.IWebHostEnvironment.
            </para>
             | 百度译文：提供有关运行应用程序的web宿主环境的信息。<para>此类型已过时，将在将来的版本中删除。建议的替代方案是Microsoft.AspNetCore.Hosting.IWebHostEnvironment公司。</para>
            </summary>
        </member>
        <member name="P:Microsoft.AspNetCore.Hosting.IHostingEnvironment.EnvironmentName">
            <summary>
            Gets or sets the name of the environment. The host automatically sets this property to the value
            of the "ASPNETCORE_ENVIRONMENT" environment variable, or "environment" as specified in any other configuration source.
             | 百度译文：获取或设置环境的名称。主机会自动将此属性设置为"ASPNETCORE_ENVIRONMENT"环境变量的值，或在任何其他配置源中指定的"ENVIRONMENT"。
            </summary>
        </member>
        <member name="P:Microsoft.AspNetCore.Hosting.IHostingEnvironment.ApplicationName">
            <summary>
            Gets or sets the name of the application. This property is automatically set by the host to the assembly containing
            the application entry point.
             | 百度译文：获取或设置应用程序的名称。此属性由宿主自动设置为包含应用程序入口点的程序集。
            </summary>
        </member>
        <member name="P:Microsoft.AspNetCore.Hosting.IHostingEnvironment.WebRootPath">
            <summary>
            Gets or sets the absolute path to the directory that contains the web-servable application content files.
             | 百度译文：获取或设置指向包含web可服务应用程序内容文件的目录的绝对路径。
            </summary>
        </member>
        <member name="P:Microsoft.AspNetCore.Hosting.IHostingEnvironment.WebRootFileProvider">
            <summary>
            Gets or sets an <see cref="T:Microsoft.Extensions.FileProviders.IFileProvider"/> pointing at <see cref="P:Microsoft.AspNetCore.Hosting.IHostingEnvironment.WebRootPath"/>.
             | 百度译文：获取或设置<see cref="T:Microsoft.Extensions.FileProviders.IFileProvider"/>指向<see cref="P:Microsoft.AspNetCore.Hosting.IHostingEnvironment.WebRootPath"/>.
            </summary>
        </member>
        <member name="P:Microsoft.AspNetCore.Hosting.IHostingEnvironment.ContentRootPath">
            <summary>
            Gets or sets the absolute path to the directory that contains the application content files.
             | 百度译文：获取或设置指向包含应用程序内容文件的目录的绝对路径。
            </summary>
        </member>
        <member name="P:Microsoft.AspNetCore.Hosting.IHostingEnvironment.ContentRootFileProvider">
            <summary>
            Gets or sets an <see cref="T:Microsoft.Extensions.FileProviders.IFileProvider"/> pointing at <see cref="P:Microsoft.AspNetCore.Hosting.IHostingEnvironment.ContentRootPath"/>.
             | 百度译文：获取或设置<see cref="T:Microsoft.Extensions.FileProviders.IFileProvider"/>指向<see cref="P:Microsoft.AspNetCore.Hosting.IHostingEnvironment.ContentRootPath"/>.
            </summary>
        </member>
        <member name="T:Microsoft.AspNetCore.Hosting.IHostingStartup">
            <summary>
            Represents platform specific configuration that will be applied to a <see cref="T:Microsoft.AspNetCore.Hosting.IWebHostBuilder"/> when building an <see cref="T:Microsoft.AspNetCore.Hosting.IWebHost"/>.
             | 百度译文：表示将应用于<see cref="T:Microsoft.AspNetCore.Hosting.IWebHostBuilder"/>生成<see cref="T:Microsoft.AspNetCore.Hosting.IWebHost"/>。
            </summary>
        </member>
        <member name="M:Microsoft.AspNetCore.Hosting.IHostingStartup.Configure(Microsoft.AspNetCore.Hosting.IWebHostBuilder)">
            <summary>
            Configure the <see cref="T:Microsoft.AspNetCore.Hosting.IWebHostBuilder"/>.
             | 百度译文：配置<see cref="T:Microsoft.AspNetCore.Hosting.IWebHostBuilder"/>。
            </summary>
            <remarks>
            Configure is intended to be called before user code, allowing a user to overwrite any changes made.
            </remarks>
            <param name="builder"></param>
        </member>
        <member name="T:Microsoft.AspNetCore.Hosting.IStartup">
            <summary>
            Provides an interface for initializing services and middleware used by an application.
             | 百度译文：提供用于初始化应用程序使用的服务和中间件的接口。
            </summary>
        </member>
        <member name="M:Microsoft.AspNetCore.Hosting.IStartup.ConfigureServices(Microsoft.Extensions.DependencyInjection.IServiceCollection)">
            <summary>
            Register services into the <see cref="T:Microsoft.Extensions.DependencyInjection.IServiceCollection" />.
             | 百度译文：将服务注册到<see cref="T:Microsoft.Extensions.DependencyInjection.IServiceCollection"/>。
            </summary>
            <param name="services">The <see cref="T:Microsoft.Extensions.DependencyInjection.IServiceCollection"/> to add the services to.</param>
        </member>
        <member name="M:Microsoft.AspNetCore.Hosting.IStartup.Configure(Microsoft.AspNetCore.Builder.IApplicationBuilder)">
            <summary>
            Configures the application.
             | 百度译文：配置应用程序。
            </summary>
            <param name="app">An <see cref="T:Microsoft.AspNetCore.Builder.IApplicationBuilder"/> for the app to configure.</param>
        </member>
        <member name="T:Microsoft.AspNetCore.Hosting.IStartupConfigureContainerFilter`1">
            <summary>
            This API supports the ASP.NET Core infrastructure and is not intended to be used
            directly from your code. This API may change or be removed in future releases.
             | 百度译文：此API支持ASP.NET核心基础设施，不打算直接从代码中使用。将来可能会删除或删除此API版本。
            </summary>
        </member>
        <member name="M:Microsoft.AspNetCore.Hosting.IStartupConfigureContainerFilter`1.ConfigureContainer(System.Action{`0})">
            <summary>
            Extends the provided <paramref name="container"/> and returns a modified <see cref="T:System.Action"/> action of the same type.
             | 百度译文：扩展提供的<paramref name="container"/>并返回一个修改的<see cref="T:系统动作"/>相同类型的操作。
            </summary>
            <param name="container">The ConfigureContainer method to extend.</param>
            <returns>A modified <see cref="T:System.Action"/>.</returns>
        </member>
        <member name="T:Microsoft.AspNetCore.Hosting.IStartupConfigureServicesFilter">
            <summary>
            This API supports the ASP.NET Core infrastructure and is not intended to be used
            directly from your code. This API may change or be removed in future releases.
             | 百度译文：此API支持ASP.NET核心基础设施，不打算直接从代码中使用。将来可能会删除或删除此API版本。
            </summary>
        </member>
        <member name="M:Microsoft.AspNetCore.Hosting.IStartupConfigureServicesFilter.ConfigureServices(System.Action{Microsoft.Extensions.DependencyInjection.IServiceCollection})">
            <summary>
            Extends the provided <paramref name="next"/> and returns a modified <see cref="T:System.Action"/> action of the same type.
             | 百度译文：扩展提供的<paramref name="next"/>并返回一个修改的<see cref="T:系统动作"/>相同类型的操作。
            </summary>
            <param name="next">The ConfigureServices method to extend.</param>
            <returns>A modified <see cref="T:System.Action"/>.</returns>
        </member>
        <member name="T:Microsoft.AspNetCore.Hosting.IStartupFilter">
            <summary>
            Provides an interface for extending the middleware pipeline with new
            Configure methods. Can be used to add defaults to the beginning or
            end of the pipeline without having to make the app author explicitly
            register middleware.
             | 百度译文：提供一个接口，用于使用新的配置方法扩展中间件管道。可用于在管道的开始或结尾添加默认值，而无需让app author显式注册中间件。
            </summary>
        </member>
        <member name="M:Microsoft.AspNetCore.Hosting.IStartupFilter.Configure(System.Action{Microsoft.AspNetCore.Builder.IApplicationBuilder})">
            <summary>
            Extends the provided <paramref name="next"/> and returns an <see cref="T:System.Action"/> of the same type.
             | 百度译文：扩展提供的<paramref name="next"/>并返回<see cref="T:系统动作"/>同一类型。
            </summary>
            <param name="next">The Configure method to extend.</param>
            <returns>A modified <see cref="T:System.Action"/>.</returns>
        </member>
        <member name="T:Microsoft.AspNetCore.Hosting.IWebHost">
            <summary>
            Represents a configured web host.
             | 百度译文：表示已配置的web主机。
            </summary>
        </member>
        <member name="P:Microsoft.AspNetCore.Hosting.IWebHost.ServerFeatures">
            <summary>
            The <see cref="T:Microsoft.AspNetCore.Http.Features.IFeatureCollection"/> exposed by the configured server.
             | 百度译文：<see cref="T:Microsoft.AspNetCore.Http.Features.IFeatureCollection"/>由配置的服务器公开。
            </summary>
        </member>
        <member name="P:Microsoft.AspNetCore.Hosting.IWebHost.Services">
            <summary>
            The <see cref="T:System.IServiceProvider"/> for the host.
             | 百度译文：<see cref="T:System.IServiceProvider"/>对于主机。
            </summary>
        </member>
        <member name="M:Microsoft.AspNetCore.Hosting.IWebHost.Start">
            <summary>
            Starts listening on the configured addresses.
             | 百度译文：开始侦听配置的地址。
            </summary>
        </member>
        <member name="M:Microsoft.AspNetCore.Hosting.IWebHost.StartAsync(System.Threading.CancellationToken)">
            <summary>
            Starts listening on the configured addresses.
             | 百度译文：开始侦听配置的地址。
            </summary>
            <param name="cancellationToken">Used to abort program start.</param>
            <returns>A <see cref="T:System.Threading.Tasks.Task"/> that completes when the <see cref="T:Microsoft.AspNetCore.Hosting.IWebHost"/> starts.</returns>
        </member>
        <member name="M:Microsoft.AspNetCore.Hosting.IWebHost.StopAsync(System.Threading.CancellationToken)">
            <summary>
            Attempt to gracefully stop the host.
             | 百度译文：尝试优雅地停止主机。
            </summary>
            <param name="cancellationToken">Used to indicate when stop should no longer be graceful.</param>
            <returns>A <see cref="T:System.Threading.Tasks.Task"/> that completes when the <see cref="T:Microsoft.AspNetCore.Hosting.IWebHost"/> stops.</returns>
        </member>
        <member name="T:Microsoft.AspNetCore.Hosting.IWebHostBuilder">
            <summary>
            A builder for <see cref="T:Microsoft.AspNetCore.Hosting.IWebHost"/>.
             | 百度译文：一个<see cref="T:Microsoft.AspNetCore.Hosting.IWebHost"/>。
            </summary>
        </member>
        <member name="M:Microsoft.AspNetCore.Hosting.IWebHostBuilder.Build">
            <summary>
            Builds an <see cref="T:Microsoft.AspNetCore.Hosting.IWebHost"/> which hosts a web application.
             | 百度译文：构建<see cref="T:Microsoft.AspNetCore.Hosting.IWebHost"/>，它承载web应用程序。
            </summary>
        </member>
        <member name="M:Microsoft.AspNetCore.Hosting.IWebHostBuilder.ConfigureAppConfiguration(System.Action{Microsoft.AspNetCore.Hosting.WebHostBuilderContext,Microsoft.Extensions.Configuration.IConfigurationBuilder})">
            <summary>
            Adds a delegate for configuring the <see cref="T:Microsoft.Extensions.Configuration.IConfigurationBuilder"/> that will construct an <see cref="T:Microsoft.Extensions.Configuration.IConfiguration"/>.
             | 百度译文：添加用于配置<see cref="T:Microsoft.Extensions.Configuration.IConfigurationBuilder"/>它将构造一个<see cref="T:Microsoft.Extensions.Configuration.IConfiguration"/>。
            </summary>
            <param name="configureDelegate">The delegate for configuring the <see cref="T:Microsoft.Extensions.Configuration.IConfigurationBuilder" /> that will be used to construct an <see cref="T:Microsoft.Extensions.Configuration.IConfiguration" />.</param>
            <returns>The <see cref="T:Microsoft.AspNetCore.Hosting.IWebHostBuilder"/>.</returns>
            <remarks>
            The <see cref="T:Microsoft.Extensions.Configuration.IConfiguration"/> and <see cref="T:Microsoft.Extensions.Logging.ILoggerFactory"/> on the <see cref="T:Microsoft.AspNetCore.Hosting.WebHostBuilderContext"/> are uninitialized at this stage.
            The <see cref="T:Microsoft.Extensions.Configuration.IConfigurationBuilder"/> is pre-populated with the settings of the <see cref="T:Microsoft.AspNetCore.Hosting.IWebHostBuilder"/>.
            </remarks>
        </member>
        <member name="M:Microsoft.AspNetCore.Hosting.IWebHostBuilder.ConfigureServices(System.Action{Microsoft.Extensions.DependencyInjection.IServiceCollection})">
            <summary>
            Adds a delegate for configuring additional services for the host or web application. This may be called
            multiple times.
             | 百度译文：添加用于为主机或web应用程序配置其他服务的委托。这可以多次调用。
            </summary>
            <param name="configureServices">A delegate for configuring the <see cref="T:Microsoft.Extensions.DependencyInjection.IServiceCollection"/>.</param>
            <returns>The <see cref="T:Microsoft.AspNetCore.Hosting.IWebHostBuilder"/>.</returns>
        </member>
        <member name="M:Microsoft.AspNetCore.Hosting.IWebHostBuilder.ConfigureServices(System.Action{Microsoft.AspNetCore.Hosting.WebHostBuilderContext,Microsoft.Extensions.DependencyInjection.IServiceCollection})">
            <summary>
            Adds a delegate for configuring additional services for the host or web application. This may be called
            multiple times.
             | 百度译文：添加用于为主机或web应用程序配置其他服务的委托。这可以多次调用。
            </summary>
            <param name="configureServices">A delegate for configuring the <see cref="T:Microsoft.Extensions.DependencyInjection.IServiceCollection"/>.</param>
            <returns>The <see cref="T:Microsoft.AspNetCore.Hosting.IWebHostBuilder"/>.</returns>
        </member>
        <member name="M:Microsoft.AspNetCore.Hosting.IWebHostBuilder.GetSetting(System.String)">
            <summary>
            Get the setting value from the configuration.
             | 百度译文：从配置中获取设置值。
            </summary>
            <param name="key">The key of the setting to look up.</param>
            <returns>The value the setting currently contains.</returns>
        </member>
        <member name="M:Microsoft.AspNetCore.Hosting.IWebHostBuilder.UseSetting(System.String,System.String)">
            <summary>
            Add or replace a setting in the configuration.
             | 百度译文：添加或替换配置中的设置。
            </summary>
            <param name="key">The key of the setting to add or replace.</param>
            <param name="value">The value of the setting to add or replace.</param>
            <returns>The <see cref="T:Microsoft.AspNetCore.Hosting.IWebHostBuilder"/>.</returns>
        </member>
        <member name="T:Microsoft.AspNetCore.Hosting.IWebHostEnvironment">
            <summary>
            Provides information about the web hosting environment an application is running in.
             | 百度译文：提供有关运行应用程序的web宿主环境的信息。
            </summary>
        </member>
        <member name="P:Microsoft.AspNetCore.Hosting.IWebHostEnvironment.WebRootPath">
            <summary>
            Gets or sets the absolute path to the directory that contains the web-servable application content files.
             | 百度译文：获取或设置指向包含web可服务应用程序内容文件的目录的绝对路径。
            </summary>
        </member>
        <member name="P:Microsoft.AspNetCore.Hosting.IWebHostEnvironment.WebRootFileProvider">
            <summary>
            Gets or sets an <see cref="T:Microsoft.Extensions.FileProviders.IFileProvider"/> pointing at <see cref="P:Microsoft.AspNetCore.Hosting.IWebHostEnvironment.WebRootPath"/>.
             | 百度译文：获取或设置<see cref="T:Microsoft.Extensions.FileProviders.IFileProvider"/>指向<see cref="P:Microsoft.AspNetCore.Hosting.IWebHostEnvironment.WebRootPath"/>.
            </summary>
        </member>
        <member name="T:Microsoft.AspNetCore.Hosting.WebHostBuilderContext">
            <summary>
            Context containing the common services on the <see cref="T:Microsoft.AspNetCore.Hosting.IWebHost" />. Some properties may be null until set by the <see cref="T:Microsoft.AspNetCore.Hosting.IWebHost" />.
             | 百度译文：包含公共服务的上下文<参阅cref="T:Microsoft.AspNetCore.Hosting.IWebHost"/>。某些属性可能为空，直到由<see cref="T:Microsoft.AspNetCore.Hosting.IWebHost"/>。
            </summary>
        </member>
        <member name="P:Microsoft.AspNetCore.Hosting.WebHostBuilderContext.HostingEnvironment">
            <summary>
            The <see cref="T:Microsoft.AspNetCore.Hosting.IWebHostEnvironment" /> initialized by the <see cref="T:Microsoft.AspNetCore.Hosting.IWebHost" />.
             | 百度译文：<see cref="T:Microsoft.AspNetCore.Hosting.IWebHostEnvironment"/>由<see cref="T:Microsoft.AspNetCore.Hosting.IWebHost"/>。
            </summary>
        </member>
        <member name="P:Microsoft.AspNetCore.Hosting.WebHostBuilderContext.Configuration">
            <summary>
            The <see cref="T:Microsoft.Extensions.Configuration.IConfiguration" /> containing the merged configuration of the application and the <see cref="T:Microsoft.AspNetCore.Hosting.IWebHost" />.
             | 百度译文：<see cref="T:Microsoft.Extensions.Configuration.IConfiguration"/>包含应用程序的合并配置和<see cref="T:Microsoft.AspNetCore.Hosting.IWebHost"/>。
            </summary>
        </member>
        <member name="T:Microsoft.AspNetCore.Hosting.WebHostDefaults">
            <summary>
            Contains a set of constants representing configuration keys.
             | 百度译文：包含一组表示配置键的常量。
            </summary>
        </member>
        <member name="F:Microsoft.AspNetCore.Hosting.WebHostDefaults.ApplicationKey">
            <summary>
            The configuration key associated with an application name.
             | 百度译文：与应用程序名称关联的配置键。
            </summary>
        </member>
        <member name="F:Microsoft.AspNetCore.Hosting.WebHostDefaults.StartupAssemblyKey">
            <summary>
            The configuration key associated with the startup assembly.
             | 百度译文：与启动程序集关联的配置键。
            </summary>
        </member>
        <member name="F:Microsoft.AspNetCore.Hosting.WebHostDefaults.HostingStartupAssembliesKey">
            <summary>
            The configuration key associated with "hostingStartupAssemblies" configuration.
             | 百度译文：与"HostingStartupAssembly"配置关联的配置键。
            </summary>
        </member>
        <member name="F:Microsoft.AspNetCore.Hosting.WebHostDefaults.HostingStartupExcludeAssembliesKey">
            <summary>
            The configuration key associated with the "hostingStartupExcludeAssemblies" configuration.
             | 百度译文：与"hostingStartupExcludeAssemblies"配置关联的配置键。
            </summary>
        </member>
        <member name="F:Microsoft.AspNetCore.Hosting.WebHostDefaults.DetailedErrorsKey">
            <summary>
            The configuration key associated with the "DetailedErrors" configuration.
             | 百度译文：与"DetailedErrors"配置关联的配置键。
            </summary>
        </member>
        <member name="F:Microsoft.AspNetCore.Hosting.WebHostDefaults.EnvironmentKey">
            <summary>
            The configuration key associated with the application's environment setting.
             | 百度译文：与应用程序的环境设置关联的配置键。
            </summary>
        </member>
        <member name="F:Microsoft.AspNetCore.Hosting.WebHostDefaults.WebRootKey">
            <summary>
            The configuration key associated with the "webRoot" configuration.
             | 百度译文：与"webRoot"配置关联的配置键。
            </summary>
        </member>
        <member name="F:Microsoft.AspNetCore.Hosting.WebHostDefaults.CaptureStartupErrorsKey">
            <summary>
            The configuration key associated with the "captureStartupErrors" configuration.
             | 百度译文：与"captureStartupErrors"配置关联的配置键。
            </summary>
        </member>
        <member name="F:Microsoft.AspNetCore.Hosting.WebHostDefaults.ServerUrlsKey">
            <summary>
            The configuration key associated with the "urls" configuration.
             | 百度译文：与"url"配置关联的配置键。
            </summary>
        </member>
        <member name="F:Microsoft.AspNetCore.Hosting.WebHostDefaults.ContentRootKey">
            <summary>
            The configuration key associated with the "ContentRoot" configuration.
             | 百度译文：与"ContentRoot"配置关联的配置键。
            </summary>
        </member>
        <member name="F:Microsoft.AspNetCore.Hosting.WebHostDefaults.PreferHostingUrlsKey">
            <summary>
            The configuration key associated with the "PreferHostingUrls" configuration.
             | 百度译文：与"PreferHostingURL"配置关联的配置键。
            </summary>
        </member>
        <member name="F:Microsoft.AspNetCore.Hosting.WebHostDefaults.PreventHostingStartupKey">
            <summary>
            The configuration key associated with the "PreventHostingStartup" configuration.
             | 百度译文：与"PreventHostingStartup"配置关联的配置键。
            </summary>
        </member>
        <member name="F:Microsoft.AspNetCore.Hosting.WebHostDefaults.SuppressStatusMessagesKey">
            <summary>
            The configuration key associated with the "SuppressStatusMessages" configuration.
             | 百度译文：与"SuppressStatusMessages"配置关联的配置键。
            </summary>
        </member>
        <member name="F:Microsoft.AspNetCore.Hosting.WebHostDefaults.ShutdownTimeoutKey">
            <summary>
            The configuration key associated with the "ShutdownTimeoutSeconds" configuration.
             | 百度译文：与"ShutdownTimeoutSeconds"配置关联的配置键。
            </summary>
        </member>
        <member name="F:Microsoft.AspNetCore.Hosting.WebHostDefaults.StaticWebAssetsKey">
            <summary>
            The configuration key associated with the "StaticWebAssets" configuration.
             | 百度译文：与"StaticWebAssets"配置关联的配置键。
            </summary>
        </member>
    </members>
</doc>