<?xml version="1.0"?>
<doc>
    <assembly>
        <name>Microsoft.AspNetCore.Localization</name>
    </assembly>
    <members>
        <member name="T:Microsoft.AspNetCore.Localization.AcceptLanguageHeaderRequestCultureProvider">
            <summary>
            Determines the culture information for a request via the value of the Accept-Language header.
             | 百度译文：通过接受语言标头的值确定请求的区域性信息。
            </summary>
        </member>
        <member name="P:Microsoft.AspNetCore.Localization.AcceptLanguageHeaderRequestCultureProvider.MaximumAcceptLanguageHeaderValuesToTry">
            <summary>
            The maximum number of values in the Accept-Language header to attempt to create a <see cref="T:System.Globalization.CultureInfo"/>
            from for the current request.
            Defaults to <c>3</c>.
             | 百度译文：尝试创建<see cref="T:System.Globalization.CultureInfo"/>来自当前请求。默认值为<c>3</c>。
            </summary>
        </member>
        <member name="M:Microsoft.AspNetCore.Localization.AcceptLanguageHeaderRequestCultureProvider.DetermineProviderCultureResult(Microsoft.AspNetCore.Http.HttpContext)">
            <inheritdoc />
        </member>
        <member name="T:Microsoft.AspNetCore.Localization.CookieRequestCultureProvider">
            <summary>
            Determines the culture information for a request via the value of a cookie.
             | 百度译文：通过cookie的值确定请求的区域性信息。
            </summary>
        </member>
        <member name="F:Microsoft.AspNetCore.Localization.CookieRequestCultureProvider.DefaultCookieName">
            <summary>
            Represent the default cookie name used to track the user's preferred culture information, which is ".AspNetCore.Culture".
             | 百度译文：表示用于跟踪用户首选区域性信息的默认cookie名称，即""。AspNetCore.文化".
            </summary>
        </member>
        <member name="P:Microsoft.AspNetCore.Localization.CookieRequestCultureProvider.CookieName">
            <summary>
            The name of the cookie that contains the user's preferred culture information.
            Defaults to <see cref="F:Microsoft.AspNetCore.Localization.CookieRequestCultureProvider.DefaultCookieName"/>.
             | 百度译文：包含用户首选区域性信息的cookie的名称。默认值为<see cref="F:Microsoft.AspNetCore.本地化.CookieRe公司questCultureProvider.DefaultCookieName"/>.
            </summary>
        </member>
        <member name="M:Microsoft.AspNetCore.Localization.CookieRequestCultureProvider.DetermineProviderCultureResult(Microsoft.AspNetCore.Http.HttpContext)">
            <inheritdoc />
        </member>
        <member name="M:Microsoft.AspNetCore.Localization.CookieRequestCultureProvider.MakeCookieValue(Microsoft.AspNetCore.Localization.RequestCulture)">
            <summary>
            Creates a string representation of a <see cref="T:Microsoft.AspNetCore.Localization.RequestCulture"/> for placement in a cookie.
             | 百度译文：创建<see cref="T:Microsoft.AspNetCore.本地化.RequestCulture"/>用于放置在cookie中。
            </summary>
            <param name="requestCulture">The <see cref="T:Microsoft.AspNetCore.Localization.RequestCulture"/>.</param>
            <returns>The cookie value.</returns>
        </member>
        <member name="M:Microsoft.AspNetCore.Localization.CookieRequestCultureProvider.ParseCookieValue(System.String)">
            <summary>
            Parses a <see cref="T:Microsoft.AspNetCore.Localization.RequestCulture"/> from the specified cookie value.
            Returns <c>null</c> if parsing fails.
             | 百度译文：解析a<see cref="T:Microsoft.AspNetCore.本地化.RequestCulture"/>来自指定的cookie值。如果解析失败，则返回<c>null</c>。
            </summary>
            <param name="value">The cookie value to parse.</param>
            <returns>The <see cref="T:Microsoft.AspNetCore.Localization.RequestCulture"/> or <c>null</c> if parsing fails.</returns>
        </member>
        <member name="T:Microsoft.AspNetCore.Localization.CustomRequestCultureProvider">
            <summary>
            Determines the culture information for a request via the configured delegate.
             | 百度译文：通过配置的委托确定请求的区域性信息。
            </summary>
        </member>
        <member name="M:Microsoft.AspNetCore.Localization.CustomRequestCultureProvider.#ctor(System.Func{Microsoft.AspNetCore.Http.HttpContext,System.Threading.Tasks.Task{Microsoft.AspNetCore.Localization.ProviderCultureResult}})">
            <summary>
            Creates a new <see cref="T:Microsoft.AspNetCore.Localization.CustomRequestCultureProvider"/> using the specified delegate.
             | 百度译文：创建一个新的<see cref="T:Microsoft.AspNetCore.本地化.CustomRequestCultureProvider"/>使用指定的委托。
            </summary>
            <param name="provider">The provider delegate.</param>
        </member>
        <member name="M:Microsoft.AspNetCore.Localization.CustomRequestCultureProvider.DetermineProviderCultureResult(Microsoft.AspNetCore.Http.HttpContext)">
            <inheritdoc />
        </member>
        <member name="T:Microsoft.AspNetCore.Localization.IRequestCultureFeature">
            <summary>
            Represents the feature that provides the current request's culture information.
             | 百度译文：表示提供当前请求的区域性信息的功能。
            </summary>
        </member>
        <member name="P:Microsoft.AspNetCore.Localization.IRequestCultureFeature.RequestCulture">
            <summary>
            The <see cref="T:Microsoft.AspNetCore.Localization.RequestCulture"/> of the request.
             | 百度译文：<see cref="T:Microsoft.AspNetCore.本地化.RequestCulture"/>。
            </summary>
        </member>
        <member name="P:Microsoft.AspNetCore.Localization.IRequestCultureFeature.Provider">
            <summary>
            The <see cref="T:Microsoft.AspNetCore.Localization.IRequestCultureProvider"/> that determined the request's culture information.
            If the value is <c>null</c> then no provider was used and the request's culture was set to the value of
            <see cref="P:Microsoft.AspNetCore.Builder.RequestLocalizationOptions.DefaultRequestCulture"/>.
             | 百度译文：<see cref="T:Microsoft.AspNetCore.本地化.IRequestCultureProvider"/>，它确定了请求的区域性信息。如果值为<c>null</c>，则不使用提供程序，并且请求的区域性设置为值<see cref="P:Microsoft.AspNetCore.Builder.需求tLocalizationOptions.DefaultRequestCulture"/>.
            </summary>
        </member>
        <member name="T:Microsoft.AspNetCore.Localization.IRequestCultureProvider">
            <summary>
            Represents a provider for determining the culture information of an <see cref="T:Microsoft.AspNetCore.Http.HttpRequest"/>.
             | 百度译文：表示用于确定<see cref="T:Microsoft.AspNetCore.Http.HttpRequest"/>。
            </summary>
        </member>
        <member name="M:Microsoft.AspNetCore.Localization.IRequestCultureProvider.DetermineProviderCultureResult(Microsoft.AspNetCore.Http.HttpContext)">
            <summary>
            Implements the provider to determine the culture of the given request.
             | 百度译文：实现提供程序以确定给定请求的区域性。
            </summary>
            <param name="httpContext">The <see cref="T:Microsoft.AspNetCore.Http.HttpContext"/> for the request.</param>
            <returns>
                The determined <see cref="T:Microsoft.AspNetCore.Localization.ProviderCultureResult"/>.
                Returns <c>null</c> if the provider couldn't determine a <see cref="T:Microsoft.AspNetCore.Localization.ProviderCultureResult"/>.
            </returns>
        </member>
        <member name="T:Microsoft.AspNetCore.Localization.ProviderCultureResult">
            <summary>
            Details about the cultures obtained from <see cref="T:Microsoft.AspNetCore.Localization.IRequestCultureProvider"/>.
             | 百度译文：有关培养物的详细信息，请参见cref="T:Microsoft.AspNetCore.本地化.IRequestCultureProvider"/>。
            </summary>
        </member>
        <member name="M:Microsoft.AspNetCore.Localization.ProviderCultureResult.#ctor(Microsoft.Extensions.Primitives.StringSegment)">
            <summary>
            Creates a new <see cref="T:Microsoft.AspNetCore.Localization.ProviderCultureResult"/> object that has its <see cref="P:Microsoft.AspNetCore.Localization.ProviderCultureResult.Cultures"/> and
            <see cref="P:Microsoft.AspNetCore.Localization.ProviderCultureResult.UICultures"/> properties set to the same culture value.
             | 百度译文：创建一个新的<see cref="T:Microsoft.AspNetCore.本地化.ProviderCultureResult"/>对象的Microsoft.AspNetCore.本地化.PProviderCultureResult.文化"/>和<see cref="P:Microsoft.AspNetCore.本地化.ProviderCultureResult.ui文化"/>属性设置为相同的区域性值。
            </summary>
            <param name="culture">The name of the culture to be used for formatting, text, i.e. language.</param>
        </member>
        <member name="M:Microsoft.AspNetCore.Localization.ProviderCultureResult.#ctor(Microsoft.Extensions.Primitives.StringSegment,Microsoft.Extensions.Primitives.StringSegment)">
            <summary>
            Creates a new <see cref="T:Microsoft.AspNetCore.Localization.ProviderCultureResult"/> object has its <see cref="P:Microsoft.AspNetCore.Localization.ProviderCultureResult.Cultures"/> and
            <see cref="P:Microsoft.AspNetCore.Localization.ProviderCultureResult.UICultures"/> properties set to the respective culture values provided.
             | 百度译文：创建一个新的<see cref="T:Microsoft.AspNetCore.本地化.ProviderCultureResult"/>对象的Microsoft.AspNetCore.本地化.PProviderCultureResult.文化"/>和<see cref="P:Microsoft.AspNetCore.本地化.ProviderCultureResult.ui文化"/>属性设置为所提供的相应区域性值。
            </summary>
            <param name="culture">The name of the culture to be used for formatting.</param>
            <param name="uiCulture"> The name of the ui culture to be used for text, i.e. language.</param>
        </member>
        <member name="M:Microsoft.AspNetCore.Localization.ProviderCultureResult.#ctor(System.Collections.Generic.IList{Microsoft.Extensions.Primitives.StringSegment})">
            <summary>
            Creates a new <see cref="T:Microsoft.AspNetCore.Localization.ProviderCultureResult"/> object that has its <see cref="P:Microsoft.AspNetCore.Localization.ProviderCultureResult.Cultures"/> and
            <see cref="P:Microsoft.AspNetCore.Localization.ProviderCultureResult.UICultures"/> properties set to the same culture value.
             | 百度译文：创建一个新的<see cref="T:Microsoft.AspNetCore.本地化.ProviderCultureResult"/>对象的Microsoft.AspNetCore.本地化.PProviderCultureResult.文化"/>和<see cref="P:Microsoft.AspNetCore.本地化.ProviderCultureResult.ui文化"/>属性设置为相同的区域性值。
            </summary>
            <param name="cultures">The list of cultures to be used for formatting, text, i.e. language.</param>
        </member>
        <member name="M:Microsoft.AspNetCore.Localization.ProviderCultureResult.#ctor(System.Collections.Generic.IList{Microsoft.Extensions.Primitives.StringSegment},System.Collections.Generic.IList{Microsoft.Extensions.Primitives.StringSegment})">
            <summary>
            Creates a new <see cref="T:Microsoft.AspNetCore.Localization.ProviderCultureResult"/> object has its <see cref="P:Microsoft.AspNetCore.Localization.ProviderCultureResult.Cultures"/> and
            <see cref="P:Microsoft.AspNetCore.Localization.ProviderCultureResult.UICultures"/> properties set to the respective culture values provided.
             | 百度译文：创建一个新的<see cref="T:Microsoft.AspNetCore.本地化.ProviderCultureResult"/>对象的Microsoft.AspNetCore.本地化.PProviderCultureResult.文化"/>和<see cref="P:Microsoft.AspNetCore.本地化.ProviderCultureResult.ui文化"/>属性设置为所提供的相应区域性值。
            </summary>
            <param name="cultures">The list of cultures to be used for formatting.</param>
            <param name="uiCultures">The list of ui cultures to be used for text, i.e. language.</param>
        </member>
        <member name="P:Microsoft.AspNetCore.Localization.ProviderCultureResult.Cultures">
            <summary>
            Gets the list of cultures to be used for formatting.
             | 百度译文：获取用于格式化的区域性列表。
            </summary>
        </member>
        <member name="P:Microsoft.AspNetCore.Localization.ProviderCultureResult.UICultures">
            <summary>
            Gets the list of ui cultures to be used for text, i.e. language;
             | 百度译文：获取要用于文本（即语言）的ui区域性列表；
            </summary>
        </member>
        <member name="T:Microsoft.AspNetCore.Localization.QueryStringRequestCultureProvider">
            <summary>
            Determines the culture information for a request via values in the query string.
             | 百度译文：通过查询字符串中的值确定请求的区域性信息。
            </summary>
        </member>
        <member name="P:Microsoft.AspNetCore.Localization.QueryStringRequestCultureProvider.QueryStringKey">
            <summary>
            The key that contains the culture name.
            Defaults to "culture".
             | 百度译文：包含区域性名称的键。默认为"文化"。
            </summary>
        </member>
        <member name="P:Microsoft.AspNetCore.Localization.QueryStringRequestCultureProvider.UIQueryStringKey">
            <summary>
            The key that contains the UI culture name. If not specified or no value is found,
            <see cref="P:Microsoft.AspNetCore.Localization.QueryStringRequestCultureProvider.QueryStringKey"/> will be used.
            Defaults to "ui-culture".
             | 百度译文：包含UI区域性名称的键。如果未指定或未找到值，请参见cref="P:Microsoft.AspNetCore.本地化.QueryStringRe公司questCultureProvider.QueryStringKey"/>将被使用。默认为"ui区域性"。
            </summary>
        </member>
        <member name="M:Microsoft.AspNetCore.Localization.QueryStringRequestCultureProvider.DetermineProviderCultureResult(Microsoft.AspNetCore.Http.HttpContext)">
            <inheritdoc />
        </member>
        <member name="T:Microsoft.AspNetCore.Localization.RequestCulture">
            <summary>
            Details about the culture for an <see cref="T:Microsoft.AspNetCore.Http.HttpRequest"/>.
             | 百度译文：有关an的培养的详细信息<see cref="T:Microsoft.AspNetCore.Http.HttpRequest"/>。
            </summary>
        </member>
        <member name="M:Microsoft.AspNetCore.Localization.RequestCulture.#ctor(System.Globalization.CultureInfo)">
            <summary>
            Creates a new <see cref="T:Microsoft.AspNetCore.Localization.RequestCulture"/> object with its <see cref="P:Microsoft.AspNetCore.Localization.RequestCulture.Culture"/> and <see cref="P:Microsoft.AspNetCore.Localization.RequestCulture.UICulture"/>
            properties set to the same <see cref="T:System.Globalization.CultureInfo"/> value.
             | 百度译文：创建一个新的<see cref="T:Microsoft.AspNetCore.本地化.RequestCulture"/>对象及其<see cref="P:Microsoft.AspNetCore.本地化.请求文化。文化"/>和<see cref="P:Microsoft.AspNetCore.本地化.请求文化.UICulture"/>属性设置为相同<see cref="T:System.Globalization.CultureInfo"/>值。
            </summary>
            <param name="culture">The <see cref="T:System.Globalization.CultureInfo"/> for the request.</param>
        </member>
        <member name="M:Microsoft.AspNetCore.Localization.RequestCulture.#ctor(System.String)">
            <summary>
            Creates a new <see cref="T:Microsoft.AspNetCore.Localization.RequestCulture"/> object with its <see cref="P:Microsoft.AspNetCore.Localization.RequestCulture.Culture"/> and <see cref="P:Microsoft.AspNetCore.Localization.RequestCulture.UICulture"/>
            properties set to the same <see cref="T:System.Globalization.CultureInfo"/> value.
             | 百度译文：创建一个新的<see cref="T:Microsoft.AspNetCore.本地化.RequestCulture"/>对象及其<see cref="P:Microsoft.AspNetCore.本地化.请求文化。文化"/>和<see cref="P:Microsoft.AspNetCore.本地化.请求文化.UICulture"/>属性设置为相同<see cref="T:System.Globalization.CultureInfo"/>值。
            </summary>
            <param name="culture">The culture for the request.</param>
        </member>
        <member name="M:Microsoft.AspNetCore.Localization.RequestCulture.#ctor(System.String,System.String)">
            <summary>
            Creates a new <see cref="T:Microsoft.AspNetCore.Localization.RequestCulture"/> object with its <see cref="P:Microsoft.AspNetCore.Localization.RequestCulture.Culture"/> and <see cref="P:Microsoft.AspNetCore.Localization.RequestCulture.UICulture"/>
            properties set to the respective <see cref="T:System.Globalization.CultureInfo"/> values provided.
             | 百度译文：创建一个新的<see cref="T:Microsoft.AspNetCore.本地化.RequestCulture"/>对象及其<see cref="P:Microsoft.AspNetCore.本地化.请求文化。文化"/>和<see cref="P:Microsoft.AspNetCore.本地化.请求文化.UICulture"/>属性设置为各自的<see cref="T:System.Globalization.CultureInfo"/>值提供。
            </summary>
            <param name="culture">The culture for the request to be used for formatting.</param>
            <param name="uiCulture">The culture for the request to be used for text, i.e. language.</param>
        </member>
        <member name="M:Microsoft.AspNetCore.Localization.RequestCulture.#ctor(System.Globalization.CultureInfo,System.Globalization.CultureInfo)">
            <summary>
            Creates a new <see cref="T:Microsoft.AspNetCore.Localization.RequestCulture"/> object with its <see cref="P:Microsoft.AspNetCore.Localization.RequestCulture.Culture"/> and <see cref="P:Microsoft.AspNetCore.Localization.RequestCulture.UICulture"/>
            properties set to the respective <see cref="T:System.Globalization.CultureInfo"/> values provided.
             | 百度译文：创建一个新的<see cref="T:Microsoft.AspNetCore.本地化.RequestCulture"/>对象及其<see cref="P:Microsoft.AspNetCore.本地化.请求文化。文化"/>和<see cref="P:Microsoft.AspNetCore.本地化.请求文化.UICulture"/>属性设置为各自的<see cref="T:System.Globalization.CultureInfo"/>值提供。
            </summary>
            <param name="culture">The <see cref="T:System.Globalization.CultureInfo"/> for the request to be used for formatting.</param>
            <param name="uiCulture">The <see cref="T:System.Globalization.CultureInfo"/> for the request to be used for text, i.e. language.</param>
        </member>
        <member name="P:Microsoft.AspNetCore.Localization.RequestCulture.Culture">
            <summary>
            Gets the <see cref="T:System.Globalization.CultureInfo"/> for the request to be used for formatting.
             | 百度译文：获取<see cref="T:System.Globalization.CultureInfo"/>用于格式化的请求。
            </summary>
        </member>
        <member name="P:Microsoft.AspNetCore.Localization.RequestCulture.UICulture">
            <summary>
            Gets the <see cref="T:System.Globalization.CultureInfo"/> for the request to be used for text, i.e. language;
             | 百度译文：获取<see cref="T:System.Globalization.CultureInfo"/>用于文本的请求，即语言；
            </summary>
        </member>
        <member name="T:Microsoft.AspNetCore.Localization.RequestCultureFeature">
            <summary>
            Provides the current request's culture information.
             | 百度译文：提供当前请求的区域性信息。
            </summary>
        </member>
        <member name="M:Microsoft.AspNetCore.Localization.RequestCultureFeature.#ctor(Microsoft.AspNetCore.Localization.RequestCulture,Microsoft.AspNetCore.Localization.IRequestCultureProvider)">
            <summary>
            Creates a new <see cref="T:Microsoft.AspNetCore.Localization.RequestCultureFeature"/> with the specified <see cref="T:Microsoft.AspNetCore.Localization.RequestCulture"/>.
             | 百度译文：创建一个新的<see cref="T:Microsoft.AspNetCore.本地化.RequestCultureFeature"/>使用指定的<see cref="T:Microsoft.AspNetCore.本地化.RequestCulture"/>。
            </summary>
            <param name="requestCulture">The <see cref="T:Microsoft.AspNetCore.Localization.RequestCulture"/>.</param>
            <param name="provider">The <see cref="T:Microsoft.AspNetCore.Localization.IRequestCultureProvider"/>.</param>
        </member>
        <member name="P:Microsoft.AspNetCore.Localization.RequestCultureFeature.RequestCulture">
            <inheritdoc />
        </member>
        <member name="P:Microsoft.AspNetCore.Localization.RequestCultureFeature.Provider">
            <inheritdoc />
        </member>
        <member name="T:Microsoft.AspNetCore.Localization.RequestCultureProvider">
            <summary>
            An abstract base class provider for determining the culture information of an <see cref="T:Microsoft.AspNetCore.Http.HttpRequest"/>.
             | 百度译文：用于确定的区域性信息的抽象基类提供程序<see cref="T:Microsoft.AspNetCore.Http.HttpRequest"/>。
            </summary>
        </member>
        <member name="F:Microsoft.AspNetCore.Localization.RequestCultureProvider.NullProviderCultureResult">
            <summary>
            Result that indicates that this instance of <see cref="T:Microsoft.AspNetCore.Localization.RequestCultureProvider" /> could not determine the
            request culture.
             | 百度译文：结果表明该实例<see cref="T:Microsoft.AspNetCore.本地化.RequestCultureProvider"/>无法确定请求区域性。
            </summary>
        </member>
        <member name="P:Microsoft.AspNetCore.Localization.RequestCultureProvider.Options">
            <summary>
            The current options for the <see cref="T:Microsoft.AspNetCore.Localization.RequestLocalizationMiddleware"/>.
             | 百度译文：的当前选项：Microsoft.AspNetCore.本地化.RequestLocalizationMiddleware"/>。
            </summary>
        </member>
        <member name="M:Microsoft.AspNetCore.Localization.RequestCultureProvider.DetermineProviderCultureResult(Microsoft.AspNetCore.Http.HttpContext)">
            <inheritdoc />
        </member>
        <member name="T:Microsoft.AspNetCore.Localization.RequestLocalizationMiddleware">
            <summary>
            Enables automatic setting of the culture for <see cref="T:Microsoft.AspNetCore.Http.HttpRequest"/>s based on information
            sent by the client in headers and logic provided by the application.
             | 百度译文：启用自动设置<see cref="T:Microsoft.AspNetCore.Http.HttpRequest"/>s，基于客户端在报头中发送的信息和应用程序提供的逻辑。
            </summary>
        </member>
        <member name="M:Microsoft.AspNetCore.Localization.RequestLocalizationMiddleware.#ctor(Microsoft.AspNetCore.Http.RequestDelegate,Microsoft.Extensions.Options.IOptions{Microsoft.AspNetCore.Builder.RequestLocalizationOptions},Microsoft.Extensions.Logging.ILoggerFactory)">
            <summary>
            Creates a new <see cref="T:Microsoft.AspNetCore.Localization.RequestLocalizationMiddleware"/>.
             | 百度译文：创建一个新的<see cref="T:Microsoft.AspNetCore.本地化.RequestLocalizationMiddleware"/>。
            </summary>
            <param name="next">The <see cref="T:Microsoft.AspNetCore.Http.RequestDelegate"/> representing the next middleware in the pipeline.</param>
            <param name="options">The <see cref="T:Microsoft.AspNetCore.Builder.RequestLocalizationOptions"/> representing the options for the
            <param name="loggerFactory">The <see cref="T:Microsoft.Extensions.Logging.ILoggerFactory"/> used for logging.</param>
            <see cref="T:Microsoft.AspNetCore.Localization.RequestLocalizationMiddleware"/>.</param>
        </member>
        <member name="M:Microsoft.AspNetCore.Localization.RequestLocalizationMiddleware.Invoke(Microsoft.AspNetCore.Http.HttpContext)">
            <summary>
            Invokes the logic of the middleware.
             | 百度译文：调用中间件的逻辑。
            </summary>
            <param name="context">The <see cref="T:Microsoft.AspNetCore.Http.HttpContext"/>.</param>
            <returns>A <see cref="T:System.Threading.Tasks.Task"/> that completes when the middleware has completed processing.</returns>
        </member>
        <member name="P:Microsoft.AspNetCore.Localization.Resources.Exception_CulturesShouldNotBeEmpty">
            <summary>Please provide at least one culture. | 百度译文：请至少提供一种文化。
            </summary>
        </member>
        <member name="T:Microsoft.AspNetCore.Builder.ApplicationBuilderExtensions">
            <summary>
            Extension methods for adding the <see cref="T:Microsoft.AspNetCore.Localization.RequestLocalizationMiddleware"/> to an application.
             | 百度译文：用于添加<see cref="T:Microsoft.AspNetCore.本地化.RequestLocalizationMiddleware"/>应用程序。
            </summary>
        </member>
        <member name="M:Microsoft.AspNetCore.Builder.ApplicationBuilderExtensions.UseRequestLocalization(Microsoft.AspNetCore.Builder.IApplicationBuilder)">
            <summary>
            Adds the <see cref="T:Microsoft.AspNetCore.Localization.RequestLocalizationMiddleware"/> to automatically set culture information for
            requests based on information provided by the client.
             | 百度译文：添加<see cref="T:Microsoft.AspNetCore.本地化.RequestLocalizationMiddleware"/>根据客户端提供的信息自动设置请求的区域性信息。
            </summary>
            <param name="app">The <see cref="T:Microsoft.AspNetCore.Builder.IApplicationBuilder"/>.</param>
            <returns>The <see cref="T:Microsoft.AspNetCore.Builder.IApplicationBuilder"/>.</returns>
        </member>
        <member name="M:Microsoft.AspNetCore.Builder.ApplicationBuilderExtensions.UseRequestLocalization(Microsoft.AspNetCore.Builder.IApplicationBuilder,Microsoft.AspNetCore.Builder.RequestLocalizationOptions)">
            <summary>
            Adds the <see cref="T:Microsoft.AspNetCore.Localization.RequestLocalizationMiddleware"/> to automatically set culture information for
            requests based on information provided by the client.
             | 百度译文：添加<see cref="T:Microsoft.AspNetCore.本地化.RequestLocalizationMiddleware"/>根据客户端提供的信息自动设置请求的区域性信息。
            </summary>
            <param name="app">The <see cref="T:Microsoft.AspNetCore.Builder.IApplicationBuilder"/>.</param>
            <param name="options">The <see cref="T:Microsoft.AspNetCore.Builder.RequestLocalizationOptions"/> to configure the middleware with.</param>
            <returns>The <see cref="T:Microsoft.AspNetCore.Builder.IApplicationBuilder"/>.</returns>
        </member>
        <member name="M:Microsoft.AspNetCore.Builder.ApplicationBuilderExtensions.UseRequestLocalization(Microsoft.AspNetCore.Builder.IApplicationBuilder,System.Action{Microsoft.AspNetCore.Builder.RequestLocalizationOptions})">
            <summary>
            Adds the <see cref="T:Microsoft.AspNetCore.Localization.RequestLocalizationMiddleware"/> to automatically set culture information for
            requests based on information provided by the client.
             | 百度译文：添加<see cref="T:Microsoft.AspNetCore.本地化.RequestLocalizationMiddleware"/>根据客户端提供的信息自动设置请求的区域性信息。
            </summary>
            <param name="app">The <see cref="T:Microsoft.AspNetCore.Builder.IApplicationBuilder"/>.</param>
            <param name="optionsAction">A callback that configures the <see cref="T:Microsoft.AspNetCore.Builder.RequestLocalizationOptions"/>.</param>
            <remarks>
            This will going to instantiate a new <see cref="T:Microsoft.AspNetCore.Builder.RequestLocalizationOptions"/> that doesn't come from the services.
            </remarks>
            <returns>The <see cref="T:Microsoft.AspNetCore.Builder.IApplicationBuilder"/>.</returns>
        </member>
        <member name="M:Microsoft.AspNetCore.Builder.ApplicationBuilderExtensions.UseRequestLocalization(Microsoft.AspNetCore.Builder.IApplicationBuilder,System.String[])">
            <summary>
            Adds the <see cref="T:Microsoft.AspNetCore.Localization.RequestLocalizationMiddleware"/> to automatically set culture information for
            requests based on information provided by the client.
             | 百度译文：添加<see cref="T:Microsoft.AspNetCore.本地化.RequestLocalizationMiddleware"/>根据客户端提供的信息自动设置请求的区域性信息。
            </summary>
            <param name="app">The <see cref="T:Microsoft.AspNetCore.Builder.IApplicationBuilder"/>.</param>
            <param name="cultures">The culture names to be added by the application, which is represents both supported cultures and UI cultures.</param>
            <returns>The <see cref="T:Microsoft.AspNetCore.Builder.IApplicationBuilder"/>.</returns>
            <remarks>
            Note that the first culture is the default culture name.
            </remarks>
        </member>
        <member name="T:Microsoft.AspNetCore.Builder.RequestLocalizationOptions">
            <summary>
            Specifies options for the <see cref="T:Microsoft.AspNetCore.Localization.RequestLocalizationMiddleware"/>.
             | 百度译文：指定<see cref="T:Microsoft.AspNetCore.本地化.RequestLocalizationMiddleware"/>。
            </summary>
        </member>
        <member name="M:Microsoft.AspNetCore.Builder.RequestLocalizationOptions.#ctor">
            <summary>
            Creates a new <see cref="T:Microsoft.AspNetCore.Builder.RequestLocalizationOptions"/> with default values.
             | 百度译文：创建一个新的<see cref="T:Microsoft.AspNetCore.Builder.RequestLocalizationOptions"/>的默认值。
            </summary>
        </member>
        <member name="P:Microsoft.AspNetCore.Builder.RequestLocalizationOptions.DefaultRequestCulture">
            <summary>
            Gets or sets the default culture to use for requests when a supported culture could not be determined by
            one of the configured <see cref="T:Microsoft.AspNetCore.Localization.IRequestCultureProvider"/>s.
            Defaults to <see cref="P:System.Globalization.CultureInfo.CurrentCulture"/> and <see cref="P:System.Globalization.CultureInfo.CurrentUICulture"/>.
             | 百度译文：获取或设置当某个已配置的区域性无法确定受支持的区域性时用于请求的默认区域性Microsoft.AspNetCore.本地化.IRequestCultureProvider"/>s。默认值为<see cref="P:System.Globalization.CultureInfo.CurrentCulture"/>和<seecref="P:System.Globalization.CultureInfo.CurrentUICulture"/>。
            </summary>
        </member>
        <member name="P:Microsoft.AspNetCore.Builder.RequestLocalizationOptions.FallBackToParentCultures">
            <summary>
            Gets or sets a value indicating whether to set a request culture to an parent culture in the case the
            culture determined by the configured <see cref="T:Microsoft.AspNetCore.Localization.IRequestCultureProvider"/>s is not in the
            <see cref="P:Microsoft.AspNetCore.Builder.RequestLocalizationOptions.SupportedCultures"/> list but a parent culture is.
            Defaults to <c>true</c>;
             | 百度译文：获取或设置一个值，该值指示是否将请求区域性设置为父区域性Microsoft.AspNetCore.本地化.IRequestCultureProvider"/>不在<see cref="P:Microsoft.AspNetCore.Builder.需求tLocalizationOptions.SupportedCultures"/>列表但是父母的文化是。默认为<c>true</c>；
            </summary>
            <remarks>
            Note that the parent culture check is done using only the culture name.
            </remarks>
            <example>
            If this property is <c>true</c> and the application is configured to support the culture "fr", but not the
            culture "fr-FR", and a configured <see cref="T:Microsoft.AspNetCore.Localization.IRequestCultureProvider"/> determines a request's culture is
            "fr-FR", then the request's culture will be set to the culture "fr", as it is a parent of "fr-FR".
            </example>
        </member>
        <member name="P:Microsoft.AspNetCore.Builder.RequestLocalizationOptions.FallBackToParentUICultures">
            <summary>
            Gets or sets a value indicating whether to set a request UI culture to a parent culture in the case the
            UI culture determined by the configured <see cref="T:Microsoft.AspNetCore.Localization.IRequestCultureProvider"/>s is not in the
            <see cref="P:Microsoft.AspNetCore.Builder.RequestLocalizationOptions.SupportedUICultures"/> list but a parent culture is.
            Defaults to <c>true</c>;
             | 百度译文：获取或设置一个值，该值指示在配置的<see cref="T:Microsoft.AspNetCore.本地化.IRequestCultureProvider"/>不在<see cref="P:Microsoft.AspNetCore.Builder.需求t本地化选项。支持的企业"/> 但父文化是。默认为<c>true</c>；
            </summary>
            <remarks>
            Note that the parent culture check is done using ony the culture name.
            </remarks>
            <example>
            If this property is <c>true</c> and the application is configured to support the UI culture "fr", but not
            the UI culture "fr-FR", and a configured <see cref="T:Microsoft.AspNetCore.Localization.IRequestCultureProvider"/> determines a request's UI
            culture is "fr-FR", then the request's UI culture will be set to the culture "fr", as it is a parent of
            "fr-FR".
            </example>
        </member>
        <member name="P:Microsoft.AspNetCore.Builder.RequestLocalizationOptions.ApplyCurrentCultureToResponseHeaders">
            <summary>
            Gets or sets a value that determines if <see cref="P:System.Globalization.CultureInfo.CurrentUICulture" /> is applied to the response <c>Content-Language</c> header.
             | 百度译文：获取或设置一个值，该值确定是否<see cref="P:System.Globalization.CultureInfo.CurrentUICulture"/>应用于响应<c>内容语言</c>标头。
            </summary>
        </member>
        <member name="P:Microsoft.AspNetCore.Builder.RequestLocalizationOptions.SupportedCultures">
            <summary>
            The cultures supported by the application. The <see cref="T:Microsoft.AspNetCore.Localization.RequestLocalizationMiddleware"/> will only set
            the current request culture to an entry in this list.
            Defaults to <see cref="P:System.Globalization.CultureInfo.CurrentCulture"/>.
             | 百度译文：应用程序支持的区域性。<see cref="T:Microsoft.AspNetCore.本地化.RequestLocalizationMiddleware"/>将仅将当前请求区域性设置为此列表中的条目。默认值为<see cref="P:System.Globalization.CultureInfo.CurrentCulture"/>。
            </summary>
        </member>
        <member name="P:Microsoft.AspNetCore.Builder.RequestLocalizationOptions.SupportedUICultures">
            <summary>
            The UI cultures supported by the application. The <see cref="T:Microsoft.AspNetCore.Localization.RequestLocalizationMiddleware"/> will only set
            the current request culture to an entry in this list.
            Defaults to <see cref="P:System.Globalization.CultureInfo.CurrentUICulture"/>.
             | 百度译文：应用程序支持的UI区域性。<see cref="T:Microsoft.AspNetCore.本地化.RequestLocalizationMiddleware"/>将仅将当前请求区域性设置为此列表中的条目。默认值为<see cref="P:System.Globalization.CultureInfo.CurrentUICulture"/>。
            </summary>
        </member>
        <member name="P:Microsoft.AspNetCore.Builder.RequestLocalizationOptions.RequestCultureProviders">
            <summary>
            An ordered list of providers used to determine a request's culture information. The first provider that
            returns a non-<c>null</c> result for a given request will be used.
            Defaults to the following:
            <list type="number">
                <item><description><see cref="T:Microsoft.AspNetCore.Localization.QueryStringRequestCultureProvider"/></description></item>
                <item><description><see cref="T:Microsoft.AspNetCore.Localization.CookieRequestCultureProvider"/></description></item>
                <item><description><see cref="T:Microsoft.AspNetCore.Localization.AcceptLanguageHeaderRequestCultureProvider"/></description></item>
            </list>
             | 百度译文：提供程序的有序列表，用于确定请求的区域性信息。将使用第一个为给定请求返回非<c>null</c>结果的提供程序。默认值如下：<list type="number"><item><description><see cref="T:Microsoft.AspNetCore.本地化.QueryStringRequestCultureProvider"/></description></item><item><description><see cref="T:Microsoft.AspNetCore.本地化.CookieRequestCultureProvider"/></description></item><item><description>见cref="T:Microsoft.AspNetCore.本地化.AcceptLanguageHeaderRequestCultureProvider"/></description></item></list>
            </summary>
        </member>
        <member name="M:Microsoft.AspNetCore.Builder.RequestLocalizationOptions.AddSupportedCultures(System.String[])">
            <summary>
            Adds the set of the supported cultures by the application.
             | 百度译文：添加应用程序支持的区域性集。
            </summary>
            <param name="cultures">The cultures to be added.</param>
            <returns>The <see cref="T:Microsoft.AspNetCore.Builder.RequestLocalizationOptions"/>.</returns>
        </member>
        <member name="M:Microsoft.AspNetCore.Builder.RequestLocalizationOptions.AddSupportedUICultures(System.String[])">
            <summary>
            Adds the set of the supported UI cultures by the application.
             | 百度译文：添加应用程序支持的UI区域性集。
            </summary>
            <param name="uiCultures">The UI cultures to be added.</param>
            <returns>The <see cref="T:Microsoft.AspNetCore.Builder.RequestLocalizationOptions"/>.</returns>
        </member>
        <member name="M:Microsoft.AspNetCore.Builder.RequestLocalizationOptions.SetDefaultCulture(System.String)">
            <summary>
            Set the default culture which is used by the application when a supported culture could not be determined by
            one of the configured <see cref="T:Microsoft.AspNetCore.Localization.IRequestCultureProvider"/>s.
             | 百度译文：当某个配置的区域性无法确定支持的区域性时，设置应用程序使用的默认区域性<see cref="T:Microsoft.AspNetCore.本地化.IRequestCultureProvider"/>s。
            </summary>
            <param name="defaultCulture">The default culture to be set.</param>
            <returns>The <see cref="T:Microsoft.AspNetCore.Builder.RequestLocalizationOptions"/>.</returns>
        </member>
        <member name="T:Microsoft.AspNetCore.Builder.RequestLocalizationOptionsExtensions">
            <summary>
            Extension methods for the <see cref="T:Microsoft.AspNetCore.Builder.RequestLocalizationOptions"/>.
             | 百度译文：扩展方法<see cref="T:Microsoft.AspNetCore.Builder.RequestLocalizationOptions"/>。
            </summary>
        </member>
        <member name="M:Microsoft.AspNetCore.Builder.RequestLocalizationOptionsExtensions.AddInitialRequestCultureProvider(Microsoft.AspNetCore.Builder.RequestLocalizationOptions,Microsoft.AspNetCore.Localization.RequestCultureProvider)">
            <summary>
            Adds a new <see cref="T:Microsoft.AspNetCore.Localization.RequestCultureProvider"/> to the <see cref="P:Microsoft.AspNetCore.Builder.RequestLocalizationOptions.RequestCultureProviders"/>.
             | 百度译文：添加了一个新的<see cref="T:Microsoft.AspNetCore.本地化.RequestCultureProvider"/>到<see cref="P:Microsoft.AspNetCore.Builder.需求tLocalizationOptions.RequestCultureProviders"/>.
            </summary>
            <param name="requestLocalizationOptions">The cultures to be added.</param>
            <param name="requestCultureProvider">The cultures to be added.</param>
            <returns>The <see cref="T:Microsoft.AspNetCore.Builder.RequestLocalizationOptions"/>.</returns>
            <remarks>This method ensures that <paramref name="requestCultureProvider"/> has priority over other <see cref="T:Microsoft.AspNetCore.Localization.RequestCultureProvider"/> instances in <see cref="P:Microsoft.AspNetCore.Builder.RequestLocalizationOptions.RequestCultureProviders"/>.</remarks>
        </member>
        <member name="T:Microsoft.Extensions.DependencyInjection.RequestLocalizationServiceCollectionExtensions">
            <summary>
            Extension methods for the request localization middleware.
             | 百度译文：请求本地化中间件的扩展方法。
            </summary>
        </member>
        <member name="M:Microsoft.Extensions.DependencyInjection.RequestLocalizationServiceCollectionExtensions.AddRequestLocalization(Microsoft.Extensions.DependencyInjection.IServiceCollection,System.Action{Microsoft.AspNetCore.Builder.RequestLocalizationOptions})">
            <summary>
            Adds services and options for the request localization middleware.
             | 百度译文：为请求本地化中间件添加服务和选项。
            </summary>
            <param name="services">The <see cref="T:Microsoft.Extensions.DependencyInjection.IServiceCollection"/> for adding services.</param>
            <param name="configureOptions">A delegate to configure the <see cref="T:Microsoft.AspNetCore.Builder.RequestLocalizationOptions"/>.</param>
            <returns>The <see cref="T:Microsoft.Extensions.DependencyInjection.IServiceCollection"/>.</returns>
        </member>
        <member name="M:Microsoft.Extensions.DependencyInjection.RequestLocalizationServiceCollectionExtensions.AddRequestLocalization``1(Microsoft.Extensions.DependencyInjection.IServiceCollection,System.Action{Microsoft.AspNetCore.Builder.RequestLocalizationOptions,``0})">
            <summary>
            Adds services and options for the request localization middleware.
             | 百度译文：为请求本地化中间件添加服务和选项。
            </summary>
            <param name="services">The <see cref="T:Microsoft.Extensions.DependencyInjection.IServiceCollection"/> for adding services.</param>
            <param name="configureOptions">A delegate to configure the <see cref="T:Microsoft.AspNetCore.Builder.RequestLocalizationOptions"/>.</param>
            <returns>The <see cref="T:Microsoft.Extensions.DependencyInjection.IServiceCollection"/>.</returns>
        </member>
    </members>
</doc>