<?xml version="1.0"?>
<doc>
    <assembly>
        <name>Microsoft.AspNetCore.ResponseCaching.Abstractions</name>
    </assembly>
    <members>
        <member name="T:Microsoft.AspNetCore.ResponseCaching.IResponseCachingFeature">
            <summary>
            A feature for configuring additional response cache options on the HTTP response.
             | 百度译文：用于在HTTP响应上配置其他响应缓存选项的功能。
            </summary>
        </member>
        <member name="P:Microsoft.AspNetCore.ResponseCaching.IResponseCachingFeature.VaryByQueryKeys">
            <summary>
            Gets or sets the query keys used by the response cache middleware for calculating secondary vary keys.
             | 百度译文：获取或设置响应缓存中间件用于计算辅助vary键的查询键。
            </summary>
        </member>
    </members>
</doc>