<?xml version="1.0"?>
<doc>
    <assembly>
        <name>Microsoft.AspNetCore.Server.HttpSys</name>
    </assembly>
    <members>
        <member name="T:Microsoft.AspNetCore.Server.HttpSys.AuthenticationManager">
            <summary>
            Exposes the Http.Sys authentication configurations.
             | 百度译文：暴露Http.系统身份验证配置。
            </summary>
        </member>
        <member name="P:Microsoft.AspNetCore.Server.HttpSys.AuthenticationManager.Schemes">
            <summary>
            When attaching to an existing queue this setting must match the one used to create the queue.
             | 百度译文：附加到现有队列时，此设置必须与用于创建队列的设置匹配。
            </summary>
        </member>
        <member name="P:Microsoft.AspNetCore.Server.HttpSys.AuthenticationManager.AllowAnonymous">
            <summary>
            Indicates if anonymous requests will be surfaced to the application or challenged by the server.
            The default value is true.
             | 百度译文：指示匿名请求将呈现给应用程序还是由服务器质询。默认值为true。
            </summary>
        </member>
        <member name="P:Microsoft.AspNetCore.Server.HttpSys.AuthenticationManager.AutomaticAuthentication">
            <summary>
            If true the server should set HttpContext.User. If false the server will only provide an
            identity when explicitly requested by the AuthenticationScheme. The default is true.
            </summary>
        </member>
        <member name="P:Microsoft.AspNetCore.Server.HttpSys.AuthenticationManager.AuthenticationDisplayName">
            <summary> 
            Sets the display name shown to users on login pages. The default is null.
             | 百度译文：设置在登录页面上显示给用户的显示名称。默认值为空。
            </summary> 
        </member>
        <member name="T:Microsoft.AspNetCore.Server.HttpSys.AuthenticationSchemes">
            <summary>
            Specifies protocols for authentication.
             | 百度译文：指定身份验证协议。
            </summary>
        </member>
        <member name="F:Microsoft.AspNetCore.Server.HttpSys.AuthenticationSchemes.None">
            <summary>
            No authentication is enabled. This should only be used when HttpSysOptions.Authentication.AllowAnonymous is enabled (see <see cref="P:Microsoft.AspNetCore.Server.HttpSys.AuthenticationManager.AllowAnonymous"/>).
             | 百度译文：未启用身份验证。仅当HttpSysOptions.Authentication.allowonymous已启用（请参见<see cref="P:Microsoft.AspNetCore.Server.HttpSys.AuthenticationManager.allowonymous"/>）。
            </summary>
        </member>
        <member name="F:Microsoft.AspNetCore.Server.HttpSys.AuthenticationSchemes.Basic">
            <summary>
            Specifies basic authentication.
            </summary>
        </member>
        <member name="F:Microsoft.AspNetCore.Server.HttpSys.AuthenticationSchemes.NTLM">
            <summary>
            Specifies NTLM authentication.
            </summary>
        </member>
        <member name="F:Microsoft.AspNetCore.Server.HttpSys.AuthenticationSchemes.Negotiate">
            <summary>
            Negotiates with the client to determine the authentication scheme. If both client and server support Kerberos, it is used;
            otherwise, NTLM is used.
            </summary>
        </member>
        <member name="F:Microsoft.AspNetCore.Server.HttpSys.AuthenticationSchemes.Kerberos">
            <summary>
            Specifies Kerberos authentication.
             | 百度译文：指定Kerberos身份验证。
            </summary>
        </member>
        <member name="T:Microsoft.AspNetCore.Server.HttpSys.ClientCertificateMethod">
            <summary>
            Describes the client certificate negotiation method for HTTPS connections.
             | 百度译文：描述HTTPS连接的客户端证书协商方法。
            </summary>
        </member>
        <member name="F:Microsoft.AspNetCore.Server.HttpSys.ClientCertificateMethod.NoCertificate">
            <summary>
            A client certificate will not be populated on the request.
             | 百度译文：将不会在请求上填充客户端证书。
            </summary>
        </member>
        <member name="F:Microsoft.AspNetCore.Server.HttpSys.ClientCertificateMethod.AllowCertificate">
            <summary>
            A client certificate will be populated if already present at the start of a request.
             | 百度译文：如果在请求开始时已经存在，则将填充客户端证书。
            </summary>
        </member>
        <member name="F:Microsoft.AspNetCore.Server.HttpSys.ClientCertificateMethod.AllowRenegotation">
            <summary>
            The TLS session can be renegotiated to request a client certificate.
             | 百度译文：可以重新协商TLS会话以请求客户端证书。
            </summary>
        </member>
        <member name="T:Microsoft.AspNetCore.Server.HttpSys.DelegationRule">
            <summary>
            Rule that maintains a handle to the Request Queue and UrlPrefix to
            delegate to.
             | 百度译文：维护请求队列的句柄和要委托给的UrlPrefix的规则。
            </summary>
        </member>
        <member name="P:Microsoft.AspNetCore.Server.HttpSys.DelegationRule.QueueName">
            <summary>
            The name of the Http.Sys request queue
            </summary>
        </member>
        <member name="P:Microsoft.AspNetCore.Server.HttpSys.DelegationRule.UrlPrefix">
            <summary>
            The URL of the Http.Sys Url Prefix
             | 百度译文：的URLHttp.系统Url前缀
            </summary>
        </member>
        <member name="M:Microsoft.AspNetCore.Server.HttpSys.DelegationRule.Dispose">
            <inheritdoc />
        </member>
        <member name="M:Microsoft.AspNetCore.Server.HttpSys.Helpers.GetChunkHeader(System.Int32)">
            <summary>
            A private utility routine to convert an integer to a chunk header,
            which is an ASCII hex number followed by a CRLF.The header is returned
            as a byte array.
            Generates a right-aligned hex string and returns the start offset.
             | 百度译文：一个私有实用程序例程，用于将整数转换为块头，块头是一个ASCII十六进制数，后跟一个CRLF。那个头作为字节数组返回。生成右对齐的十六进制字符串并返回起始偏移量。
            </summary>
            <param name="size">Chunk size to be encoded</param>
            <returns>A byte array with the header in int.</returns>
        </member>
        <member name="T:Microsoft.AspNetCore.Server.HttpSys.Http503VerbosityLevel">
            <summary>
            Enum declaring the allowed values for the verbosity level when http.sys reject requests due to throttling.
            </summary>
        </member>
        <member name="F:Microsoft.AspNetCore.Server.HttpSys.Http503VerbosityLevel.Basic">
            <summary>
            A 503 response is not sent; the connection is reset. This is the default HTTP Server API behavior.
             | 百度译文：不会发送503响应；连接已重置。这是默认的HTTP服务器API行为。
            </summary>
        </member>
        <member name="F:Microsoft.AspNetCore.Server.HttpSys.Http503VerbosityLevel.Limited">
            <summary>
            The HTTP Server API sends a 503 response with a "Service Unavailable" reason phrase.
             | 百度译文：HTTP服务器API发送带有"服务不可用"原因短语的503响应。
            </summary>
        </member>
        <member name="F:Microsoft.AspNetCore.Server.HttpSys.Http503VerbosityLevel.Full">
            <summary>
            The HTTP Server API sends a 503 response with a detailed reason phrase. 
             | 百度译文：HTTP服务器API发送带有详细原因短语的503响应。
            </summary>
        </member>
        <member name="T:Microsoft.AspNetCore.Server.HttpSys.HttpSysDefaults">
            <summary>
            Constants for HttpSys.
            </summary>
        </member>
        <member name="F:Microsoft.AspNetCore.Server.HttpSys.HttpSysDefaults.AuthenticationScheme">
            <summary>
            The name of the authentication scheme used.
            </summary>
        </member>
        <member name="T:Microsoft.AspNetCore.Server.HttpSys.HttpSysException">
            <summary>
            Exception thrown by HttpSys when an error occurs
             | 百度译文：发生错误时HttpSys引发的异常
            </summary>
        </member>
        <member name="P:Microsoft.AspNetCore.Server.HttpSys.HttpSysException.ErrorCode">
            <inheritdoc />
        </member>
        <member name="T:Microsoft.AspNetCore.Server.HttpSys.HttpSysListener">
            <summary>
            An HTTP server wrapping the Http.Sys APIs that accepts requests.
             | 百度译文：包装Http.系统接受请求的API。
            </summary>
        </member>
        <member name="M:Microsoft.AspNetCore.Server.HttpSys.HttpSysListener.Start">
            <summary>
            Start accepting incoming requests.
            </summary>
        </member>
        <member name="M:Microsoft.AspNetCore.Server.HttpSys.HttpSysListener.Dispose">
            <summary>
            Stop the server and clean up.
            </summary>
        </member>
        <member name="M:Microsoft.AspNetCore.Server.HttpSys.HttpSysListener.AcceptAsync">
            <summary>
            Accept a request from the incoming request queue.
             | 百度译文：接受来自传入请求队列的请求。
            </summary>
        </member>
        <member name="T:Microsoft.AspNetCore.Server.HttpSys.HttpSysOptions">
            <summary>
            Contains the options used by HttpSys.
            </summary>
        </member>
        <member name="M:Microsoft.AspNetCore.Server.HttpSys.HttpSysOptions.#ctor">
            <summary>
            Initializes a new <see cref="T:Microsoft.AspNetCore.Server.HttpSys.HttpSysOptions"/>.
             | 百度译文：初始化一个新的<see cref="T:Microsoft.AspNetCore.Server.HttpSys.HttpSysOptions"/>.
            </summary>
        </member>
        <member name="P:Microsoft.AspNetCore.Server.HttpSys.HttpSysOptions.RequestQueueName">
            <summary>
            The name of the Http.Sys request queue
            </summary>
        </member>
        <member name="P:Microsoft.AspNetCore.Server.HttpSys.HttpSysOptions.RequestQueueMode">
            <summary>
            Indicates if this server instance is responsible for creating and configuring the request queue,
            of if it should attach to an existing queue. The default is to create.
            </summary>
        </member>
        <member name="P:Microsoft.AspNetCore.Server.HttpSys.HttpSysOptions.ClientCertificateMethod">
            <summary>
            Indicates how client certificates should be populated. The default is to allow a certificate without renegotiation.
            This does not change the netsh 'clientcertnegotiation' binding option which will need to be enabled for
            ClientCertificateMethod.AllowCertificate to resolve a certificate.
             | 百度译文：指示应如何填充客户端证书。默认情况下，允许证书无需重新协商。这不会更改需要为Cli启用的netsh"clientcertcentnegotiation"绑定选项entCertificateMethod.AllowCertificate解析证书。
            </summary>
        </member>
        <member name="P:Microsoft.AspNetCore.Server.HttpSys.HttpSysOptions.MaxAccepts">
            <summary>
            The maximum number of concurrent accepts.
             | 百度译文：最大并发接受数。
            </summary>
        </member>
        <member name="P:Microsoft.AspNetCore.Server.HttpSys.HttpSysOptions.EnableResponseCaching">
            <summary>
            Attempts kernel mode caching for responses with eligible headers. The response may not include
            Set-Cookie, Vary, or Pragma headers. It must include a Cache-Control header with Public and
            either a Shared-Max-Age or Max-Age value, or an Expires header.
            </summary>
        </member>
        <member name="P:Microsoft.AspNetCore.Server.HttpSys.HttpSysOptions.UrlPrefixes">
            <summary>
            The url prefixes to register with Http.Sys. These may be modified at any time prior to disposing
            the listener.
            When attached to an existing queue the prefixes are only used to compute PathBase for requests.
             | 百度译文：要注册的url前缀Http.系统. 在处理侦听器之前，可以随时对其进行修改。当附加到现有队列时，前缀仅用于计算请求的PathBase。
            </summary>
        </member>
        <member name="P:Microsoft.AspNetCore.Server.HttpSys.HttpSysOptions.Authentication">
            <summary>
            Http.Sys authentication settings. These may be modified at any time prior to disposing
            the listener.
             | 百度译文：Http.系统身份验证设置。在处理侦听器之前，可以随时对其进行修改。
            </summary>
        </member>
        <member name="P:Microsoft.AspNetCore.Server.HttpSys.HttpSysOptions.Timeouts">
            <summary>
            Exposes the Http.Sys timeout configurations.  These may also be configured in the registry.
            These may be modified at any time prior to disposing the listener.
            These settings do not apply when attaching to an existing queue.
            </summary>
        </member>
        <member name="P:Microsoft.AspNetCore.Server.HttpSys.HttpSysOptions.ThrowWriteExceptions">
            <summary>
            Gets or Sets if response body writes that fail due to client disconnects should throw exceptions or
            complete normally. The default is false.
            </summary>
        </member>
        <member name="P:Microsoft.AspNetCore.Server.HttpSys.HttpSysOptions.MaxConnections">
            <summary>
            Gets or sets the maximum number of concurrent connections to accept, -1 for infinite, or null to
            use the machine wide setting from the registry. The default value is null.
            This settings does not apply when attaching to an existing queue.
             | 百度译文：获取或设置要接受的最大并发连接数，-1表示无限，或null表示使用注册表中的计算机范围设置。默认值为空。附加到现有队列时，此设置不适用。
            </summary>
        </member>
        <member name="P:Microsoft.AspNetCore.Server.HttpSys.HttpSysOptions.RequestQueueLimit">
            <summary>
            Gets or sets the maximum number of requests that will be queued up in Http.Sys.
            This settings does not apply when attaching to an existing queue.
            </summary>
        </member>
        <member name="P:Microsoft.AspNetCore.Server.HttpSys.HttpSysOptions.MaxRequestBodySize">
            <summary>
            Gets or sets the maximum allowed size of any request body in bytes.
            When set to null, the maximum request body size is unlimited.
            This limit has no effect on upgraded connections which are always unlimited.
            This can be overridden per-request via <see cref="T:Microsoft.AspNetCore.Http.Features.IHttpMaxRequestBodySizeFeature"/>.
             | 百度译文：获取或设置任何请求正文的最大允许大小（以字节为单位）。当设置为null时，最大请求正文大小是无限的。此限制对升级的连接没有影响，因为升级后的连接总是无限的。可通过<see cref="T:Microsoft.AspNetCore.Http.Features.IHttpMaxRequestBodySizeFeature"/>.
            </summary>
            <remarks>
            Defaults to 30,000,000 bytes, which is approximately 28.6MB.
            </remarks>
        </member>
        <member name="P:Microsoft.AspNetCore.Server.HttpSys.HttpSysOptions.AllowSynchronousIO">
            <summary>
            Gets or sets a value that controls whether synchronous IO is allowed for the HttpContext.Request.Body and HttpContext.Response.Body.
            The default is `false`.
            </summary>
        </member>
        <member name="P:Microsoft.AspNetCore.Server.HttpSys.HttpSysOptions.Http503Verbosity">
            <summary>
            Gets or sets a value that controls how http.sys reacts when rejecting requests due to throttling conditions - like when the request
            queue limit is reached. The default in http.sys is "Basic" which means http.sys is just resetting the TCP connection. IIS uses Limited
            as its default behavior which will result in sending back a 503 - Service Unavailable back to the client.
            This settings does not apply when attaching to an existing queue.
            </summary>
        </member>
        <member name="T:Microsoft.AspNetCore.Server.HttpSys.IHttpSysRequestDelegationFeature">
            <summary>
            Interface for delegating requests to other Http.Sys request queues.
             | 百度译文：用于将请求委托给其他人的接口Http.系统请求队列。
            </summary>
        </member>
        <member name="P:Microsoft.AspNetCore.Server.HttpSys.IHttpSysRequestDelegationFeature.CanDelegate">
            <summary>
            Indicates if the server can delegate this request to another HttpSys request queue.
             | 百度译文：指示服务器是否可以将此请求委托给另一个HttpSys请求队列。
            </summary>
        </member>
        <member name="M:Microsoft.AspNetCore.Server.HttpSys.IHttpSysRequestDelegationFeature.DelegateRequest(Microsoft.AspNetCore.Server.HttpSys.DelegationRule)">
            <summary>
            Attempt to delegate the request to another Http.Sys request queue. The request body
            must not be read nor the response started before this is invoked. Check <see cref="P:Microsoft.AspNetCore.Server.HttpSys.IHttpSysRequestDelegationFeature.CanDelegate"/>
            before invoking.
            </summary>
            <param name="destination">The rule maintaining the handle to the destination queue.</param>
        </member>
        <member name="T:Microsoft.AspNetCore.Server.HttpSys.IHttpSysRequestInfoFeature">
            <summary>
            This exposes the Http.Sys HTTP_REQUEST_INFO extensibility point as opaque data for the caller to interperate.
            https://docs.microsoft.com/en-us/windows/win32/api/http/ns-http-http_request_v2
            https://docs.microsoft.com/en-us/windows/win32/api/http/ns-http-http_request_info
            </summary>
        </member>
        <member name="P:Microsoft.AspNetCore.Server.HttpSys.IHttpSysRequestInfoFeature.RequestInfo">
            <summary>
            A collection of the HTTP_REQUEST_INFO for the current request. The integer represents the identifying
            HTTP_REQUEST_INFO_TYPE enum value. The Memory is opaque bytes that need to be interperted in the format
            specified by the enum value.
            </summary>
        </member>
        <member name="T:Microsoft.AspNetCore.Server.HttpSys.IServerDelegationFeature">
            <summary>
            This exposes the creation of delegation rules on request queues owned by the server.
             | 百度译文：这将公开在服务器拥有的请求队列上创建委派规则。
            </summary>
        </member>
        <member name="M:Microsoft.AspNetCore.Server.HttpSys.IServerDelegationFeature.CreateDelegationRule(System.String,System.String)">
            <summary>
            Create a delegation rule on request queue owned by the server.
             | 百度译文：在服务器拥有的请求队列上创建委派规则。
            </summary>
            <param name="queueName">The name of the Http.Sys request queue.</param>
            <param name="urlPrefix">The URL of the Http.Sys Url Prefix.</param>
            <returns>
            Creates a <see cref="T:Microsoft.AspNetCore.Server.HttpSys.DelegationRule"/> that can used to delegate individual requests.
            </returns>
        </member>
        <member name="P:Microsoft.AspNetCore.Server.HttpSys.RequestQueue.Created">
            <summary>
            True if this instace created the queue instead of attaching to an existing one.
            </summary>
        </member>
        <member name="T:Microsoft.AspNetCore.Server.HttpSys.SafeLibraryHandle">
            <summary>
            Represents a handle to a Windows module (DLL).
            </summary>
        </member>
        <member name="M:Microsoft.AspNetCore.Server.HttpSys.SafeLibraryHandle.DoesProcExist(System.String)">
            <summary>
            Returns a value stating whether the library exports a given proc.
             | 百度译文：返回一个值，该值说明库是否导出给定的过程。
            </summary>
        </member>
        <member name="M:Microsoft.AspNetCore.Server.HttpSys.SafeLibraryHandle.GetProcAddress``1(System.String,System.Boolean)">
            <summary>
            Gets a delegate pointing to a given export from this library.
            </summary>
        </member>
        <member name="M:Microsoft.AspNetCore.Server.HttpSys.SafeLibraryHandle.Open(System.String)">
            <summary>
            Opens a library. If 'filename' is not a fully-qualified path, the default search path is used.
            </summary>
        </member>
        <member name="T:Microsoft.AspNetCore.Server.HttpSys.TokenBindingUtil">
            <summary>
            Contains helpers for dealing with TLS token binding.
            </summary>
        </member>
        <member name="M:Microsoft.AspNetCore.Server.HttpSys.TokenBindingUtil.GetProvidedTokenIdFromBindingInfo(Microsoft.AspNetCore.HttpSys.Internal.HttpApiTypes.HTTP_REQUEST_TOKEN_BINDING_INFO*,System.Byte[]@)">
            <summary>
            Returns the 'provided' token binding identifier, optionally also returning the
            'referred' token binding identifier. Returns null on failure.
             | 百度译文：返回"提供的"令牌绑定标识符，也可以返回"引用的"令牌绑定标识符。失败时返回null。
            </summary>
        </member>
        <member name="M:Microsoft.AspNetCore.Server.HttpSys.RequestContext.Dispose">
            <summary>
            Flushes and completes the response.
            </summary>
        </member>
        <member name="M:Microsoft.AspNetCore.Server.HttpSys.RequestContext.Abort">
            <summary>
            Forcibly terminate and dispose the request, closing the connection if necessary.
             | 百度译文：强制终止并处理请求，必要时关闭连接。
            </summary>
        </member>
        <member name="P:Microsoft.AspNetCore.Server.HttpSys.Response.AuthenticationChallenges">
            <summary>
            The authentication challenges that will be added to the response if the status code is 401.
            This must be a subset of the AuthenticationSchemes enabled on the server.
            </summary>
        </member>
        <member name="P:Microsoft.AspNetCore.Server.HttpSys.Response.CacheTtl">
            <summary>
            Enable kernel caching for the response with the given timeout. Http.Sys determines if the response
            can be cached.
             | 百度译文：为给定超时的响应启用内核缓存。Http.系统确定是否可以缓存响应。
            </summary>
        </member>
        <member name="P:Microsoft.AspNetCore.Server.HttpSys.Response.HasStarted">
            <summary>
            Indicates if the response status, reason, and headers are prepared to send and can
            no longer be modified. This is caused by the first write or flush to the response body.
            </summary>
        </member>
        <member name="T:Microsoft.AspNetCore.Server.HttpSys.RequestQueueMode">
            <summary>
            Used to indicate if this server instance should create a new Http.Sys request queue
            or attach to an existing one.
             | 百度译文：用于指示此服务器实例是否应创建新的Http.系统请求队列或附加到现有队列。
            </summary>
        </member>
        <member name="F:Microsoft.AspNetCore.Server.HttpSys.RequestQueueMode.Create">
            <summary>
            Create a new queue. This will fail if there's an existing queue with the same name.
            </summary>
        </member>
        <member name="F:Microsoft.AspNetCore.Server.HttpSys.RequestQueueMode.Attach">
            <summary>
            Attach to an existing queue with the name given. This will fail if the queue does not already exist.
            Most configuration options do not apply when attaching to an existing queue.
            </summary>
        </member>
        <member name="F:Microsoft.AspNetCore.Server.HttpSys.RequestQueueMode.CreateOrAttach">
            <summary>
            Create a queue with the given name if it does not already exist, otherwise attach to the existing queue.
            Most configuration options do not apply when attaching to an existing queue.
             | 百度译文：如果给定名称的队列不存在，则创建该队列，否则附加到现有队列。大多数配置选项在附加到现有队列时不适用。
            </summary>
        </member>
        <member name="T:Microsoft.AspNetCore.Server.HttpSys.TimeoutManager">
            <summary>
            Exposes the Http.Sys timeout configurations.  These may also be configured in the registry.
            These settings do not apply when attaching to an existing queue.
            </summary>
        </member>
        <member name="P:Microsoft.AspNetCore.Server.HttpSys.TimeoutManager.EntityBody">
             <summary>
             The time, in seconds, allowed for the request entity body to arrive.  The default timer is 2 minutes.
             
             The HTTP Server API turns on this timer when the request has an entity body. The timer expiration is 
             initially set to the configured value. When the HTTP Server API receives additional data indications on the 
             request, it resets the timer to give the connection another interval.
            
             Use TimeSpan.Zero to indicate that system defaults should be used.
              | 百度译文：允许请求实体主体到达的时间（以秒为单位）。默认计时器为2分钟。当请求具有实体主体时，HTTP服务器API打开此计时器。计时器过期最初设置为配置的值。当HTTP服务器API接收到关于请求的其他数据指示时，它会重置计时器以给连接另一个间隔。使用时间跨度。零指示应使用系统默认值。
            </summary>
        </member>
        <member name="P:Microsoft.AspNetCore.Server.HttpSys.TimeoutManager.DrainEntityBody">
             <summary>
             The time, in seconds, allowed for the HTTP Server API to drain the entity body on a Keep-Alive connection. 
             The default timer is 2 minutes.
             
             On a Keep-Alive connection, after the application has sent a response for a request and before the request 
             entity body has completely arrived, the HTTP Server API starts draining the remainder of the entity body to 
             reach another potentially pipelined request from the client. If the time to drain the remaining entity body 
             exceeds the allowed period the connection is timed out.
            
             Use TimeSpan.Zero to indicate that system defaults should be used.
              | 百度译文：HTTP服务器API在保持活动连接上排出实体主体所需的时间（以秒为单位）。默认计时器为2分钟。在Keep-Alive连接上，在应用程序为请求发送响应之后，在请求实体体完全到达之前，HTTP服务器API开始排出实体主体的其余部分，以到达来自客户端的另一个潜在的管道化请求。如果排出剩余实体体的时间超过允许的时间段，则连接超时。使用时间跨度。零指示应使用系统默认值。
            </summary>
        </member>
        <member name="P:Microsoft.AspNetCore.Server.HttpSys.TimeoutManager.RequestQueue">
             <summary>
             The time, in seconds, allowed for the request to remain in the request queue before the application picks 
             it up.  The default timer is 2 minutes.
            
             Use TimeSpan.Zero to indicate that system defaults should be used.
              | 百度译文：应用程序接收请求之前允许请求保留在请求队列中的时间（以秒为单位）。默认计时器为2分钟。使用时间跨度。零指示应使用系统默认值。
            </summary>
        </member>
        <member name="P:Microsoft.AspNetCore.Server.HttpSys.TimeoutManager.IdleConnection">
             <summary>
             The time, in seconds, allowed for an idle connection.  The default timer is 2 minutes.
             
             This timeout is only enforced after the first request on the connection is routed to the application.
            
             Use TimeSpan.Zero to indicate that system defaults should be used.
             </summary>
        </member>
        <member name="P:Microsoft.AspNetCore.Server.HttpSys.TimeoutManager.HeaderWait">
             <summary>
             The time, in seconds, allowed for the HTTP Server API to parse the request header.  The default timer is 
             2 minutes.
              
             This timeout is only enforced after the first request on the connection is routed to the application.
            
             Use TimeSpan.Zero to indicate that system defaults should be used.
              | 百度译文：HTTP服务器API解析请求标头所允许的时间（秒）。默认计时器为2分钟。只有在将连接上的第一个请求路由到应用程序之后，才会强制执行此超时。使用时间跨度。零指示应使用系统默认值。
            </summary>
        </member>
        <member name="P:Microsoft.AspNetCore.Server.HttpSys.TimeoutManager.MinSendBytesPerSecond">
             <summary>
             The minimum send rate, in bytes-per-second, for the response. The default response send rate is 150 
             bytes-per-second.
             
             Use 0 to indicate that system defaults should be used.
            
             To disable this timer set it to UInt32.MaxValue
              | 百度译文：响应的最小发送速率（字节/秒）。默认响应发送速率为每秒150字节。使用0表示应使用系统默认值。要禁用此计时器，请将其设置为UInt32.MaxValue
            </summary>
        </member>
        <member name="T:Microsoft.AspNetCore.Server.HttpSys.UrlPrefix">
            <summary>
            A set of URL parameters used to listen for incoming requests.
            </summary>
        </member>
        <member name="M:Microsoft.AspNetCore.Server.HttpSys.UrlPrefix.Create(System.String,System.String,System.String,System.String)">
            <summary>
            http://msdn.microsoft.com/en-us/library/windows/desktop/aa364698(v=vs.85).aspx
             | 百度译文：http://msdn.microsoft.com/en-us/library/windows/desktop/aa364698（v=vs.85）.aspx
            </summary>
            <param name="scheme">http or https. Will be normalized to lower case.</param>
            <param name="host">+, *, IPv4, [IPv6], or a dns name. Http.Sys does not permit punycode (xn--), use Unicode instead.</param>
            <param name="port">If empty, the default port for the given scheme will be used (80 or 443).</param>
            <param name="path">Should start and end with a '/', though a missing trailing slash will be added. This value must be un-escaped.</param>
        </member>
        <member name="M:Microsoft.AspNetCore.Server.HttpSys.UrlPrefix.Create(System.String,System.String,System.Nullable{System.Int32},System.String)">
            <summary>
            http://msdn.microsoft.com/en-us/library/windows/desktop/aa364698(v=vs.85).aspx
             | 百度译文：http://msdn.microsoft.com/en-us/library/windows/desktop/aa364698（v=vs.85）.aspx
            </summary>
            <param name="scheme">http or https. Will be normalized to lower case.</param>
            <param name="host">+, *, IPv4, [IPv6], or a dns name. Http.Sys does not permit punycode (xn--), use Unicode instead.</param>
            <param name="portValue">If empty, the default port for the given scheme will be used (80 or 443).</param>
            <param name="path">Should start and end with a '/', though a missing trailing slash will be added. This value must be un-escaped.</param>
        </member>
        <member name="M:Microsoft.AspNetCore.Server.HttpSys.UrlPrefix.Create(System.String)">
            <summary>
            http://msdn.microsoft.com/en-us/library/windows/desktop/aa364698(v=vs.85).aspx
             | 百度译文：http://msdn.microsoft.com/en-us/library/windows/desktop/aa364698（v=vs.85）.aspx
            </summary>
            <param name="prefix">The string that the <see cref="T:Microsoft.AspNetCore.Server.HttpSys.UrlPrefix"/> will be created from.</param>
        </member>
        <member name="P:Microsoft.AspNetCore.Server.HttpSys.UrlPrefix.IsHttps">
            <summary>
            Gets a value that determines if the prefix's scheme is HTTPS.
            </summary>
        </member>
        <member name="P:Microsoft.AspNetCore.Server.HttpSys.UrlPrefix.Scheme">
            <summary>
            Gets the scheme used by the prefix.
             | 百度译文：获取前缀使用的方案。
            </summary>
        </member>
        <member name="P:Microsoft.AspNetCore.Server.HttpSys.UrlPrefix.Host">
            <summary>
            Gets the host domain name used by the prefix.
            </summary>
        </member>
        <member name="P:Microsoft.AspNetCore.Server.HttpSys.UrlPrefix.Port">
            <summary>
            Gets a string representation of the port used by the prefix.
             | 百度译文：获取前缀使用的端口的字符串表示形式。
            </summary>
        </member>
        <member name="P:Microsoft.AspNetCore.Server.HttpSys.UrlPrefix.PortValue">
            <summary>
            Gets an integer representation of the port used by the prefix.
             | 百度译文：获取前缀使用的端口的整数表示形式。
            </summary>
        </member>
        <member name="P:Microsoft.AspNetCore.Server.HttpSys.UrlPrefix.Path">
            <summary>
            Gets the path component of the prefix.
            </summary>
        </member>
        <member name="P:Microsoft.AspNetCore.Server.HttpSys.UrlPrefix.FullPrefix">
            <summary>
            Gets a string representation of the prefix
             | 百度译文：获取前缀的字符串表示形式
            </summary>
        </member>
        <member name="M:Microsoft.AspNetCore.Server.HttpSys.UrlPrefix.Equals(System.Object)">
            <inheritdoc />
        </member>
        <member name="M:Microsoft.AspNetCore.Server.HttpSys.UrlPrefix.GetHashCode">
            <inheritdoc />
        </member>
        <member name="M:Microsoft.AspNetCore.Server.HttpSys.UrlPrefix.ToString">
            <inheritdoc />
        </member>
        <member name="T:Microsoft.AspNetCore.Server.HttpSys.UrlPrefixCollection">
            <summary>
            A collection or URL prefixes
            </summary>
        </member>
        <member name="P:Microsoft.AspNetCore.Server.HttpSys.UrlPrefixCollection.Count">
            <inheritdoc />
        </member>
        <member name="P:Microsoft.AspNetCore.Server.HttpSys.UrlPrefixCollection.IsReadOnly">
            <summary>
            Gets a value that determines if this collection is readOnly.
            </summary>
        </member>
        <member name="M:Microsoft.AspNetCore.Server.HttpSys.UrlPrefixCollection.Add(System.String)">
            <summary>
            Creates a <see cref="T:Microsoft.AspNetCore.Server.HttpSys.UrlPrefix"/> from the given string, and adds it to this collection.
             | 百度译文：创建<see cref="T:Microsoft.AspNetCore.Server.HttpSys.UrlPrefix"/>，并将其添加到此集合中。
            </summary>
            <param name="prefix">The string representing the <see cref="T:Microsoft.AspNetCore.Server.HttpSys.UrlPrefix"/> to add to this collection.</param>
        </member>
        <member name="M:Microsoft.AspNetCore.Server.HttpSys.UrlPrefixCollection.Add(Microsoft.AspNetCore.Server.HttpSys.UrlPrefix)">
            <summary>
            Adds a <see cref="T:Microsoft.AspNetCore.Server.HttpSys.UrlPrefix"/> to this collection.
             | 百度译文：添加<see cref="T:Microsoft.AspNetCore.Server.HttpSys.UrlPrefix"/>到这个集合。
            </summary>
            <param name="item">The prefix to add to this collection.</param>
        </member>
        <member name="M:Microsoft.AspNetCore.Server.HttpSys.UrlPrefixCollection.Clear">
            <inheritdoc />
        </member>
        <member name="M:Microsoft.AspNetCore.Server.HttpSys.UrlPrefixCollection.Contains(Microsoft.AspNetCore.Server.HttpSys.UrlPrefix)">
            <inheritdoc />
        </member>
        <member name="M:Microsoft.AspNetCore.Server.HttpSys.UrlPrefixCollection.CopyTo(Microsoft.AspNetCore.Server.HttpSys.UrlPrefix[],System.Int32)">
            <inheritdoc />
        </member>
        <member name="M:Microsoft.AspNetCore.Server.HttpSys.UrlPrefixCollection.Remove(System.String)">
            <inheritdoc />
        </member>
        <member name="M:Microsoft.AspNetCore.Server.HttpSys.UrlPrefixCollection.Remove(Microsoft.AspNetCore.Server.HttpSys.UrlPrefix)">
            <inheritdoc />
        </member>
        <member name="M:Microsoft.AspNetCore.Server.HttpSys.UrlPrefixCollection.GetEnumerator">
            <summary>
            Returns an enumerator that iterates through this collection.
            </summary>
        </member>
        <member name="P:Microsoft.AspNetCore.Server.HttpSys.Resources.Exception_AccessDenied">
            <summary>The prefix '{0}' is not registered. Please run the following command as Administrator to register this prefix:
            netsh http add urlacl url={0} user={1}
            See "Preregister URL prefixes on the server" on https://go.microsoft.com/fwlink/?linkid=2127065 for more i ... | 百度译文：前缀{0}未注册。请以管理员身份运行以下命令以注册此前缀：netsh http add urlacl url={0}user={1}请参阅上的"在服务器上预注册url前缀"https://go.microsoft.com/fwlink/？更多linkid=27065。。。
            </summary>
        </member>
        <member name="M:Microsoft.AspNetCore.Server.HttpSys.Resources.FormatException_AccessDenied(System.Object,System.Object)">
            <summary>The prefix '{0}' is not registered. Please run the following command as Administrator to register this prefix:
            netsh http add urlacl url={0} user={1}
            See "Preregister URL prefixes on the server" on https://go.microsoft.com/fwlink/?linkid=2127065 for more i ... | 百度译文：前缀{0}未注册。请以管理员身份运行以下命令以注册此前缀：netsh http add urlacl url={0}user={1}请参阅上的"在服务器上预注册url前缀"https://go.microsoft.com/fwlink/？更多linkid=27065。。。
            </summary>
        </member>
        <member name="P:Microsoft.AspNetCore.Server.HttpSys.Resources.Exception_ArrayTooSmall">
            <summary>The destination array is too small. | 百度译文：目标数组太小。
            </summary>
        </member>
        <member name="P:Microsoft.AspNetCore.Server.HttpSys.Resources.Exception_EndCalledMultipleTimes">
            <summary>End has already been called. | 百度译文：已调用结束。
            </summary>
        </member>
        <member name="P:Microsoft.AspNetCore.Server.HttpSys.Resources.Exception_InvalidStatusCode">
            <summary>The status code '{0}' is not supported.</summary>
        </member>
        <member name="M:Microsoft.AspNetCore.Server.HttpSys.Resources.FormatException_InvalidStatusCode(System.Object)">
            <summary>The status code '{0}' is not supported.</summary>
        </member>
        <member name="P:Microsoft.AspNetCore.Server.HttpSys.Resources.Exception_NoSeek">
            <summary>The stream is not seekable.</summary>
        </member>
        <member name="P:Microsoft.AspNetCore.Server.HttpSys.Resources.Exception_PrefixAlreadyRegistered">
            <summary>The prefix '{0}' is already registered. | 百度译文：前缀{0}已注册。
            </summary>
        </member>
        <member name="M:Microsoft.AspNetCore.Server.HttpSys.Resources.FormatException_PrefixAlreadyRegistered(System.Object)">
            <summary>The prefix '{0}' is already registered. | 百度译文：前缀{0}已注册。
            </summary>
        </member>
        <member name="P:Microsoft.AspNetCore.Server.HttpSys.Resources.Exception_ReadOnlyStream">
            <summary>This stream only supports read operations.</summary>
        </member>
        <member name="P:Microsoft.AspNetCore.Server.HttpSys.Resources.Exception_TooMuchWritten">
            <summary>More data written than specified in the Content-Length header. | 百度译文：写入的数据多于内容长度标头中指定的数据。
            </summary>
        </member>
        <member name="P:Microsoft.AspNetCore.Server.HttpSys.Resources.Exception_UnsupportedScheme">
            <summary>Only the http and https schemes are supported. | 百度译文：仅支持http和https方案。
            </summary>
        </member>
        <member name="P:Microsoft.AspNetCore.Server.HttpSys.Resources.Exception_WriteOnlyStream">
            <summary>This stream only supports write operations.</summary>
        </member>
        <member name="P:Microsoft.AspNetCore.Server.HttpSys.Resources.Exception_WrongIAsyncResult">
            <summary>The given IAsyncResult does not match this opperation. | 百度译文：给定的IAsyncResult与此操作不匹配。
            </summary>
        </member>
        <member name="P:Microsoft.AspNetCore.Server.HttpSys.Resources.Warning_ExceptionInOnResponseCompletedAction">
            <summary>An exception occurred while running an action registered with {0}.</summary>
        </member>
        <member name="M:Microsoft.AspNetCore.Server.HttpSys.Resources.FormatWarning_ExceptionInOnResponseCompletedAction(System.Object)">
            <summary>An exception occurred while running an action registered with {0}.</summary>
        </member>
        <member name="M:Microsoft.AspNetCore.Server.Kestrel.Core.Internal.Infrastructure.StringUtilities.WidenFourAsciiBytesToUtf16AndCompareToChars(System.Char@,System.UInt32)">
            <summary>
            Given a DWORD which represents a buffer of 4 bytes, widens the buffer into 4 WORDs and
            compares them to the WORD buffer with machine endianness.
             | 百度译文：给定一个表示4字节缓冲区的DWORD，将缓冲区扩大为4个字，并将它们与具有机器端号的字缓冲区进行比较。
            </summary>
        </member>
        <member name="M:Microsoft.AspNetCore.Server.Kestrel.Core.Internal.Infrastructure.StringUtilities.WidenTwoAsciiBytesToUtf16AndCompareToChars(System.Char@,System.UInt16)">
            <summary>
            Given a WORD which represents a buffer of 2 bytes, widens the buffer into 2 WORDs and
            compares them to the WORD buffer with machine endianness.
            </summary>
        </member>
        <member name="M:Microsoft.AspNetCore.Server.Kestrel.Core.Internal.Infrastructure.StringUtilities.AllBytesInUInt32AreAscii(System.UInt32)">
            <summary>
            Returns <see langword="true"/> iff all bytes in <paramref name="value"/> are ASCII.
             | 百度译文：返回<see langword="true"/>如果<paramref name="value"/>中的所有字节都是ASCII码。
            </summary>
        </member>
        <member name="M:Microsoft.AspNetCore.Server.Kestrel.Core.Internal.Infrastructure.StringUtilities.AllBytesInUInt16AreAscii(System.UInt16)">
            <summary>
            Returns <see langword="true"/> iff all bytes in <paramref name="value"/> are ASCII.
             | 百度译文：返回<see langword="true"/>如果<paramref name="value"/>中的所有字节都是ASCII码。
            </summary>
        </member>
        <member name="M:Microsoft.AspNetCore.Server.Kestrel.Core.Internal.Infrastructure.StringUtilities.ConcatAsHexSuffix(System.String,System.Char,System.UInt32)">
            <summary>
            A faster version of String.Concat(<paramref name="str"/>, <paramref name="separator"/>, <paramref name="number"/>.ToString("X8"))
            </summary>
            <param name="str"></param>
            <param name="separator"></param>
            <param name="number"></param>
            <returns></returns>
        </member>
        <member name="T:Microsoft.AspNetCore.Hosting.WebHostBuilderHttpSysExtensions">
            <summary>
            Provides extensions method to use Http.sys as the server for the web host.
             | 百度译文：提供要使用的扩展方法Http.sys作为web主机的服务器。
            </summary>
        </member>
        <member name="M:Microsoft.AspNetCore.Hosting.WebHostBuilderHttpSysExtensions.UseHttpSys(Microsoft.AspNetCore.Hosting.IWebHostBuilder)">
            <summary>
            Specify Http.sys as the server to be used by the web host.
            </summary>
            <param name="hostBuilder">
            The Microsoft.AspNetCore.Hosting.IWebHostBuilder to configure.
            </param>
            <returns>
            A reference to the <see cref="T:Microsoft.AspNetCore.Hosting.IWebHostBuilder" /> parameter object.
            </returns>
        </member>
        <member name="M:Microsoft.AspNetCore.Hosting.WebHostBuilderHttpSysExtensions.UseHttpSys(Microsoft.AspNetCore.Hosting.IWebHostBuilder,System.Action{Microsoft.AspNetCore.Server.HttpSys.HttpSysOptions})">
            <summary>
            Specify Http.sys as the server to be used by the web host.
            </summary>
            <param name="hostBuilder">
            The Microsoft.AspNetCore.Hosting.IWebHostBuilder to configure.
            </param>
            <param name="options">
            A callback to configure Http.sys options.
            </param>
            <returns>
            A reference to the <see cref="T:Microsoft.AspNetCore.Hosting.IWebHostBuilder" /> parameter object.
            </returns>
        </member>
        <member name="T:Microsoft.AspNetCore.HttpSys.Internal.SocketAddress">
            <devdoc>
               <para>
                  This class is used when subclassing EndPoint, and provides indication
                  on how to format the memory buffers that winsock uses for network addresses.
               </para>
            </devdoc>
        </member>
        <member name="M:Microsoft.AspNetCore.HttpSys.Internal.SocketAddress.#ctor(System.Net.Sockets.AddressFamily,System.Int32)">
            <devdoc>
               <para>[To be supplied.]</para>
            </devdoc>
        </member>
        <member name="P:Microsoft.AspNetCore.HttpSys.Internal.SocketAddress.Item(System.Int32)">
            <devdoc>
               <para>[To be supplied.]</para>
            </devdoc>
        </member>
        <member name="M:Microsoft.AspNetCore.HttpSys.Internal.RawUrlHelper.GetPath(System.Span{System.Byte})">
            <summary>
            Find the segment of the URI byte array which represents the path.
            </summary>
        </member>
        <member name="M:Microsoft.AspNetCore.HttpSys.Internal.RawUrlHelper.FindHttpOrHttps(System.Span{System.Byte})">
            <summary>
            Compare the beginning portion of the raw URL byte array to https:// and http://
             | 百度译文：将原始URL字节数组的开始部分与https://和http://
            </summary>
            <param name="raw">The byte array represents the raw URI</param>
            <returns>Length of the matched bytes, 0 if it is not matched.</returns>
        </member>
        <member name="M:Microsoft.AspNetCore.HttpSys.Internal.RequestUriBuilder.Unescape(System.Span{System.Byte})">
            <summary>
            Unescape a given path string in place. The given path string  may contain escaped char.
             | 百度译文：在适当的地方取消给定路径字符串的转义。给定的路径字符串可能包含转义字符。
            </summary>
            <param name="rawPath">The raw path string to be unescaped</param>
            <returns>The unescaped path string</returns>
        </member>
        <member name="M:Microsoft.AspNetCore.HttpSys.Internal.RequestUriBuilder.DecodeCore(System.Int32@,System.Int32@,System.Int32,System.Span{System.Byte})">
            <summary>
            Unescape the percent-encodings
            </summary>
            <param name="reader">The iterator point to the first % char</param>
            <param name="writer">The place to write to</param>
            <param name="end">The end of the buffer</param>
            <param name="buffer">The byte array</param>
        </member>
        <member name="M:Microsoft.AspNetCore.HttpSys.Internal.RequestUriBuilder.UnescapePercentEncoding(System.Int32@,System.Int32,System.ReadOnlySpan{System.Byte})">
             <summary>
             Read the percent-encoding and try unescape it.
            
             The operation first peek at the character the <paramref name="scan"/>
             iterator points at. If it is % the <paramref name="scan"/> is then
             moved on to scan the following to characters. If the two following
             characters are hexadecimal literals they will be unescaped and the
             value will be returned.
            
             If the first character is not % the <paramref name="scan"/> iterator
             will be removed beyond the location of % and -1 will be returned.
            
             If the following two characters can't be successfully unescaped the
             <paramref name="scan"/> iterator will be move behind the % and -1
             will be returned.
             </summary>
             <param name="scan">The value to read</param>
             <param name="end">The end of the buffer</param>
             <param name="buffer">The byte array</param>
             <returns>The unescaped byte if success. Otherwise return -1.</returns>
        </member>
        <member name="M:Microsoft.AspNetCore.HttpSys.Internal.RequestUriBuilder.ReadHex(System.Int32@,System.Int32,System.ReadOnlySpan{System.Byte})">
             <summary>
             Read the next char and convert it into hexadecimal value.
            
             The <paramref name="scan"/> iterator will be moved to the next
             byte no matter no matter whether the operation successes.
              | 百度译文：读取下一个字符并将其转换为十六进制值。无论操作是否成功，迭代器都将移动到下一个字节。
            </summary>
             <param name="scan">The value to read</param>
             <param name="end">The end of the buffer</param>
             <param name="buffer">The byte array</param>
             <returns>The hexadecimal value if successes, otherwise -1.</returns>
        </member>
        <member name="T:System.Buffers.DiagnosticMemoryPool">
            <summary>
            Used to allocate and distribute re-usable blocks of memory.
             | 百度译文：用于分配和分配可重用内存块。
            </summary>
        </member>
        <member name="F:System.Buffers.DiagnosticMemoryPool.AnySize">
            <summary>
            This default value passed in to Rent to use the default value for the pool.
             | 百度译文：传递给Rent的此默认值将使用池的默认值。
            </summary>
        </member>
        <member name="T:System.Buffers.DiagnosticPoolBlock">
            <summary>
            Block tracking object used by the byte buffer memory pool. A slab is a large allocation which is divided into smaller blocks. The
            individual blocks are then treated as independent array segments.
             | 百度译文：字节缓冲区内存池使用的块跟踪对象。板是一个大的分配，它被分成更小的块。然后将各个块视为独立的数组段。
            </summary>
        </member>
        <member name="F:System.Buffers.DiagnosticPoolBlock._pool">
            <summary>
            Back-reference to the memory pool which this block was allocated from. It may only be returned to this pool.
             | 百度译文：对从中分配此块的内存池的反向引用。它只能返回到此池中。
            </summary>
        </member>
        <member name="M:System.Buffers.DiagnosticPoolBlock.#ctor(System.Buffers.DiagnosticMemoryPool,System.Buffers.IMemoryOwner{System.Byte})">
            <summary>
            This object cannot be instantiated outside of the static Create method
             | 百度译文：无法在静态创建方法之外实例化此对象
            </summary>
        </member>
        <member name="T:System.Buffers.MemoryPoolBlock">
            <summary>
            Block tracking object used by the byte buffer memory pool. A slab is a large allocation which is divided into smaller blocks. The
            individual blocks are then treated as independent array segments.
             | 百度译文：字节缓冲区内存池使用的块跟踪对象。板是一个大的分配，它被分成更小的块。然后将各个块视为独立的数组段。
            </summary>
        </member>
        <member name="M:System.Buffers.MemoryPoolBlock.#ctor(System.Buffers.SlabMemoryPool,System.Buffers.MemoryPoolSlab,System.Int32,System.Int32)">
            <summary>
            This object cannot be instantiated outside of the static Create method
             | 百度译文：无法在静态创建方法之外实例化此对象
            </summary>
        </member>
        <member name="P:System.Buffers.MemoryPoolBlock.Pool">
            <summary>
            Back-reference to the memory pool which this block was allocated from. It may only be returned to this pool.
             | 百度译文：对从中分配此块的内存池的反向引用。它只能返回到此池中。
            </summary>
        </member>
        <member name="P:System.Buffers.MemoryPoolBlock.Slab">
            <summary>
            Back-reference to the slab from which this block was taken, or null if it is one-time-use memory.
            </summary>
        </member>
        <member name="T:System.Buffers.MemoryPoolSlab">
            <summary>
            Slab tracking object used by the byte buffer memory pool. A slab is a large allocation which is divided into smaller blocks. The
            individual blocks are then treated as independent array segments.
            </summary>
        </member>
        <member name="P:System.Buffers.MemoryPoolSlab.IsActive">
            <summary>
            True as long as the blocks from this slab are to be considered returnable to the pool. In order to shrink the
            memory pool size an entire slab must be removed. That is done by (1) setting IsActive to false and removing the
            slab from the pool's _slabs collection, (2) as each block currently in use is Return()ed to the pool it will
            be allowed to be garbage collected rather than re-pooled, and (3) when all block tracking objects are garbage
            collected and the slab is no longer references the slab will be garbage collected
             | 百度译文：如果此楼板上的块被认为可以返回池，则为True。为了缩小内存池大小，必须删除整个板。这是通过（1）将IsActivity设置为false并从池的"板"集合中删除板，（2）由于当前使用的每个块都返回（）到池中，因此允许垃圾收集而不是重新池，（3）当所有块跟踪对象都被垃圾收集，并且板不再引用时，板将被垃圾收集
            </summary>
        </member>
        <member name="T:System.Buffers.SlabMemoryPool">
            <summary>
            Used to allocate and distribute re-usable blocks of memory.
             | 百度译文：用于分配和分配可重用内存块。
            </summary>
        </member>
        <member name="F:System.Buffers.SlabMemoryPool._blockSize">
            <summary>
            The size of a block. 4096 is chosen because most operating systems use 4k pages.
             | 百度译文：一个街区的大小。选择4096是因为大多数操作系统使用4k页面。
            </summary>
        </member>
        <member name="F:System.Buffers.SlabMemoryPool._blockCount">
            <summary>
            Allocating 32 contiguous blocks per slab makes the slab size 128k. This is larger than the 85k size which will place the memory
            in the large object heap. This means the GC will not try to relocate this array, so the fact it remains pinned does not negatively
            affect memory management's compactification.
             | 百度译文：为每个板分配32个连续块使板大小为128k，这比将内存放入大对象堆中的85k大小大。这意味着GC不会尝试重新定位这个数组，因此它保持固定的事实不会对内存管理的压缩产生负面影响。
            </summary>
        </member>
        <member name="P:System.Buffers.SlabMemoryPool.MaxBufferSize">
            <summary>
            Max allocation block size for pooled blocks,
            larger values can be leased but they will be disposed after use rather than returned to the pool.
             | 百度译文：最大分配块大小对于池中的块，可以租用较大的值，但在使用后将释放这些值，而不是返回池中。
            </summary>
        </member>
        <member name="P:System.Buffers.SlabMemoryPool.BlockSize">
            <summary>
            The size of a block. 4096 is chosen because most operating systems use 4k pages.
             | 百度译文：一个街区的大小。选择4096是因为大多数操作系统使用4k页面。
            </summary>
        </member>
        <member name="F:System.Buffers.SlabMemoryPool._slabLength">
            <summary>
            4096 * 32 gives you a slabLength of 128k contiguous bytes allocated per slab
            </summary>
        </member>
        <member name="F:System.Buffers.SlabMemoryPool._blocks">
            <summary>
            Thread-safe collection of blocks which are currently in the pool. A slab will pre-allocate all of the block tracking objects
            and add them to this collection. When memory is requested it is taken from here first, and when it is returned it is re-added.
             | 百度译文：当前在池中的块的线程安全集合。板将预分配所有块跟踪对象并将其添加到此集合中。当内存被请求时，它首先从这里取出来，当它被返回时，它被重新添加。
            </summary>
        </member>
        <member name="F:System.Buffers.SlabMemoryPool._slabs">
            <summary>
            Thread-safe collection of slabs which have been allocated by this pool. As long as a slab is in this collection and slab.IsActive,
            the blocks will be added to _blocks when returned.
            </summary>
        </member>
        <member name="F:System.Buffers.SlabMemoryPool._isDisposed">
            <summary>
            This is part of implementing the IDisposable pattern.
            </summary>
        </member>
        <member name="F:System.Buffers.SlabMemoryPool.AnySize">
            <summary>
            This default value passed in to Rent to use the default value for the pool.
             | 百度译文：传递给Rent的此默认值将使用池的默认值。
            </summary>
        </member>
        <member name="M:System.Buffers.SlabMemoryPool.Lease">
            <summary>
            Called to take a block from the pool.
             | 百度译文：打电话到游泳池的一个街区。
            </summary>
            <returns>The block that is reserved for the called. It must be passed to Return when it is no longer being used.</returns>
        </member>
        <member name="M:System.Buffers.SlabMemoryPool.AllocateSlab">
            <summary>
            Internal method called when a block is requested and the pool is empty. It allocates one additional slab, creates all of the
            block tracking objects, and adds them all to the pool.
            </summary>
        </member>
        <member name="M:System.Buffers.SlabMemoryPool.Return(System.Buffers.MemoryPoolBlock)">
            <summary>
            Called to return a block to the pool. Once Return has been called the memory no longer belongs to the caller, and
            Very Bad Things will happen if the memory is read of modified subsequently. If a caller fails to call Return and the
            block tracking object is garbage collected, the block tracking object's finalizer will automatically re-create and return
            a new tracking object into the pool. This will only happen if there is a bug in the server, however it is necessary to avoid
            leaving "dead zones" in the slab due to lost block tracking objects.
            </summary>
            <param name="block">The block to return. It must have been acquired by calling Lease on the same memory pool instance.</param>
        </member>
        <member name="T:System.Threading.Tasks.TaskToApm">
            <summary>
            Provides support for efficiently using Tasks to implement the APM (Begin/End) pattern.
            </summary>
        </member>
        <member name="M:System.Threading.Tasks.TaskToApm.Begin(System.Threading.Tasks.Task,System.AsyncCallback,System.Object)">
            <summary>
            Marshals the Task as an IAsyncResult, using the supplied callback and state
            to implement the APM pattern.
             | 百度译文：将任务封送为IAsyncResult，使用提供的回调和状态来实现APM模式。
            </summary>
            <param name="task">The Task to be marshaled.</param>
            <param name="callback">The callback to be invoked upon completion.</param>
            <param name="state">The state to be stored in the IAsyncResult.</param>
            <returns>An IAsyncResult to represent the task's asynchronous operation.</returns>
        </member>
        <member name="M:System.Threading.Tasks.TaskToApm.End(System.IAsyncResult)">
            <summary>Processes an IAsyncResult returned by Begin.</summary>
            <param name="asyncResult">The IAsyncResult to unwrap.</param>
        </member>
        <member name="M:System.Threading.Tasks.TaskToApm.End``1(System.IAsyncResult)">
            <summary>Processes an IAsyncResult returned by Begin.</summary>
            <param name="asyncResult">The IAsyncResult to unwrap.</param>
        </member>
        <member name="T:System.Threading.Tasks.TaskToApm.TaskAsyncResult">
            <summary>Provides a simple IAsyncResult that wraps a Task.</summary>
            <remarks>
            We could use the Task as the IAsyncResult if the Task's AsyncState is the same as the object state,
            but that's very rare, in particular in a situation where someone cares about allocation, and always
            using TaskAsyncResult simplifies things and enables additional optimizations.
            </remarks>
        </member>
        <member name="F:System.Threading.Tasks.TaskToApm.TaskAsyncResult._task">
            <summary>The wrapped Task. | 百度译文：包装好的任务。
            </summary>
        </member>
        <member name="F:System.Threading.Tasks.TaskToApm.TaskAsyncResult._callback">
            <summary>Callback to invoke when the wrapped task completes. | 百度译文：打包任务完成时调用的回调。
            </summary>
        </member>
        <member name="M:System.Threading.Tasks.TaskToApm.TaskAsyncResult.#ctor(System.Threading.Tasks.Task,System.Object,System.AsyncCallback)">
            <summary>Initializes the IAsyncResult with the Task to wrap and the associated object state. | 百度译文：使用要包装的任务和关联的对象状态初始化IAsyncResult。
            </summary>
            <param name="task">The Task to wrap.</param>
            <param name="state">The new AsyncState value.</param>
            <param name="callback">Callback to invoke when the wrapped task completes. | 百度译文：打包任务完成时调用的回调。
            </param>
        </member>
        <member name="M:System.Threading.Tasks.TaskToApm.TaskAsyncResult.InvokeCallback">
            <summary>Invokes the callback. | 百度译文：调用回调。
            </summary>
        </member>
        <member name="P:System.Threading.Tasks.TaskToApm.TaskAsyncResult.AsyncState">
            <summary>Gets a user-defined object that qualifies or contains information about an asynchronous operation. | 百度译文：获取用户定义的对象，该对象限定或包含有关异步操作的信息。
            </summary>
        </member>
        <member name="P:System.Threading.Tasks.TaskToApm.TaskAsyncResult.CompletedSynchronously">
            <summary>Gets a value that indicates whether the asynchronous operation completed synchronously. | 百度译文：获取一个值，该值指示异步操作是否同步完成。
            </summary>
            <remarks>This is set lazily based on whether the <see cref="F:System.Threading.Tasks.TaskToApm.TaskAsyncResult._task"/> has completed by the time this object is created.</remarks>
        </member>
        <member name="P:System.Threading.Tasks.TaskToApm.TaskAsyncResult.IsCompleted">
            <summary>Gets a value that indicates whether the asynchronous operation has completed.</summary>
        </member>
        <member name="P:System.Threading.Tasks.TaskToApm.TaskAsyncResult.AsyncWaitHandle">
            <summary>Gets a <see cref="T:System.Threading.WaitHandle"/> that is used to wait for an asynchronous operation to complete.</summary>
        </member>
    </members>
</doc>