<?xml version="1.0"?>
<doc>
    <assembly>
        <name>Microsoft.AspNetCore.Server.IIS</name>
    </assembly>
    <members>
        <member name="T:Microsoft.AspNetCore.Server.IIS.BadHttpRequestException">
            <inheritdoc/>
        </member>
        <member name="P:Microsoft.AspNetCore.Server.IIS.BadHttpRequestException.StatusCode">
            <inheritdoc/>
        </member>
        <member name="M:Microsoft.AspNetCore.Server.IIS.Core.IISHttpContext.ReadAsync(System.Memory{System.Byte},System.Threading.CancellationToken)">
            <summary>
            Reads data from the Input pipe to the user.
             | 百度译文：从输入管道向用户读取数据。
            </summary>
            <param name="memory"></param>
            <param name="cancellationToken"></param>
            <returns></returns>
        </member>
        <member name="M:Microsoft.AspNetCore.Server.IIS.Core.IISHttpContext.WriteAsync(System.ReadOnlyMemory{System.Byte},System.Threading.CancellationToken)">
            <summary>
            Writes data to the output pipe.
             | 百度译文：将数据写入输出管道。
            </summary>
            <param name="memory"></param>
            <param name="cancellationToken"></param>
            <returns></returns>
        </member>
        <member name="M:Microsoft.AspNetCore.Server.IIS.Core.IISHttpContext.FlushAsync(System.Threading.CancellationToken)">
            <summary>
            Flushes the data in the output pipe
            </summary>
            <param name="cancellationToken"></param>
            <returns></returns>
        </member>
        <member name="T:Microsoft.AspNetCore.Server.IIS.Core.IISServerAuthenticationHandler">
            <summary>
            The default authentication handler with IIS In-Process
            </summary>
        </member>
        <member name="M:Microsoft.AspNetCore.Server.IIS.Core.IISServerAuthenticationHandler.AuthenticateAsync">
            <inheritdoc/>
        </member>
        <member name="M:Microsoft.AspNetCore.Server.IIS.Core.IISServerAuthenticationHandler.ChallengeAsync(Microsoft.AspNetCore.Authentication.AuthenticationProperties)">
            <inheritdoc/>
        </member>
        <member name="M:Microsoft.AspNetCore.Server.IIS.Core.IISServerAuthenticationHandler.ForbidAsync(Microsoft.AspNetCore.Authentication.AuthenticationProperties)">
            <inheritdoc/>
        </member>
        <member name="M:Microsoft.AspNetCore.Server.IIS.Core.IISServerAuthenticationHandler.InitializeAsync(Microsoft.AspNetCore.Authentication.AuthenticationScheme,Microsoft.AspNetCore.Http.HttpContext)">
            <inheritdoc/>
        </member>
        <member name="T:Microsoft.AspNetCore.Server.IIS.Core.ThrowingWasUpgradedWriteOnlyStream">
            <summary>
            A <see cref="T:System.IO.Stream"/> which throws on calls to write after the stream was upgraded
            </summary>
            <remarks>
            Users should not need to instantiate this class.
            </remarks>
        </member>
        <member name="M:Microsoft.AspNetCore.Server.IIS.Core.ThrowingWasUpgradedWriteOnlyStream.Write(System.Byte[],System.Int32,System.Int32)">
            <inheritdoc/>
        </member>
        <member name="M:Microsoft.AspNetCore.Server.IIS.Core.ThrowingWasUpgradedWriteOnlyStream.WriteAsync(System.Byte[],System.Int32,System.Int32,System.Threading.CancellationToken)">
            <inheritdoc/>
        </member>
        <member name="M:Microsoft.AspNetCore.Server.IIS.Core.ThrowingWasUpgradedWriteOnlyStream.Flush">
            <inheritdoc/>
        </member>
        <member name="M:Microsoft.AspNetCore.Server.IIS.Core.ThrowingWasUpgradedWriteOnlyStream.Seek(System.Int64,System.IO.SeekOrigin)">
            <inheritdoc/>
        </member>
        <member name="M:Microsoft.AspNetCore.Server.IIS.Core.ThrowingWasUpgradedWriteOnlyStream.SetLength(System.Int64)">
            <inheritdoc/>
        </member>
        <member name="T:Microsoft.AspNetCore.Server.IIS.Core.WriteOnlyStream">
            <summary>
            A <see cref="T:System.IO.Stream"/> which only allows for writes.
             | 百度译文：A<见cref="T:系统IO流"/>只允许写入。
            </summary>
        </member>
        <member name="P:Microsoft.AspNetCore.Server.IIS.Core.WriteOnlyStream.CanRead">
            <inheritdoc/>
        </member>
        <member name="P:Microsoft.AspNetCore.Server.IIS.Core.WriteOnlyStream.CanWrite">
            <inheritdoc/>
        </member>
        <member name="P:Microsoft.AspNetCore.Server.IIS.Core.WriteOnlyStream.ReadTimeout">
            <inheritdoc/>
        </member>
        <member name="P:Microsoft.AspNetCore.Server.IIS.Core.WriteOnlyStream.CanSeek">
            <inheritdoc/>
        </member>
        <member name="P:Microsoft.AspNetCore.Server.IIS.Core.WriteOnlyStream.Length">
            <inheritdoc/>
        </member>
        <member name="P:Microsoft.AspNetCore.Server.IIS.Core.WriteOnlyStream.Position">
            <inheritdoc/>
        </member>
        <member name="M:Microsoft.AspNetCore.Server.IIS.Core.WriteOnlyStream.Read(System.Byte[],System.Int32,System.Int32)">
            <inheritdoc/>
        </member>
        <member name="M:Microsoft.AspNetCore.Server.IIS.Core.WriteOnlyStream.ReadAsync(System.Byte[],System.Int32,System.Int32,System.Threading.CancellationToken)">
            <inheritdoc/>
        </member>
        <member name="M:Microsoft.AspNetCore.Server.IIS.Core.WriteOnlyStream.Seek(System.Int64,System.IO.SeekOrigin)">
            <inheritdoc/>
        </member>
        <member name="M:Microsoft.AspNetCore.Server.IIS.Core.WriteOnlyStream.SetLength(System.Int64)">
            <inheritdoc/>
        </member>
        <member name="T:Microsoft.AspNetCore.Server.IIS.HttpContextExtensions">
            <summary>
            Extensions to <see cref="T:Microsoft.AspNetCore.Http.HttpContext"/> that enable access to IIS features.
             | 百度译文：扩展到<see cref="T:Microsoft.AspNetCore.Http.HttpContext"/>，允许访问IIS功能。
            </summary>
        </member>
        <member name="M:Microsoft.AspNetCore.Server.IIS.HttpContextExtensions.GetIISServerVariable(Microsoft.AspNetCore.Http.HttpContext,System.String)">
            <summary>
            Gets the value of a server variable for the current request.
             | 百度译文：获取当前请求的服务器变量的值。
            </summary>
            <param name="context">The http context for the request.</param>
            <param name="variableName">The name of the variable.</param>
            <returns>
            <c>null</c> if the server does not support the <see cref="T:Microsoft.AspNetCore.Http.Features.IServerVariablesFeature"/> feature.
            May return null or empty if the variable does not exist or is not set.
            </returns>
        </member>
        <member name="T:Microsoft.AspNetCore.Server.IIS.IISServerDefaults">
            <summary>
            String constants used to configure IIS In-Process.
             | 百度译文：用于配置进程中的IIS的字符串常量。
            </summary>
        </member>
        <member name="F:Microsoft.AspNetCore.Server.IIS.IISServerDefaults.AuthenticationScheme">
            <summary>
            Default authentication scheme, which is "Windows".
             | 百度译文：默认身份验证方案，即"Windows"。
            </summary>
        </member>
        <member name="P:Microsoft.AspNetCore.Server.IIS.CoreStrings.ResponseStreamWasUpgraded">
            <summary>Cannot write to response body after connection has been upgraded.</summary>
        </member>
        <member name="P:Microsoft.AspNetCore.Server.IIS.CoreStrings.UnhandledApplicationException">
            <summary>The response has been aborted due to an unhandled application exception.</summary>
        </member>
        <member name="P:Microsoft.AspNetCore.Server.IIS.CoreStrings.CannotUpgradeNonUpgradableRequest">
            <summary>Cannot upgrade a non-upgradable request. Check IHttpUpgradeFeature.IsUpgradableRequest to determine if a request can be upgraded.</summary>
        </member>
        <member name="P:Microsoft.AspNetCore.Server.IIS.CoreStrings.UpgradeCannotBeCalledMultipleTimes">
            <summary>IHttpUpgradeFeature.UpgradeAsync was already called and can only be called once per connection.</summary>
        </member>
        <member name="P:Microsoft.AspNetCore.Server.IIS.CoreStrings.SynchronousReadsDisallowed">
            <summary>Synchronous operations are disallowed. Call ReadAsync or set AllowSynchronousIO to true instead. | 百度译文：不允许同步操作。调用ReadAsync或将AllowSynchronousIO设置为true。
            </summary>
        </member>
        <member name="P:Microsoft.AspNetCore.Server.IIS.CoreStrings.SynchronousWritesDisallowed">
            <summary>Synchronous operations are disallowed. Call WriteAsync or set AllowSynchronousIO to true instead. | 百度译文：不允许同步操作。调用WriteAsync或将AllowSynchronousIO设置为true。
            </summary>
        </member>
        <member name="P:Microsoft.AspNetCore.Server.IIS.CoreStrings.WritingToResponseBodyAfterResponseCompleted">
            <summary>Cannot write to the response body, the response has completed.</summary>
        </member>
        <member name="P:Microsoft.AspNetCore.Server.IIS.CoreStrings.ConnectionAbortedByApplication">
            <summary>The connection was aborted by the application. | 百度译文：应用程序中止了连接。
            </summary>
        </member>
        <member name="P:Microsoft.AspNetCore.Server.IIS.CoreStrings.ConnectionOrStreamAbortedByCancellationToken">
            <summary>The connection or stream was aborted because a write operation was aborted with a CancellationToken.</summary>
        </member>
        <member name="P:Microsoft.AspNetCore.Server.IIS.CoreStrings.ParameterReadOnlyAfterResponseStarted">
            <summary>{name} cannot be set because the response has already started.</summary>
        </member>
        <member name="M:Microsoft.AspNetCore.Server.IIS.CoreStrings.FormatParameterReadOnlyAfterResponseStarted(System.Object)">
            <summary>{name} cannot be set because the response has already started.</summary>
        </member>
        <member name="P:Microsoft.AspNetCore.Server.IIS.CoreStrings.BadRequest_RequestBodyTooLarge">
            <summary>Request body too large. | 百度译文：请求正文太大。
            </summary>
        </member>
        <member name="P:Microsoft.AspNetCore.Server.IIS.CoreStrings.MaxRequestBodySizeCannotBeModifiedAfterRead">
            <summary>The maximum request body size cannot be modified after the app has already started reading from the request body.</summary>
        </member>
        <member name="P:Microsoft.AspNetCore.Server.IIS.CoreStrings.MaxRequestBodySizeCannotBeModifiedForUpgradedRequests">
            <summary>The maximum request body size cannot be modified after the request has been upgraded. | 百度译文：升级请求后，无法修改最大请求正文大小。
            </summary>
        </member>
        <member name="P:Microsoft.AspNetCore.Server.IIS.CoreStrings.NonNegativeNumberOrNullRequired">
            <summary>Value must be null or a non-negative number. | 百度译文：值必须为null或非负数。
            </summary>
        </member>
        <member name="P:Microsoft.AspNetCore.Server.IIS.CoreStrings.BadRequest">
            <summary>Bad request.</summary>
        </member>
        <member name="P:Microsoft.AspNetCore.Server.IIS.CoreStrings.MaxRequestLimitWarning">
            <summary>Increasing the MaxRequestBodySize conflicts with the max value for IIS limit maxAllowedContentLength. HTTP requests that have a content length greater than maxAllowedContentLength will still be rejected by IIS. You can disable the limit by either removing  ... | 百度译文：增加MaxRequestBodySize与IIS limit maxAllowedContentLength的最大值冲突。内容长度大于maxAllowedContentLength的HTTP请求仍将被IIS拒绝。您可以通过删除。。。
            </summary>
        </member>
        <member name="T:Microsoft.AspNetCore.Server.Kestrel.Core.Internal.DuplexPipeStreamAdapter`1">
            <summary>
            A helper for wrapping a Stream decorator from an <see cref="T:System.IO.Pipelines.IDuplexPipe"/>.
            </summary>
            <typeparam name="TStream"></typeparam>
        </member>
        <member name="M:Microsoft.AspNetCore.Server.Kestrel.Core.Internal.MemoryPoolExtensions.GetMinimumSegmentSize(System.Buffers.MemoryPool{System.Byte})">
            <summary>
            Computes a minimum segment size
            </summary>
            <param name="pool"></param>
            <returns></returns>
        </member>
        <member name="M:Microsoft.AspNetCore.Server.Kestrel.Core.Internal.Infrastructure.StringUtilities.WidenFourAsciiBytesToUtf16AndCompareToChars(System.Char@,System.UInt32)">
            <summary>
            Given a DWORD which represents a buffer of 4 bytes, widens the buffer into 4 WORDs and
            compares them to the WORD buffer with machine endianness.
            </summary>
        </member>
        <member name="M:Microsoft.AspNetCore.Server.Kestrel.Core.Internal.Infrastructure.StringUtilities.WidenTwoAsciiBytesToUtf16AndCompareToChars(System.Char@,System.UInt16)">
            <summary>
            Given a WORD which represents a buffer of 2 bytes, widens the buffer into 2 WORDs and
            compares them to the WORD buffer with machine endianness.
             | 百度译文：给定一个表示2字节缓冲区的字，将缓冲区扩大为2个字，并将它们与具有机器端号的字缓冲区进行比较。
            </summary>
        </member>
        <member name="M:Microsoft.AspNetCore.Server.Kestrel.Core.Internal.Infrastructure.StringUtilities.AllBytesInUInt32AreAscii(System.UInt32)">
            <summary>
            Returns <see langword="true"/> iff all bytes in <paramref name="value"/> are ASCII.
             | 百度译文：返回<see langword="true"/>如果<paramref name="value"/>中的所有字节都是ASCII码。
            </summary>
        </member>
        <member name="M:Microsoft.AspNetCore.Server.Kestrel.Core.Internal.Infrastructure.StringUtilities.AllBytesInUInt16AreAscii(System.UInt16)">
            <summary>
            Returns <see langword="true"/> iff all bytes in <paramref name="value"/> are ASCII.
             | 百度译文：返回<see langword="true"/>如果<paramref name="value"/>中的所有字节都是ASCII码。
            </summary>
        </member>
        <member name="M:Microsoft.AspNetCore.Server.Kestrel.Core.Internal.Infrastructure.StringUtilities.ConcatAsHexSuffix(System.String,System.Char,System.UInt32)">
            <summary>
            A faster version of String.Concat(<paramref name="str"/>, <paramref name="separator"/>, <paramref name="number"/>.ToString("X8"))
            </summary>
            <param name="str"></param>
            <param name="separator"></param>
            <param name="number"></param>
            <returns></returns>
        </member>
        <member name="T:Microsoft.AspNetCore.Builder.IISServerOptions">
            <summary>
            Provides configuration for IIS In-Process.
            </summary>
        </member>
        <member name="P:Microsoft.AspNetCore.Builder.IISServerOptions.AllowSynchronousIO">
            <summary>
            Gets or sets a value that controls whether synchronous IO is allowed for the <see cref="P:Microsoft.AspNetCore.Http.HttpContext.Request"/> and <see cref="P:Microsoft.AspNetCore.Http.HttpContext.Response"/>
            </summary>
            <remarks>
            Defaults to false.
            </remarks>
        </member>
        <member name="P:Microsoft.AspNetCore.Builder.IISServerOptions.AutomaticAuthentication">
            <summary>
            If true the server should set HttpContext.User. If false the server will only provide an
            identity when explicitly requested by the AuthenticationScheme.
            Note Windows Authentication must also be enabled in IIS for this to work.
             | 百度译文：如果为true，则服务器应设置HttpContext.User. 如果为false，则服务器将仅在AuthenticationScheme显式请求时提供标识。注意还必须在IIS中启用Windows身份验证才能使其工作。
            </summary>
        </member>
        <member name="P:Microsoft.AspNetCore.Builder.IISServerOptions.AuthenticationDisplayName">
            <summary>
            Sets the display name shown to users on login pages. The default is null.
            </summary>
        </member>
        <member name="P:Microsoft.AspNetCore.Builder.IISServerOptions.ForwardWindowsAuthentication">
            <summary>
            Used to indicate if the authentication handler should be registered. This is only done if ANCM indicates
            IIS has a non-anonymous authentication enabled, or for back compat with ANCMs that did not provide this information.
             | 百度译文：用于指示是否应注册身份验证处理程序。只有当ANCM指示IIS启用了非匿名身份验证，或者对于不提供此信息的ANCM的back compat，才执行此操作。
            </summary>
        </member>
        <member name="P:Microsoft.AspNetCore.Builder.IISServerOptions.MaxRequestBodySize">
            <summary>
            Gets or sets the maximum allowed size of any request body in bytes.
            When set to null, the maximum request length will not be restricted in ASP.NET Core.
            However, the IIS maxAllowedContentLength will still restrict content length requests (30,000,000 by default).
            This limit has no effect on upgraded connections which are always unlimited.
            This can be overridden per-request via <see cref="T:Microsoft.AspNetCore.Http.Features.IHttpMaxRequestBodySizeFeature"/>.
            </summary>
            <remarks>
            Defaults to 30,000,000 bytes (~28.6 MB).
            </remarks>
        </member>
        <member name="T:Microsoft.AspNetCore.Hosting.WebHostBuilderIISExtensions">
            <summary>
            Extension methods for the IIS In-Process.
             | 百度译文：正在处理的IIS的扩展方法。
            </summary>
        </member>
        <member name="M:Microsoft.AspNetCore.Hosting.WebHostBuilderIISExtensions.UseIIS(Microsoft.AspNetCore.Hosting.IWebHostBuilder)">
            <summary>
            Configures the port and base path the server should listen on when running behind AspNetCoreModule.
            The app will also be configured to capture startup errors.
            </summary>
            <param name="hostBuilder">The <see cref="T:Microsoft.AspNetCore.Hosting.IWebHostBuilder"/> to configure.</param>
            <returns>The <see cref="T:Microsoft.AspNetCore.Hosting.IWebHostBuilder"/>.</returns>
        </member>
        <member name="T:Microsoft.AspNetCore.Hosting.Views.ErrorPageModel">
            <summary>
            Holds data to be displayed on the error page.
             | 百度译文：保存要在错误页上显示的数据。
            </summary>
        </member>
        <member name="P:Microsoft.AspNetCore.Hosting.Views.ErrorPageModel.ErrorDetails">
            <summary>
            Detailed information about each exception in the stack.
             | 百度译文：堆栈中每个异常的详细信息。
            </summary>
        </member>
        <member name="T:Microsoft.AspNetCore.HttpSys.Internal.SocketAddress">
            <devdoc>
               <para>
                  This class is used when subclassing EndPoint, and provides indication
                  on how to format the memory buffers that winsock uses for network addresses.
               </para>
            </devdoc>
        </member>
        <member name="M:Microsoft.AspNetCore.HttpSys.Internal.SocketAddress.#ctor(System.Net.Sockets.AddressFamily,System.Int32)">
            <devdoc>
               <para>[To be supplied.]</para>
            </devdoc>
        </member>
        <member name="P:Microsoft.AspNetCore.HttpSys.Internal.SocketAddress.Item(System.Int32)">
            <devdoc>
               <para>[To be supplied.]</para>
            </devdoc>
        </member>
        <member name="M:Microsoft.AspNetCore.HttpSys.Internal.RawUrlHelper.GetPath(System.Span{System.Byte})">
            <summary>
            Find the segment of the URI byte array which represents the path.
             | 百度译文：查找表示路径的URI字节数组的段。
            </summary>
        </member>
        <member name="M:Microsoft.AspNetCore.HttpSys.Internal.RawUrlHelper.FindHttpOrHttps(System.Span{System.Byte})">
            <summary>
            Compare the beginning portion of the raw URL byte array to https:// and http://
            </summary>
            <param name="raw">The byte array represents the raw URI</param>
            <returns>Length of the matched bytes, 0 if it is not matched.</returns>
        </member>
        <member name="M:Microsoft.AspNetCore.HttpSys.Internal.RequestUriBuilder.Unescape(System.Span{System.Byte})">
            <summary>
            Unescape a given path string in place. The given path string  may contain escaped char.
            </summary>
            <param name="rawPath">The raw path string to be unescaped</param>
            <returns>The unescaped path string</returns>
        </member>
        <member name="M:Microsoft.AspNetCore.HttpSys.Internal.RequestUriBuilder.DecodeCore(System.Int32@,System.Int32@,System.Int32,System.Span{System.Byte})">
            <summary>
            Unescape the percent-encodings
             | 百度译文：取消百分比编码
            </summary>
            <param name="reader">The iterator point to the first % char</param>
            <param name="writer">The place to write to</param>
            <param name="end">The end of the buffer</param>
            <param name="buffer">The byte array</param>
        </member>
        <member name="M:Microsoft.AspNetCore.HttpSys.Internal.RequestUriBuilder.UnescapePercentEncoding(System.Int32@,System.Int32,System.ReadOnlySpan{System.Byte})">
             <summary>
             Read the percent-encoding and try unescape it.
            
             The operation first peek at the character the <paramref name="scan"/>
             iterator points at. If it is % the <paramref name="scan"/> is then
             moved on to scan the following to characters. If the two following
             characters are hexadecimal literals they will be unescaped and the
             value will be returned.
            
             If the first character is not % the <paramref name="scan"/> iterator
             will be removed beyond the location of % and -1 will be returned.
            
             If the following two characters can't be successfully unescaped the
             <paramref name="scan"/> iterator will be move behind the % and -1
             will be returned.
             </summary>
             <param name="scan">The value to read</param>
             <param name="end">The end of the buffer</param>
             <param name="buffer">The byte array</param>
             <returns>The unescaped byte if success. Otherwise return -1.</returns>
        </member>
        <member name="M:Microsoft.AspNetCore.HttpSys.Internal.RequestUriBuilder.ReadHex(System.Int32@,System.Int32,System.ReadOnlySpan{System.Byte})">
             <summary>
             Read the next char and convert it into hexadecimal value.
            
             The <paramref name="scan"/> iterator will be moved to the next
             byte no matter no matter whether the operation successes.
              | 百度译文：读取下一个字符并将其转换为十六进制值。无论操作是否成功，迭代器都将移动到下一个字节。
            </summary>
             <param name="scan">The value to read</param>
             <param name="end">The end of the buffer</param>
             <param name="buffer">The byte array</param>
             <returns>The hexadecimal value if successes, otherwise -1.</returns>
        </member>
        <member name="M:Microsoft.Extensions.Internal.TypeNameHelper.GetTypeDisplayName(System.Type,System.Boolean,System.Boolean,System.Boolean,System.Char)">
            <summary>
            Pretty print a type name.
            </summary>
            <param name="type">The <see cref="T:System.Type"/>.</param>
            <param name="fullName"><c>true</c> to print a fully qualified name.</param>
            <param name="includeGenericParameterNames"><c>true</c> to include generic parameter names.</param>
            <param name="includeGenericParameters"><c>true</c> to include generic parameters.</param>
            <param name="nestedTypeDelimiter">Character to use as a delimiter in nested type names</param>
            <returns>The pretty printed type name.</returns>
        </member>
        <member name="T:Microsoft.Extensions.StackTrace.Sources.ExceptionDetails">
            <summary>
            Contains details for individual exception messages.
             | 百度译文：包含单个异常消息的详细信息。
            </summary>
        </member>
        <member name="P:Microsoft.Extensions.StackTrace.Sources.ExceptionDetails.Error">
            <summary>
            An individual exception
            </summary>
        </member>
        <member name="P:Microsoft.Extensions.StackTrace.Sources.ExceptionDetails.StackFrames">
            <summary>
            The generated stack frames
             | 百度译文：生成的堆栈帧
            </summary>
        </member>
        <member name="P:Microsoft.Extensions.StackTrace.Sources.ExceptionDetails.ErrorMessage">
            <summary>
            Gets or sets the summary message.
             | 百度译文：获取或设置摘要消息。
            </summary>
        </member>
        <member name="T:Microsoft.Extensions.StackTrace.Sources.StackFrameSourceCodeInfo">
            <summary>
            Contains the source code where the exception occurred.
             | 百度译文：包含发生异常的源代码。
            </summary>
        </member>
        <member name="P:Microsoft.Extensions.StackTrace.Sources.StackFrameSourceCodeInfo.Function">
            <summary>
            Function containing instruction
            </summary>
        </member>
        <member name="P:Microsoft.Extensions.StackTrace.Sources.StackFrameSourceCodeInfo.File">
            <summary>
            File containing the instruction
             | 百度译文：包含指令的文件
            </summary>
        </member>
        <member name="P:Microsoft.Extensions.StackTrace.Sources.StackFrameSourceCodeInfo.Line">
            <summary>
            The line number of the instruction
             | 百度译文：指令的行号
            </summary>
        </member>
        <member name="P:Microsoft.Extensions.StackTrace.Sources.StackFrameSourceCodeInfo.PreContextLine">
            <summary>
            The line preceding the frame line
             | 百度译文：框架线之前的一行
            </summary>
        </member>
        <member name="P:Microsoft.Extensions.StackTrace.Sources.StackFrameSourceCodeInfo.PreContextCode">
            <summary>
            Lines of code before the actual error line(s).
             | 百度译文：实际错误行之前的代码行。
            </summary>
        </member>
        <member name="P:Microsoft.Extensions.StackTrace.Sources.StackFrameSourceCodeInfo.ContextCode">
            <summary>
            Line(s) of code responsible for the error.
             | 百度译文：导致错误的代码行。
            </summary>
        </member>
        <member name="P:Microsoft.Extensions.StackTrace.Sources.StackFrameSourceCodeInfo.PostContextCode">
            <summary>
            Lines of code after the actual error line(s).
            </summary>
        </member>
        <member name="P:Microsoft.Extensions.StackTrace.Sources.StackFrameSourceCodeInfo.ErrorDetails">
            <summary>
            Specific error details for this stack frame.
            </summary>
        </member>
        <member name="T:Microsoft.Extensions.RazorViews.BaseView">
            <summary>
            Infrastructure
             | 百度译文：基础设施
            </summary>
        </member>
        <member name="P:Microsoft.Extensions.RazorViews.BaseView.Context">
            <summary>
            The request context
             | 百度译文：请求上下文
            </summary>
        </member>
        <member name="P:Microsoft.Extensions.RazorViews.BaseView.Request">
            <summary>
            The request
            </summary>
        </member>
        <member name="P:Microsoft.Extensions.RazorViews.BaseView.Response">
            <summary>
            The response
            </summary>
        </member>
        <member name="P:Microsoft.Extensions.RazorViews.BaseView.Output">
            <summary>
            The output stream
             | 百度译文：输出流
            </summary>
        </member>
        <member name="P:Microsoft.Extensions.RazorViews.BaseView.HtmlEncoder">
            <summary>
            Html encoder used to encode content.
             | 百度译文：用于编码内容的Html编码器。
            </summary>
        </member>
        <member name="P:Microsoft.Extensions.RazorViews.BaseView.UrlEncoder">
            <summary>
            Url encoder used to encode content.
            </summary>
        </member>
        <member name="P:Microsoft.Extensions.RazorViews.BaseView.JavaScriptEncoder">
            <summary>
            JavaScript encoder used to encode content.
             | 百度译文：用于编码内容的JavaScript编码器。
            </summary>
        </member>
        <member name="M:Microsoft.Extensions.RazorViews.BaseView.ExecuteAsync(System.IO.Stream)">
            <summary>
            Execute an individual request
             | 百度译文：执行单个请求
            </summary>
            <param name="stream">The stream to write to</param>
        </member>
        <member name="M:Microsoft.Extensions.RazorViews.BaseView.ExecuteAsync(Microsoft.AspNetCore.Http.HttpContext)">
            <summary>
            Execute an individual request
             | 百度译文：执行单个请求
            </summary>
            <param name="context"></param>
        </member>
        <member name="M:Microsoft.Extensions.RazorViews.BaseView.ExecuteAsync">
            <summary>
            Execute an individual request
             | 百度译文：执行单个请求
            </summary>
        </member>
        <member name="M:Microsoft.Extensions.RazorViews.BaseView.WriteLiteral(System.Object)">
            <summary>
            Write the given value without HTML encoding directly to <see cref="P:Microsoft.Extensions.RazorViews.BaseView.Output"/>.
            </summary>
            <param name="value">The <see cref="T:System.Object"/> to write.</param>
        </member>
        <member name="M:Microsoft.Extensions.RazorViews.BaseView.WriteLiteral(System.String)">
            <summary>
            Write the given value without HTML encoding directly to <see cref="P:Microsoft.Extensions.RazorViews.BaseView.Output"/>.
            </summary>
            <param name="value">The <see cref="T:System.String"/> to write.</param>
        </member>
        <member name="M:Microsoft.Extensions.RazorViews.BaseView.WriteAttribute(System.String,System.String,System.String,Microsoft.Extensions.RazorViews.AttributeValue[])">
            <summary>
            Writes the given attribute to the given writer
             | 百度译文：将给定属性写入给定的编写器
            </summary>
            <param name="name">The name of the attribute to write</param>
            <param name="leader">The value of the prefix</param>
            <param name="trailer">The value of the suffix</param>
            <param name="values">The <see cref="T:Microsoft.Extensions.RazorViews.AttributeValue"/>s to write.</param>
        </member>
        <member name="M:Microsoft.Extensions.RazorViews.BaseView.Write(Microsoft.Extensions.RazorViews.HelperResult)">
            <summary>
            <see cref="M:Microsoft.Extensions.RazorViews.HelperResult.WriteTo(System.IO.TextWriter)"/> is invoked
            </summary>
            <param name="result">The <see cref="T:Microsoft.Extensions.RazorViews.HelperResult"/> to invoke</param>
        </member>
        <member name="M:Microsoft.Extensions.RazorViews.BaseView.Write(System.Object)">
            <summary>
            Writes the specified <paramref name="value"/> to <see cref="P:Microsoft.Extensions.RazorViews.BaseView.Output"/>.
            </summary>
            <param name="value">The <see cref="T:System.Object"/> to write.</param>
            <remarks>
            <see cref="M:Microsoft.Extensions.RazorViews.HelperResult.WriteTo(System.IO.TextWriter)"/> is invoked for <see cref="T:Microsoft.Extensions.RazorViews.HelperResult"/> types.
            For all other types, the encoded result of <see cref="M:System.Object.ToString"/> is written to
            <see cref="P:Microsoft.Extensions.RazorViews.BaseView.Output"/>.
            </remarks>
        </member>
        <member name="M:Microsoft.Extensions.RazorViews.BaseView.Write(System.String)">
            <summary>
            Writes the specified <paramref name="value"/> with HTML encoding to <see cref="P:Microsoft.Extensions.RazorViews.BaseView.Output"/>.
             | 百度译文：使用HTML编码将指定的<paramref name="value"/>写入<see cref="P:Microsoft.Extensions.RazorViews.BaseView.输出"/>.
            </summary>
            <param name="value">The <see cref="T:System.String"/> to write.</param>
        </member>
        <member name="T:Microsoft.Extensions.RazorViews.HelperResult">
            <summary>
            Represents a deferred write operation in a <see cref="T:Microsoft.Extensions.RazorViews.BaseView"/>.
             | 百度译文：表示中的延迟写入操作<see cref="T:Microsoft.Extensions.RazorViews.BaseView"/>。
            </summary>
        </member>
        <member name="M:Microsoft.Extensions.RazorViews.HelperResult.#ctor(System.Action{System.IO.TextWriter})">
            <summary>
            Creates a new instance of <see cref="T:Microsoft.Extensions.RazorViews.HelperResult"/>.
             | 百度译文：创建<see cref="T:Microsoft.Extensions.RazorViews.HelperResult"/>。
            </summary>
            <param name="action">The delegate to invoke when <see cref="M:Microsoft.Extensions.RazorViews.HelperResult.WriteTo(System.IO.TextWriter)"/> is called.</param>
        </member>
        <member name="M:Microsoft.Extensions.RazorViews.HelperResult.WriteTo(System.IO.TextWriter)">
            <summary>
            Method invoked to produce content from the <see cref="T:Microsoft.Extensions.RazorViews.HelperResult"/>.
            </summary>
            <param name="writer">The <see cref="T:System.IO.TextWriter"/> instance to write to.</param>
        </member>
        <member name="T:StartupHook">
            <summary>
            Startup hooks are pieces of code that will run before a users program main executes
            See: https://github.com/dotnet/core-setup/blob/master/Documentation/design-docs/host-startup-hook.md
            The type must be named StartupHook without any namespace, and should be internal.
             | 百度译文：启动钩子是在用户程序main执行之前运行的代码，请参见：https://github.com/dotnet/core-setup/blob/master/Documentation/design-docs/host-startup-hook.md类型必须命名为StartupHook，不带任何命名空间，并且应该是内部的。
            </summary>
        </member>
        <member name="M:StartupHook.Initialize">
            <summary>
            Startup hooks are pieces of code that will run before a users program main executes
            See: https://github.com/dotnet/core-setup/blob/master/Documentation/design-docs/host-startup-hook.md
            </summary>
        </member>
        <member name="T:System.Buffers.DiagnosticMemoryPool">
            <summary>
            Used to allocate and distribute re-usable blocks of memory.
             | 百度译文：用于分配和分配可重用内存块。
            </summary>
        </member>
        <member name="F:System.Buffers.DiagnosticMemoryPool.AnySize">
            <summary>
            This default value passed in to Rent to use the default value for the pool.
            </summary>
        </member>
        <member name="T:System.Buffers.DiagnosticPoolBlock">
            <summary>
            Block tracking object used by the byte buffer memory pool. A slab is a large allocation which is divided into smaller blocks. The
            individual blocks are then treated as independent array segments.
            </summary>
        </member>
        <member name="F:System.Buffers.DiagnosticPoolBlock._pool">
            <summary>
            Back-reference to the memory pool which this block was allocated from. It may only be returned to this pool.
             | 百度译文：对从中分配此块的内存池的反向引用。它只能返回到此池中。
            </summary>
        </member>
        <member name="M:System.Buffers.DiagnosticPoolBlock.#ctor(System.Buffers.DiagnosticMemoryPool,System.Buffers.IMemoryOwner{System.Byte})">
            <summary>
            This object cannot be instantiated outside of the static Create method
            </summary>
        </member>
        <member name="T:System.Buffers.MemoryPoolBlock">
            <summary>
            Block tracking object used by the byte buffer memory pool. A slab is a large allocation which is divided into smaller blocks. The
            individual blocks are then treated as independent array segments.
            </summary>
        </member>
        <member name="M:System.Buffers.MemoryPoolBlock.#ctor(System.Buffers.SlabMemoryPool,System.Buffers.MemoryPoolSlab,System.Int32,System.Int32)">
            <summary>
            This object cannot be instantiated outside of the static Create method
            </summary>
        </member>
        <member name="P:System.Buffers.MemoryPoolBlock.Pool">
            <summary>
            Back-reference to the memory pool which this block was allocated from. It may only be returned to this pool.
             | 百度译文：对从中分配此块的内存池的反向引用。它只能返回到此池中。
            </summary>
        </member>
        <member name="P:System.Buffers.MemoryPoolBlock.Slab">
            <summary>
            Back-reference to the slab from which this block was taken, or null if it is one-time-use memory.
             | 百度译文：对从中获取此块的板的反向引用，如果是一次性使用内存，则为null。
            </summary>
        </member>
        <member name="T:System.Buffers.MemoryPoolSlab">
            <summary>
            Slab tracking object used by the byte buffer memory pool. A slab is a large allocation which is divided into smaller blocks. The
            individual blocks are then treated as independent array segments.
             | 百度译文：字节缓冲区内存池使用的板跟踪对象。板是一个大的分配，它被分成更小的块。然后将各个块视为独立的数组段。
            </summary>
        </member>
        <member name="P:System.Buffers.MemoryPoolSlab.IsActive">
            <summary>
            True as long as the blocks from this slab are to be considered returnable to the pool. In order to shrink the
            memory pool size an entire slab must be removed. That is done by (1) setting IsActive to false and removing the
            slab from the pool's _slabs collection, (2) as each block currently in use is Return()ed to the pool it will
            be allowed to be garbage collected rather than re-pooled, and (3) when all block tracking objects are garbage
            collected and the slab is no longer references the slab will be garbage collected
            </summary>
        </member>
        <member name="T:System.Buffers.SlabMemoryPool">
            <summary>
            Used to allocate and distribute re-usable blocks of memory.
             | 百度译文：用于分配和分配可重用内存块。
            </summary>
        </member>
        <member name="F:System.Buffers.SlabMemoryPool._blockSize">
            <summary>
            The size of a block. 4096 is chosen because most operating systems use 4k pages.
            </summary>
        </member>
        <member name="F:System.Buffers.SlabMemoryPool._blockCount">
            <summary>
            Allocating 32 contiguous blocks per slab makes the slab size 128k. This is larger than the 85k size which will place the memory
            in the large object heap. This means the GC will not try to relocate this array, so the fact it remains pinned does not negatively
            affect memory management's compactification.
             | 百度译文：为每个板分配32个连续块使板大小为128k，这比将内存放入大对象堆中的85k大小大。这意味着GC不会尝试重新定位这个数组，因此它保持固定的事实不会对内存管理的压缩产生负面影响。
            </summary>
        </member>
        <member name="P:System.Buffers.SlabMemoryPool.MaxBufferSize">
            <summary>
            Max allocation block size for pooled blocks,
            larger values can be leased but they will be disposed after use rather than returned to the pool.
             | 百度译文：最大分配块大小对于池中的块，可以租用较大的值，但在使用后将释放这些值，而不是返回池中。
            </summary>
        </member>
        <member name="P:System.Buffers.SlabMemoryPool.BlockSize">
            <summary>
            The size of a block. 4096 is chosen because most operating systems use 4k pages.
            </summary>
        </member>
        <member name="F:System.Buffers.SlabMemoryPool._slabLength">
            <summary>
            4096 * 32 gives you a slabLength of 128k contiguous bytes allocated per slab
             | 百度译文：4096*32为每个板分配128k连续字节的slabLength
            </summary>
        </member>
        <member name="F:System.Buffers.SlabMemoryPool._blocks">
            <summary>
            Thread-safe collection of blocks which are currently in the pool. A slab will pre-allocate all of the block tracking objects
            and add them to this collection. When memory is requested it is taken from here first, and when it is returned it is re-added.
             | 百度译文：当前在池中的块的线程安全集合。板将预分配所有块跟踪对象并将其添加到此集合中。当内存被请求时，它首先从这里取出来，当它被返回时，它被重新添加。
            </summary>
        </member>
        <member name="F:System.Buffers.SlabMemoryPool._slabs">
            <summary>
            Thread-safe collection of slabs which have been allocated by this pool. As long as a slab is in this collection and slab.IsActive,
            the blocks will be added to _blocks when returned.
             | 百度译文：此池已分配的板的线程安全集合。只要此集合中有一块板板。激活，返回时，这些块将添加到u块中。
            </summary>
        </member>
        <member name="F:System.Buffers.SlabMemoryPool._isDisposed">
            <summary>
            This is part of implementing the IDisposable pattern.
             | 百度译文：这是实现IDisposable模式的一部分。
            </summary>
        </member>
        <member name="F:System.Buffers.SlabMemoryPool.AnySize">
            <summary>
            This default value passed in to Rent to use the default value for the pool.
            </summary>
        </member>
        <member name="M:System.Buffers.SlabMemoryPool.Lease">
            <summary>
            Called to take a block from the pool.
             | 百度译文：打电话到游泳池的一个街区。
            </summary>
            <returns>The block that is reserved for the called. It must be passed to Return when it is no longer being used.</returns>
        </member>
        <member name="M:System.Buffers.SlabMemoryPool.AllocateSlab">
            <summary>
            Internal method called when a block is requested and the pool is empty. It allocates one additional slab, creates all of the
            block tracking objects, and adds them all to the pool.
             | 百度译文：当请求块且池为空时调用内部方法。它分配一个额外的板，创建所有块跟踪对象，并将它们全部添加到池中。
            </summary>
        </member>
        <member name="M:System.Buffers.SlabMemoryPool.Return(System.Buffers.MemoryPoolBlock)">
            <summary>
            Called to return a block to the pool. Once Return has been called the memory no longer belongs to the caller, and
            Very Bad Things will happen if the memory is read of modified subsequently. If a caller fails to call Return and the
            block tracking object is garbage collected, the block tracking object's finalizer will automatically re-create and return
            a new tracking object into the pool. This will only happen if there is a bug in the server, however it is necessary to avoid
            leaving "dead zones" in the slab due to lost block tracking objects.
             | 百度译文：调用以将块返回到池中。调用者一旦被调用者的内存被调出，就不会再发生被调用者所属的内存了。如果调用方无法调用Return，并且块跟踪对象被垃圾回收，则块跟踪对象的终结器将自动重新创建并将新的跟踪对象返回到池中。只有在服务器中存在错误时才会发生这种情况，但是有必要避免由于丢失块跟踪对象而在板中留下"死区"。
            </summary>
            <param name="block">The block to return. It must have been acquired by calling Lease on the same memory pool instance.</param>
        </member>
        <member name="M:System.Buffers.BufferExtensions.PositionOfAny``1(System.Buffers.ReadOnlySequence{``0}@,``0,``0)">
            <summary>
            Returns position of first occurrence of item in the <see cref="T:System.Buffers.ReadOnlySequence`1"/>
             | 百度译文：返回第一次出现在<see cref="T:System.Buffers.ReadOnlySequence`1"/>
            </summary>
        </member>
        <member name="T:System.Buffers.BufferWriter`1">
            <summary>
            A fast access struct that wraps <see cref="T:System.Buffers.IBufferWriter`1"/>.
             | 百度译文：包装<see cref="T:System.Buffers.IBufferWriter`1"/>。
            </summary>
            <typeparam name="T">The type of element to be written.</typeparam>
        </member>
        <member name="F:System.Buffers.BufferWriter`1._output">
            <summary>
            The underlying <see cref="T:System.Buffers.IBufferWriter`1"/>.
             | 百度译文：潜在的<see cref="T:System.Buffers.IBufferWriter`1"/>。
            </summary>
        </member>
        <member name="F:System.Buffers.BufferWriter`1._span">
            <summary>
            The result of the last call to <see cref="M:System.Buffers.IBufferWriter`1.GetSpan(System.Int32)"/>, less any bytes already "consumed" with <see cref="M:System.Buffers.BufferWriter`1.Advance(System.Int32)"/>.
            Backing field for the <see cref="P:System.Buffers.BufferWriter`1.Span"/> property.
            </summary>
        </member>
        <member name="F:System.Buffers.BufferWriter`1._buffered">
            <summary>
            The number of uncommitted bytes (all the calls to <see cref="M:System.Buffers.BufferWriter`1.Advance(System.Int32)"/> since the last call to <see cref="M:System.Buffers.BufferWriter`1.Commit"/>).
             | 百度译文：未提交字节数（所有调用<see cref="M:System.Buffers.BufferWriter`1.预付款(系统Int32)"/>自上次调用<see cref="M:System.Buffers.BufferWriter`1.提交"/>）。
            </summary>
        </member>
        <member name="F:System.Buffers.BufferWriter`1._bytesCommitted">
            <summary>
            The total number of bytes written with this writer.
            Backing field for the <see cref="P:System.Buffers.BufferWriter`1.BytesCommitted"/> property.
            </summary>
        </member>
        <member name="M:System.Buffers.BufferWriter`1.#ctor(`0)">
            <summary>
            Initializes a new instance of the <see cref="T:System.Buffers.BufferWriter`1"/> struct.
             | 百度译文：初始化的新实例<see cref="T:System.Buffers.BufferWriter`1"/>结构。
            </summary>
            <param name="output">The <see cref="T:System.Buffers.IBufferWriter`1"/> to be wrapped.</param>
        </member>
        <member name="P:System.Buffers.BufferWriter`1.Span">
            <summary>
            Gets the result of the last call to <see cref="M:System.Buffers.IBufferWriter`1.GetSpan(System.Int32)"/>.
            </summary>
        </member>
        <member name="P:System.Buffers.BufferWriter`1.BytesCommitted">
            <summary>
            Gets the total number of bytes written with this writer.
            </summary>
        </member>
        <member name="M:System.Buffers.BufferWriter`1.Commit">
            <summary>
            Calls <see cref="M:System.Buffers.IBufferWriter`1.Advance(System.Int32)"/> on the underlying writer
            with the number of uncommitted bytes.
             | 百度译文：调用<see cref="M:System.Buffers.IBufferWriter`1.预付款(系统Int32)"/>对未提交字节数的底层写入程序执行。
            </summary>
        </member>
        <member name="M:System.Buffers.BufferWriter`1.Advance(System.Int32)">
            <summary>
            Used to indicate that part of the buffer has been written to.
             | 百度译文：用于指示缓冲区的一部分已写入。
            </summary>
            <param name="count">The number of bytes written to.</param>
        </member>
        <member name="M:System.Buffers.BufferWriter`1.Write(System.ReadOnlySpan{System.Byte})">
            <summary>
            Copies the caller's buffer into this writer and calls <see cref="M:System.Buffers.BufferWriter`1.Advance(System.Int32)"/> with the length of the source buffer.
             | 百度译文：将调用方的缓冲区复制到此写入程序并调用<see cref="M:System.Buffers.BufferWriter`1.预付款(系统Int32)"/>源缓冲区的长度。
            </summary>
            <param name="source">The buffer to copy in.</param>
        </member>
        <member name="M:System.Buffers.BufferWriter`1.Ensure(System.Int32)">
            <summary>
            Acquires a new buffer if necessary to ensure that some given number of bytes can be written to a single buffer.
            </summary>
            <param name="count">The number of bytes that must be allocated in a single buffer.</param>
        </member>
        <member name="M:System.Buffers.BufferWriter`1.EnsureMore(System.Int32)">
            <summary>
            Gets a fresh span to write to, with an optional minimum size.
             | 百度译文：获取要写入的新跨距，具有可选的最小大小。
            </summary>
            <param name="count">The minimum size for the next requested buffer.</param>
        </member>
        <member name="M:System.Buffers.BufferWriter`1.WriteMultiBuffer(System.ReadOnlySpan{System.Byte})">
            <summary>
            Copies the caller's buffer into this writer, potentially across multiple buffers from the underlying writer.
             | 百度译文：将调用者的缓冲区复制到此写入程序中，可能跨越底层写入程序的多个缓冲区。
            </summary>
            <param name="source">The buffer to copy into this writer.</param>
        </member>
        <member name="T:System.Threading.Tasks.TaskToApm">
            <summary>
            Provides support for efficiently using Tasks to implement the APM (Begin/End) pattern.
             | 百度译文：为有效地使用任务来实现APM（开始/结束）模式提供支持。
            </summary>
        </member>
        <member name="M:System.Threading.Tasks.TaskToApm.Begin(System.Threading.Tasks.Task,System.AsyncCallback,System.Object)">
            <summary>
            Marshals the Task as an IAsyncResult, using the supplied callback and state
            to implement the APM pattern.
            </summary>
            <param name="task">The Task to be marshaled.</param>
            <param name="callback">The callback to be invoked upon completion.</param>
            <param name="state">The state to be stored in the IAsyncResult.</param>
            <returns>An IAsyncResult to represent the task's asynchronous operation.</returns>
        </member>
        <member name="M:System.Threading.Tasks.TaskToApm.End(System.IAsyncResult)">
            <summary>Processes an IAsyncResult returned by Begin. | 百度译文：处理Begin返回的IAsyncResult。
            </summary>
            <param name="asyncResult">The IAsyncResult to unwrap.</param>
        </member>
        <member name="M:System.Threading.Tasks.TaskToApm.End``1(System.IAsyncResult)">
            <summary>Processes an IAsyncResult returned by Begin. | 百度译文：处理Begin返回的IAsyncResult。
            </summary>
            <param name="asyncResult">The IAsyncResult to unwrap.</param>
        </member>
        <member name="T:System.Threading.Tasks.TaskToApm.TaskAsyncResult">
            <summary>Provides a simple IAsyncResult that wraps a Task. | 百度译文：提供包装任务的简单IAsyncResult。
            </summary>
            <remarks>
            We could use the Task as the IAsyncResult if the Task's AsyncState is the same as the object state,
            but that's very rare, in particular in a situation where someone cares about allocation, and always
            using TaskAsyncResult simplifies things and enables additional optimizations.
            </remarks>
        </member>
        <member name="F:System.Threading.Tasks.TaskToApm.TaskAsyncResult._task">
            <summary>The wrapped Task. | 百度译文：包装好的任务。
            </summary>
        </member>
        <member name="F:System.Threading.Tasks.TaskToApm.TaskAsyncResult._callback">
            <summary>Callback to invoke when the wrapped task completes.</summary>
        </member>
        <member name="M:System.Threading.Tasks.TaskToApm.TaskAsyncResult.#ctor(System.Threading.Tasks.Task,System.Object,System.AsyncCallback)">
            <summary>Initializes the IAsyncResult with the Task to wrap and the associated object state. | 百度译文：使用要包装的任务和关联的对象状态初始化IAsyncResult。
            </summary>
            <param name="task">The Task to wrap.</param>
            <param name="state">The new AsyncState value.</param>
            <param name="callback">Callback to invoke when the wrapped task completes.</param>
        </member>
        <member name="M:System.Threading.Tasks.TaskToApm.TaskAsyncResult.InvokeCallback">
            <summary>Invokes the callback. | 百度译文：调用回调。
            </summary>
        </member>
        <member name="P:System.Threading.Tasks.TaskToApm.TaskAsyncResult.AsyncState">
            <summary>Gets a user-defined object that qualifies or contains information about an asynchronous operation.</summary>
        </member>
        <member name="P:System.Threading.Tasks.TaskToApm.TaskAsyncResult.CompletedSynchronously">
            <summary>Gets a value that indicates whether the asynchronous operation completed synchronously. | 百度译文：获取一个值，该值指示异步操作是否同步完成。
            </summary>
            <remarks>This is set lazily based on whether the <see cref="F:System.Threading.Tasks.TaskToApm.TaskAsyncResult._task"/> has completed by the time this object is created.</remarks>
        </member>
        <member name="P:System.Threading.Tasks.TaskToApm.TaskAsyncResult.IsCompleted">
            <summary>Gets a value that indicates whether the asynchronous operation has completed.</summary>
        </member>
        <member name="P:System.Threading.Tasks.TaskToApm.TaskAsyncResult.AsyncWaitHandle">
            <summary>Gets a <see cref="T:System.Threading.WaitHandle"/> that is used to wait for an asynchronous operation to complete. | 百度译文：得到一个<see cref="T:System.Threading.WaitHandle"/>用来等待一个异步操作完成。
            </summary>
        </member>
    </members>
</doc>