<?xml version="1.0"?>
<doc>
    <assembly>
        <name>Microsoft.Extensions.Logging.Debug</name>
    </assembly>
    <members>
        <member name="T:Microsoft.Extensions.Logging.Debug.DebugLogger">
            <summary>
            A logger that writes messages in the debug output window only when a debugger is attached.
             | 百度译文：只在附加了调试器时才在"调试输出"窗口中写入消息的记录器。
            </summary>
        </member>
        <member name="M:Microsoft.Extensions.Logging.Debug.DebugLogger.#ctor(System.String)">
            <summary>
            Initializes a new instance of the <see cref="T:Microsoft.Extensions.Logging.Debug.DebugLogger"/> class.
             | 百度译文：初始化的新实例<see cref="T:Microsoft.Extensions.Logging.Debug.DebugLogger"/>班级。
            </summary>
            <param name="name">The name of the logger.</param>
        </member>
        <member name="M:Microsoft.Extensions.Logging.Debug.DebugLogger.BeginScope``1(``0)">
            <inheritdoc />
        </member>
        <member name="M:Microsoft.Extensions.Logging.Debug.DebugLogger.IsEnabled(Microsoft.Extensions.Logging.LogLevel)">
            <inheritdoc />
        </member>
        <member name="M:Microsoft.Extensions.Logging.Debug.DebugLogger.Log``1(Microsoft.Extensions.Logging.LogLevel,Microsoft.Extensions.Logging.EventId,``0,System.Exception,System.Func{``0,System.Exception,System.String})">
            <inheritdoc />
        </member>
        <member name="T:Microsoft.Extensions.Logging.Debug.DebugLoggerProvider">
            <summary>
            The provider for the <see cref="T:Microsoft.Extensions.Logging.Debug.DebugLogger"/>.
             | 百度译文：的提供商<see cref="T:Microsoft.Extensions.Logging.Debug.DebugLogger"/>.
            </summary>
        </member>
        <member name="M:Microsoft.Extensions.Logging.Debug.DebugLoggerProvider.CreateLogger(System.String)">
            <inheritdoc />
        </member>
        <member name="T:Microsoft.Extensions.Logging.DebugLoggerFactoryExtensions">
            <summary>
            Extension methods for the <see cref="T:Microsoft.Extensions.Logging.ILoggerFactory"/> class.
             | 百度译文：扩展方法<see cref="T:Microsoft.Extensions.Logging.ILoggerFactory"/>类。
            </summary>
        </member>
        <member name="M:Microsoft.Extensions.Logging.DebugLoggerFactoryExtensions.AddDebug(Microsoft.Extensions.Logging.ILoggingBuilder)">
            <summary>
            Adds a debug logger named 'Debug' to the factory.
             | 百度译文：将名为"debug"的调试记录器添加到工厂。
            </summary>
            <param name="builder">The extension method argument.</param>
        </member>
        <member name="T:Microsoft.Extensions.Logging.NullExternalScopeProvider">
            <summary>
            Scope provider that does nothing.
             | 百度译文：不执行任何操作的作用域提供程序。
            </summary>
        </member>
        <member name="P:Microsoft.Extensions.Logging.NullExternalScopeProvider.Instance">
            <summary>
            Returns a cached instance of <see cref="T:Microsoft.Extensions.Logging.NullExternalScopeProvider"/>.
             | 百度译文：返回<see cref="T:Microsoft.Extensions.Logging.NullExternalScopeProvider"/>。
            </summary>
        </member>
        <member name="M:Microsoft.Extensions.Logging.NullExternalScopeProvider.Microsoft#Extensions#Logging#IExternalScopeProvider#ForEachScope``1(System.Action{System.Object,``0},``0)">
            <inheritdoc />
        </member>
        <member name="M:Microsoft.Extensions.Logging.NullExternalScopeProvider.Microsoft#Extensions#Logging#IExternalScopeProvider#Push(System.Object)">
            <inheritdoc />
        </member>
        <member name="T:Microsoft.Extensions.Logging.NullScope">
            <summary>
            An empty scope without any logic
             | 百度译文：没有任何逻辑的空范围
            </summary>
        </member>
        <member name="M:Microsoft.Extensions.Logging.NullScope.Dispose">
            <inheritdoc />
        </member>
    </members>
</doc>