<?xml version="1.0"?>
<doc>
    <assembly>
        <name>Microsoft.AspNetCore.Components.Authorization</name>
    </assembly>
    <members>
        <member name="T:Microsoft.AspNetCore.Components.Authorization.AuthenticationState">
            <summary>
            Provides information about the currently authenticated user, if any.
             | 百度译文：提供有关当前已验证用户的信息（如果有）。
            </summary>
        </member>
        <member name="M:Microsoft.AspNetCore.Components.Authorization.AuthenticationState.#ctor(System.Security.Claims.ClaimsPrincipal)">
            <summary>
            Constructs an instance of <see cref="T:Microsoft.AspNetCore.Components.Authorization.AuthenticationState"/>.
             | 百度译文：构造<see cref="T:Microsoft.AspNetCore.Components.Authorization.AuthenticationState"/>.
            </summary>
            <param name="user">A <see cref="T:System.Security.Claims.ClaimsPrincipal"/> representing the user.</param>
        </member>
        <member name="P:Microsoft.AspNetCore.Components.Authorization.AuthenticationState.User">
            <summary>
            Gets a <see cref="T:System.Security.Claims.ClaimsPrincipal"/> that describes the current user.
             | 百度译文：得到一个<see cref="T:系统安全索赔.ClaimsPrincipal"/>，用于描述当前用户。
            </summary>
        </member>
        <member name="T:Microsoft.AspNetCore.Components.Authorization.AuthenticationStateProvider">
            <summary>
            Provides information about the authentication state of the current user.
             | 百度译文：提供有关当前用户的身份验证状态的信息。
            </summary>
        </member>
        <member name="M:Microsoft.AspNetCore.Components.Authorization.AuthenticationStateProvider.GetAuthenticationStateAsync">
            <summary>
            Asynchronously gets an <see cref="T:Microsoft.AspNetCore.Components.Authorization.AuthenticationState"/> that describes the current user.
             | 百度译文：异步获取<see cref="T:Microsoft.AspNetCore.Components.Authorization.AuthenticationState"/>描述当前用户。
            </summary>
            <returns>A task that, when resolved, gives an <see cref="T:Microsoft.AspNetCore.Components.Authorization.AuthenticationState"/> instance that describes the current user.</returns>
        </member>
        <member name="E:Microsoft.AspNetCore.Components.Authorization.AuthenticationStateProvider.AuthenticationStateChanged">
            <summary>
            An event that provides notification when the <see cref="T:Microsoft.AspNetCore.Components.Authorization.AuthenticationState"/>
            has changed. For example, this event may be raised if a user logs in or out.
             | 百度译文：当<see cref="T:Microsoft.AspNetCore.Components.Authorization.AuthenticationState"/>已经改变。例如，如果用户登录或注销，则可能引发此事件。
            </summary>
        </member>
        <member name="M:Microsoft.AspNetCore.Components.Authorization.AuthenticationStateProvider.NotifyAuthenticationStateChanged(System.Threading.Tasks.Task{Microsoft.AspNetCore.Components.Authorization.AuthenticationState})">
            <summary>
            Raises the <see cref="E:Microsoft.AspNetCore.Components.Authorization.AuthenticationStateProvider.AuthenticationStateChanged"/> event.
             | 百度译文：引发<see cref="E:Microsoft.AspNetCore.Components.Authorization.AuthenticationStateProvider.AuthenticationStateChanged"/>事件。
            </summary>
            <param name="task">A <see cref="T:System.Threading.Tasks.Task"/> that supplies the updated <see cref="T:Microsoft.AspNetCore.Components.Authorization.AuthenticationState"/>.</param>
        </member>
        <member name="T:Microsoft.AspNetCore.Components.Authorization.AuthenticationStateChangedHandler">
            <summary>
            A handler for the <see cref="E:Microsoft.AspNetCore.Components.Authorization.AuthenticationStateProvider.AuthenticationStateChanged"/> event.
             | 百度译文：的处理程序<see cref="E:Microsoft.AspNetCore.Components.Authorization.AuthenticationStateProvider.AuthenticationStateChanged"/>事件。
            </summary>
            <param name="task">A <see cref="T:System.Threading.Tasks.Task"/> that supplies the updated <see cref="T:Microsoft.AspNetCore.Components.Authorization.AuthenticationState"/>.</param>
        </member>
        <member name="T:Microsoft.AspNetCore.Components.Authorization.AuthorizeRouteView">
             <summary>
             Combines the behaviors of <see cref="T:Microsoft.AspNetCore.Components.Authorization.AuthorizeView"/> and <see cref="T:Microsoft.AspNetCore.Components.RouteView"/>,
             so that it displays the page matching the specified route but only if the user
             is authorized to see it.
            
             Additionally, this component supplies a cascading parameter of type <see cref="T:System.Threading.Tasks.Task`1"/>,
             which makes the user's current authentication state available to descendants.
              | 百度译文：结合<see cref="T:Microsoft.AspNetCore.Components.授权.AuthorizeView"/>和<see cref="T:Microsoft.AspNetCore.Components.RouteView"/>，以便显示与指定路由匹配的页面，但仅当用户有权查看该页面时。此外，该组件还提供了一个类型为<see cref="T:系统线程化任务.Task`1"/>，它使子体可以使用用户的当前身份验证状态。
            </summary>
        </member>
        <member name="M:Microsoft.AspNetCore.Components.Authorization.AuthorizeRouteView.#ctor">
            <summary>
            Initialize a new instance of a <see cref="T:Microsoft.AspNetCore.Components.Authorization.AuthorizeRouteView"/>.
             | 百度译文：初始化的新实例<see cref="T:Microsoft.AspNetCore.Components.Authorization.AuthorizeRouteView"/>.
            </summary>
        </member>
        <member name="P:Microsoft.AspNetCore.Components.Authorization.AuthorizeRouteView.NotAuthorized">
            <summary>
            The content that will be displayed if the user is not authorized.
             | 百度译文：未授权用户时将显示的内容。
            </summary>
        </member>
        <member name="P:Microsoft.AspNetCore.Components.Authorization.AuthorizeRouteView.Authorizing">
            <summary>
            The content that will be displayed while asynchronous authorization is in progress.
             | 百度译文：在进行异步授权时将显示的内容。
            </summary>
        </member>
        <member name="P:Microsoft.AspNetCore.Components.Authorization.AuthorizeRouteView.Resource">
            <summary>
            The resource to which access is being controlled.
             | 百度译文：正在控制访问的资源。
            </summary>
        </member>
        <member name="M:Microsoft.AspNetCore.Components.Authorization.AuthorizeRouteView.Render(Microsoft.AspNetCore.Components.Rendering.RenderTreeBuilder)">
            <inheritdoc />
        </member>
        <member name="T:Microsoft.AspNetCore.Components.Authorization.AuthorizeView">
            <summary>
            Displays differing content depending on the user's authorization status.
             | 百度译文：根据用户的授权状态显示不同的内容。
            </summary>
        </member>
        <member name="M:Microsoft.AspNetCore.Components.Authorization.AuthorizeView.#ctor">
            <summary>
            Constructs an instance of <see cref="T:Microsoft.AspNetCore.Components.Authorization.AuthorizeView"/>.
             | 百度译文：构造<see cref="T:Microsoft.AspNetCore.Components.授权.AuthorizeView"/>.
            </summary>
        </member>
        <member name="P:Microsoft.AspNetCore.Components.Authorization.AuthorizeView.Policy">
            <summary>
            The policy name that determines whether the content can be displayed.
             | 百度译文：确定是否可以显示内容的策略名称。
            </summary>
        </member>
        <member name="P:Microsoft.AspNetCore.Components.Authorization.AuthorizeView.Roles">
            <summary>
            A comma delimited list of roles that are allowed to display the content.
             | 百度译文：允许显示内容的角色的逗号分隔列表。
            </summary>
        </member>
        <member name="M:Microsoft.AspNetCore.Components.Authorization.AuthorizeView.GetAuthorizeData">
            <summary>
            Gets the data used for authorization.
             | 百度译文：获取用于授权的数据。
            </summary>
        </member>
        <member name="T:Microsoft.AspNetCore.Components.Authorization.AuthorizeViewCore">
            <summary>
            A base class for components that display differing content depending on the user's authorization status.
             | 百度译文：组件的基类，这些组件根据用户的授权状态显示不同的内容。
            </summary>
        </member>
        <member name="P:Microsoft.AspNetCore.Components.Authorization.AuthorizeViewCore.ChildContent">
            <summary>
            The content that will be displayed if the user is authorized.
             | 百度译文：如果用户被授权，将显示的内容。
            </summary>
        </member>
        <member name="P:Microsoft.AspNetCore.Components.Authorization.AuthorizeViewCore.NotAuthorized">
            <summary>
            The content that will be displayed if the user is not authorized.
             | 百度译文：未授权用户时将显示的内容。
            </summary>
        </member>
        <member name="P:Microsoft.AspNetCore.Components.Authorization.AuthorizeViewCore.Authorized">
            <summary>
            The content that will be displayed if the user is authorized.
             | 百度译文：如果用户被授权，将显示的内容。
            If you specify a value for this parameter, do not also specify a value for <see cref="P:Microsoft.AspNetCore.Components.Authorization.AuthorizeViewCore.ChildContent"/>.
            </summary>
        </member>
        <member name="P:Microsoft.AspNetCore.Components.Authorization.AuthorizeViewCore.Authorizing">
            <summary>
            The content that will be displayed while asynchronous authorization is in progress.
             | 百度译文：在进行异步授权时将显示的内容。
            </summary>
        </member>
        <member name="P:Microsoft.AspNetCore.Components.Authorization.AuthorizeViewCore.Resource">
            <summary>
            The resource to which access is being controlled.
             | 百度译文：正在控制访问的资源。
            </summary>
        </member>
        <member name="M:Microsoft.AspNetCore.Components.Authorization.AuthorizeViewCore.BuildRenderTree(Microsoft.AspNetCore.Components.Rendering.RenderTreeBuilder)">
            <inheritdoc />
        </member>
        <member name="M:Microsoft.AspNetCore.Components.Authorization.AuthorizeViewCore.OnParametersSetAsync">
            <inheritdoc />
        </member>
        <member name="M:Microsoft.AspNetCore.Components.Authorization.AuthorizeViewCore.GetAuthorizeData">
            <summary>
            Gets the data required to apply authorization rules.
             | 百度译文：获取应用授权规则所需的数据。
            </summary>
        </member>
        <member name="T:Microsoft.AspNetCore.Components.Authorization.IHostEnvironmentAuthenticationStateProvider">
            <summary>
            An interface implemented by <see cref="T:Microsoft.AspNetCore.Components.Authorization.AuthenticationStateProvider"/> classes that can receive authentication
            state information from the host environment.
             | 百度译文：由<see cref="T:Microsoft.AspNetCore.Components.Authorization.AuthenticationStateProvider"/>可以从主机环境接收身份验证状态信息的类。
            </summary>
        </member>
        <member name="M:Microsoft.AspNetCore.Components.Authorization.IHostEnvironmentAuthenticationStateProvider.SetAuthenticationState(System.Threading.Tasks.Task{Microsoft.AspNetCore.Components.Authorization.AuthenticationState})">
            <summary>
            Supplies updated authentication state data to the <see cref="T:Microsoft.AspNetCore.Components.Authorization.AuthenticationStateProvider"/>.
             | 百度译文：向<see cref="T:Microsoft.AspNetCore.Components.Authorization.AuthenticationStateProvider"/>.
            </summary>
            <param name="authenticationStateTask">A task that resolves with the updated <see cref="T:Microsoft.AspNetCore.Components.Authorization.AuthenticationState"/>.</param>
        </member>
        <member name="P:Microsoft.AspNetCore.Components.Authorization.CascadingAuthenticationState.ChildContent">
            <summary>
            The content to which the authentication state should be provided.
             | 百度译文：应向其提供身份验证状态的内容。
            </summary>
        </member>
    </members>
</doc>